{
"type": "FeatureCollection",
"name": "Dachflaechen_gefiltert",
"crs": { "type": "name", "properties": { "name": "urn:ogc:def:crs:EPSG::25832" } },
"features": [
{ "type": "Feature", "properties": { "gebaeude_id": "DEHHALKAJ0000xRo", "dachneig": 0.0, "dachfl_2d": 175.244, "dachfl_3d": 175.244, "area_m2": 49.9 }, "geometry": { "type": "Polygon", "coordinates": [ [ [ 566018.26900000218302, 5928904.624999998137355 ], [ 566001.220999999903142, 5928911.691999999806285 ], [ 566001.236999999731779, 5928911.986999999731779 ], [ 566000.099999999976717, 5928912.455856272950768 ], [ 566000.099999999976717, 5928914.922053257934749 ], [ 566018.414000000804663, 5928907.302999999374151 ], [ 566018.26900000218302, 5928904.624999998137355 ] ] ] } },
{ "type": "Feature", "properties": { "gebaeude_id": "DEHHALKAJ0000xRo", "dachneig": 0.0, "dachfl_2d": 266.661, "dachfl_3d": 266.661, "area_m2": 266.7 }, "geometry": { "type": "Polygon", "coordinates": [ [ [ 566043.745000001043081, 5928905.955000003799796 ], [ 566043.745000001043081, 5928905.966000001877546 ], [ 566044.366000001318753, 5928905.912000000476837 ], [ 566044.35700000077486, 5928905.746000001206994 ], [ 566043.882000001147389, 5928897.659000001847744 ], [ 566042.91200000140816, 5928897.720000000670552 ], [ 566042.63399999961257, 5928893.276999998837709 ], [ 566038.970999999903142, 5928893.506000002846122 ], [ 566038.948000000789762, 5928893.143000001087785 ], [ 566017.998000000603497, 5928894.373999999836087 ], [ 566018.56800000090152, 5928902.594000000506639 ], [ 566018.151000001467764, 5928902.622999997809529 ], [ 566018.26900000218302, 5928904.624999998137355 ], [ 566018.414000000804663, 5928907.302999999374151 ], [ 566018.42200000025332, 5928907.445000000298023 ], [ 566036.37400000076741, 5928906.391000002622604 ], [ 566036.367000000551343, 5928906.28800000064075 ], [ 566043.733, 5928905.782999999821186 ], [ 566043.745000001043081, 5928905.955000003799796 ] ], [ [ 566021.589999999850988, 5928897.989 ], [ 566025.208000001497567, 5928897.762000001966953 ], [ 566025.561999999918044, 5928903.396000003442168 ], [ 566021.945000001229346, 5928903.624000001698732 ], [ 566021.589999999850988, 5928897.989 ] ], [ [ 566029.366000001318753, 5928903.190000005066395 ], [ 566029.030000001192093, 5928897.508000001311302 ], [ 566032.738000001758337, 5928897.289000002667308 ], [ 566033.074000001884997, 5928902.970000000670552 ], [ 566029.366000001318753, 5928903.190000005066395 ] ], [ [ 566040.231000000610948, 5928896.803000003099442 ], [ 566040.54600000102073, 5928902.479000000283122 ], [ 566036.814000001177192, 5928902.686000000685453 ], [ 566036.49800000153482, 5928897.011000003665686 ], [ 566040.231000000610948, 5928896.803000003099442 ] ] ] } },
{ "type": "Feature", "properties": { "gebaeude_id": "DEHHALKAJ0000xRo", "dachneig": 20.026, "dachfl_2d": 114.58, "dachfl_3d": 121.914, "area_m2": 101.7 }, "geometry": { "type": "Polygon", "coordinates": [ [ [ 566018.56800000090152, 5928902.594000000506639 ], [ 566018.179000000469387, 5928896.983000000938773 ], [ 566000.099999999976717, 5928898.227424128912389 ], [ 566000.099999999976717, 5928900.855538258329034 ], [ 566000.52000000141561, 5928900.827000001445413 ], [ 566000.750000000931323, 5928903.848000004887581 ], [ 566018.56800000090152, 5928902.594000000506639 ] ] ] } },
{ "type": "Feature", "properties": { "gebaeude_id": "DEHHALKAJ0000xRo", "dachneig": 19.735, "dachfl_2d": 131.952, "dachfl_3d": 140.203, "area_m2": 102.2 }, "geometry": { "type": "Polygon", "coordinates": [ [ [ 566017.998000000603497, 5928894.373999999836087 ], [ 566017.733000000938773, 5928891.298000004142523 ], [ 566000.099999999976717, 5928892.502391748130322 ], [ 566000.099999999976717, 5928898.227424128912389 ], [ 566018.179000000469387, 5928896.983000000938773 ], [ 566017.998000000603497, 5928894.373999999836087 ] ] ] } },
{ "type": "Feature", "properties": { "gebaeude_id": "DEHHALKAJ0000xIJ", "dachneig": 1.309, "dachfl_2d": 181.102, "dachfl_3d": 181.151, "area_m2": 75.9 }, "geometry": { "type": "Polygon", "coordinates": [ [ [ 566000.099999999976717, 5928658.78338245023042 ], [ 566000.099999999976717, 5928679.013347841799259 ], [ 566003.863000001758337, 5928679.007000001147389 ], [ 566003.82799999974668, 5928658.639000000432134 ], [ 566003.605000001378357, 5928658.639000000432134 ], [ 566003.606000000610948, 5928658.700999999418855 ], [ 566003.43400000128895, 5928658.705 ], [ 566000.099999999976717, 5928658.78338245023042 ] ] ] } },
{ "type": "Feature", "properties": { "gebaeude_id": "DEHHALKA2KD000M1", "dachneig": 0.0, "dachfl_2d": 533.068, "dachfl_3d": 533.192, "area_m2": 170.0 }, "geometry": { "type": "Polygon", "coordinates": [ [ [ 566001.567000000737607, 5928744.494000000879169 ], [ 566007.881000000052154, 5928709.223999997600913 ], [ 566001.870000001043081, 5928708.146000003442168 ], [ 566002.024000000208616, 5928707.285000000149012 ], [ 566000.099999999976717, 5928706.940354457125068 ], [ 566000.099999999976717, 5928744.230936189182103 ], [ 566001.567000000737607, 5928744.494000000879169 ] ] ] } },
{ "type": "Feature", "properties": { "gebaeude_id": "DEHHALKAJ0000wVE", "dachneig": 1.701, "dachfl_2d": 496.433, "dachfl_3d": 496.667, "area_m2": 275.4 }, "geometry": { "type": "Polygon", "coordinates": [ [ [ 566015.365999999456108, 5928836.599000001326203 ], [ 566014.419000000692904, 5928818.032000001519918 ], [ 566000.099999999976717, 5928818.762769425287843 ], [ 566000.099999999976717, 5928837.378099520690739 ], [ 566015.365999999456108, 5928836.599000001326203 ] ] ] } },
{ "type": "Feature", "properties": { "gebaeude_id": "DEHHALKAJ0000wVE", "dachneig": 8.931, "dachfl_2d": 192.436, "dachfl_3d": 194.489, "area_m2": 98.6 }, "geometry": { "type": "Polygon", "coordinates": [ [ [ 566000.099999999976717, 5928837.378099520690739 ], [ 566000.099999999976717, 5928843.899277612566948 ], [ 566015.699000001884997, 5928842.966 ], [ 566015.365999999456108, 5928836.599000001326203 ], [ 566000.099999999976717, 5928837.378099520690739 ] ], [ [ 566006.346000000834465, 5928838.805000001564622 ], [ 566005.339999999850988, 5928838.829 ], [ 566005.316000000573695, 5928837.843000002205372 ], [ 566006.322999999858439, 5928837.819000001996756 ], [ 566006.346000000834465, 5928838.805000001564622 ] ] ] } },
{ "type": "Feature", "properties": { "gebaeude_id": "DEHHALKAJ0000wcG", "dachneig": 1.727, "dachfl_2d": 187.55, "dachfl_3d": 187.635, "area_m2": 187.5 }, "geometry": { "type": "Polygon", "coordinates": [ [ [ 566685.442999999970198, 5928680.410000000149012 ], [ 566616.225000000558794, 5928668.629000004380941 ], [ 566615.442999999970198, 5928673.915000000968575 ], [ 566685.442999999970198, 5928680.410000000149012 ] ] ] } },
{ "type": "Feature", "properties": { "gebaeude_id": "DEHHALKAJ0000wvp", "dachneig": 27.103, "dachfl_2d": 25.674, "dachfl_3d": 28.869, "area_m2": 25.7 }, "geometry": { "type": "Polygon", "coordinates": [ [ [ 566399.261000000871718, 5928390.360000001266599 ], [ 566396.836000001989305, 5928386.556000001728535 ], [ 566395.242999998852611, 5928384.096999999135733 ], [ 566393.854000000283122, 5928381.858000000938773 ], [ 566390.735000000335276, 5928381.223000003024936 ], [ 566397.298000001348555, 5928391.588000001385808 ], [ 566397.30900000128895, 5928391.606000000610948 ], [ 566399.263000000268221, 5928390.362999999895692 ], [ 566399.261000000871718, 5928390.360000001266599 ] ] ] } },
{ "type": "Feature", "properties": { "gebaeude_id": "DEHHALKAJ0000wvp", "dachneig": 27.454, "dachfl_2d": 25.538, "dachfl_3d": 28.74, "area_m2": 25.5 }, "geometry": { "type": "Polygon", "coordinates": [ [ [ 566390.072999998927116, 5928375.950000001117587 ], [ 566388.496000000275671, 5928373.451999999582767 ], [ 566386.098000001162291, 5928369.568 ], [ 566386.060999999754131, 5928369.50900000333786 ], [ 566385.717000000178814, 5928369.728000000119209 ], [ 566384.105999999679625, 5928370.754000002518296 ], [ 566384.175000000745058, 5928370.862999999895692 ], [ 566390.735000000335276, 5928381.223000003024936 ], [ 566391.395000000484288, 5928378.025000004097819 ], [ 566390.072999998927116, 5928375.950000001117587 ] ] ] } },
{ "type": "Feature", "properties": { "gebaeude_id": "DEHHALKAJ0000wvp", "dachneig": 10.6, "dachfl_2d": 179.072, "dachfl_3d": 182.35, "area_m2": 179.1 }, "geometry": { "type": "Polygon", "coordinates": [ [ [ 566394.896999999880791, 5928393.140000002458692 ], [ 566394.681000000797212, 5928392.809000002220273 ], [ 566394.712000001221895, 5928392.789000000804663 ], [ 566394.792000001296401, 5928392.737000001594424 ], [ 566394.867999999783933, 5928392.686999998986721 ], [ 566396.004000000655651, 5928391.946000000461936 ], [ 566396.230000001378357, 5928392.292999999597669 ], [ 566397.199000000022352, 5928391.676000000908971 ], [ 566397.30900000128895, 5928391.606000000610948 ], [ 566397.298000001348555, 5928391.588000001385808 ], [ 566390.735000000335276, 5928381.223000003024936 ], [ 566384.175000000745058, 5928370.862999999895692 ], [ 566384.105999999679625, 5928370.754000002518296 ], [ 566383.05599999986589, 5928371.436999998986721 ], [ 566383.302000000141561, 5928371.828000001609325 ], [ 566382.091000000014901, 5928372.592000002041459 ], [ 566381.933000001125038, 5928372.691999999806285 ], [ 566381.909000000916421, 5928372.707000002264977 ], [ 566381.674000000581145, 5928372.336000001057982 ], [ 566381.317999999970198, 5928372.568 ], [ 566386.55800000205636, 5928377.38399999961257 ], [ 566386.547000002115965, 5928377.366999998688698 ], [ 566386.746000002138317, 5928377.240000000223517 ], [ 566386.96100000012666, 5928377.102 ], [ 566387.58600000012666, 5928378.079 ], [ 566387.849000000394881, 5928378.490000000223517 ], [ 566387.797000001184642, 5928378.523000001907349 ], [ 566387.435000001452863, 5928378.754000004380941 ], [ 566386.561000000685453, 5928377.388000002130866 ], [ 566381.314999999478459, 5928372.570000002160668 ], [ 566378.132000000216067, 5928374.640000004321337 ], [ 566378.004000000655651, 5928374.723999999463558 ], [ 566377.852000000886619, 5928374.493999999016523 ], [ 566377.832999999634922, 5928374.484000002965331 ], [ 566377.474000000394881, 5928374.688000002875924 ], [ 566390.91200000140816, 5928395.780999999493361 ], [ 566391.217999999411404, 5928395.572000004351139 ], [ 566391.190999999642372, 5928395.497999999672174 ], [ 566391.215000001713634, 5928395.482999999076128 ], [ 566394.896999999880791, 5928393.140000002458692 ] ], [ [ 566394.730000001378357, 5928389.167000001296401 ], [ 566394.262000001966953, 5928389.482999999076128 ], [ 566393.700000001117587, 5928388.650000002235174 ], [ 566394.168000000528991, 5928388.333999998867512 ], [ 566394.730000001378357, 5928389.167000001296401 ] ], [ [ 566390.963000001385808, 5928389.16499999910593 ], [ 566391.002000000327826, 5928389.141000002622604 ], [ 566391.80900000128895, 5928388.633999997749925 ], [ 566392.115000000223517, 5928389.120999999344349 ], [ 566391.268000001087785, 5928389.652000000700355 ], [ 566391.005000000819564, 5928389.230999998748302 ], [ 566390.963000001385808, 5928389.16499999910593 ] ], [ [ 566385.31800000090152, 5928375.434000002220273 ], [ 566384.787000000476837, 5928374.582000002264977 ], [ 566385.273000000044703, 5928374.27900000102818 ], [ 566385.804000001400709, 5928375.131000004708767 ], [ 566385.31800000090152, 5928375.434000002220273 ] ], [ [ 566385.539000000804663, 5928377.860999999567866 ], [ 566385.105000000447035, 5928377.187000000849366 ], [ 566385.735999999567866, 5928376.781000001356006 ], [ 566386.169999999925494, 5928377.456000000238419 ], [ 566385.539000000804663, 5928377.860999999567866 ] ], [ [ 566391.923000000417233, 5928388.114 ], [ 566391.525000002235174, 5928387.435000002384186 ], [ 566392.189999999478459, 5928387.046000001952052 ], [ 566392.588000000454485, 5928387.723999999463558 ], [ 566392.410000001080334, 5928387.829000001773238 ], [ 566391.923000000417233, 5928388.114 ] ], [ [ 566383.900000001303852, 5928377.653000002726912 ], [ 566383.840000001713634, 5928377.69400000013411 ], [ 566383.782000000588596, 5928377.734000004827976 ], [ 566383.630000000819564, 5928377.512000003829598 ], [ 566383.434000002220273, 5928377.224999999627471 ], [ 566383.599999999627471, 5928377.112000001594424 ], [ 566384.260999999940395, 5928376.660000000149012 ], [ 566384.608, 5928377.168999999761581 ], [ 566383.900000001303852, 5928377.653000002726912 ] ], [ [ 566388.463000000454485, 5928382.689000001177192 ], [ 566389.217000000178814, 5928382.220000000670552 ], [ 566389.665000000037253, 5928382.938999999314547 ], [ 566388.911000001244247, 5928383.409000001847744 ], [ 566388.463000000454485, 5928382.689000001177192 ] ], [ [ 566391.472000000067055, 5928385.140000000596046 ], [ 566391.962000001221895, 5928384.832000000402331 ], [ 566392.136000000871718, 5928385.107999999076128 ], [ 566392.885999999940395, 5928386.300999999046326 ], [ 566392.624999999068677, 5928386.464999999850988 ], [ 566392.397000000812113, 5928386.609000001102686 ], [ 566391.472000000067055, 5928385.140000000596046 ] ], [ [ 566387.559000002220273, 5928385.6739999987185 ], [ 566387.235000000335276, 5928385.13400000333786 ], [ 566388.970000000670552, 5928384.091000001877546 ], [ 566389.294000000692904, 5928384.631000002846122 ], [ 566387.559000002220273, 5928385.6739999987185 ] ], [ [ 566385.667999999597669, 5928382.832999998703599 ], [ 566385.320000001229346, 5928382.298000004142523 ], [ 566387.13300000037998, 5928381.118000002577901 ], [ 566387.48100000154227, 5928381.653000004589558 ], [ 566385.667999999597669, 5928382.832999998703599 ] ] ] } },
{ "type": "Feature", "properties": { "gebaeude_id": "DEHHALKAJ0000wcG", "dachneig": 1.701, "dachfl_2d": 2449.036, "dachfl_3d": 2451.756, "area_m2": 2449.0 }, "geometry": { "type": "Polygon", "coordinates": [ [ [ 566626.964999999850988, 5928638.214999999850988 ], [ 566626.994000000879169, 5928638.024000003933907 ], [ 566621.274000001139939, 5928637.179000003263354 ], [ 566618.667000001296401, 5928653.870999999344349 ], [ 566618.572000000625849, 5928654.479000002145767 ], [ 566616.81900000013411, 5928664.620999999344349 ], [ 566616.81800000090152, 5928664.629000002518296 ], [ 566616.226000001654029, 5928668.625 ], [ 566685.442999999970198, 5928680.410000000149012 ], [ 566687.767000001855195, 5928665.657000001519918 ], [ 566691.021000000648201, 5928644.993000004440546 ], [ 566627.455000000074506, 5928635.043000001460314 ], [ 566627.419999999925494, 5928635.218000004068017 ], [ 566627.547000001184642, 5928635.236999999731779 ], [ 566627.122000000439584, 5928638.037999998778105 ], [ 566627.115000000223517, 5928638.079000001773238 ], [ 566627.092000001110137, 5928638.234000001102686 ], [ 566626.964999999850988, 5928638.214999999850988 ] ], [ [ 566649.33699999935925, 5928668.068 ], [ 566649.274000001139939, 5928668.515000000596046 ], [ 566648.072000000625849, 5928668.363000003620982 ], [ 566648.137000001966953, 5928667.900000004097819 ], [ 566649.33699999935925, 5928668.068 ] ], [ [ 566636.381000000052154, 5928666.031999999657273 ], [ 566637.566000000573695, 5928666.234000002965331 ], [ 566637.432000000961125, 5928667.018000001087785 ], [ 566636.238000000827014, 5928666.867000000551343 ], [ 566636.381000000052154, 5928666.031999999657273 ] ], [ [ 566627.396000000648201, 5928658.328000003471971 ], [ 566626.283999999985099, 5928658.140000000596046 ], [ 566626.478000001981854, 5928656.993000002577901 ], [ 566627.589999999850988, 5928657.18099999986589 ], [ 566627.396000000648201, 5928658.328000003471971 ] ], [ [ 566640.564999999478459, 5928646.901999998837709 ], [ 566639.363000000827014, 5928646.723000001162291 ], [ 566639.537000000476837, 5928645.556000001728535 ], [ 566640.739000000990927, 5928645.734999999403954 ], [ 566640.564999999478459, 5928646.901999998837709 ] ], [ [ 566652.57700000051409, 5928647.617999998852611 ], [ 566652.37400000076741, 5928648.790000000968575 ], [ 566651.166000002063811, 5928648.581000000238419 ], [ 566651.369000000879169, 5928647.409000001847744 ], [ 566652.57700000051409, 5928647.617999998852611 ] ], [ [ 566645.582999999634922, 5928661.297000002115965 ], [ 566644.364000000059605, 5928661.088000001385808 ], [ 566644.566000001505017, 5928659.905999999493361 ], [ 566645.785000000149012, 5928660.115000000223517 ], [ 566645.582999999634922, 5928661.297000002115965 ] ], [ [ 566628.459999999962747, 5928643.800000004470348 ], [ 566629.735000002197921, 5928643.984999999403954 ], [ 566629.570000000298023, 5928645.127000000327826 ], [ 566628.294999999925494, 5928644.943000001832843 ], [ 566628.459999999962747, 5928643.800000004470348 ] ], [ [ 566668.150000002235174, 5928652.481000002473593 ], [ 566669.748000000603497, 5928652.773000001907349 ], [ 566669.525999999605119, 5928653.985999999567866 ], [ 566667.928999999538064, 5928653.69400000013411 ], [ 566668.150000002235174, 5928652.481000002473593 ] ], [ [ 566676.658999999985099, 5928652.449000000953674 ], [ 566676.394000000320375, 5928654.027000000700355 ], [ 566673.887999999336898, 5928653.605000004172325 ], [ 566674.152999999932945, 5928652.028000004589558 ], [ 566676.658999999985099, 5928652.449000000953674 ] ] ] } },
{ "type": "Feature", "properties": { "gebaeude_id": "DEHHALKAJ0000wcG", "dachneig": 3.805, "dachfl_2d": 1952.163, "dachfl_3d": 1956.991, "area_m2": 1952.2 }, "geometry": { "type": "Polygon", "coordinates": [ [ [ 566652.628000001423061, 5928698.725000003352761 ], [ 566652.591000001877546, 5928698.962000001221895 ], [ 566652.58699999935925, 5928698.984000001102686 ], [ 566650.991000001318753, 5928709.091000001877546 ], [ 566650.987999999895692, 5928709.109000002965331 ], [ 566650.972000000067055, 5928709.214000001549721 ], [ 566650.929999999701977, 5928709.475000001490116 ], [ 566651.003000002354383, 5928710.084000000730157 ], [ 566651.106999999843538, 5928709.425000000745058 ], [ 566651.149000000208616, 5928709.162000002339482 ], [ 566651.156000000424683, 5928709.117000002413988 ], [ 566651.742000000551343, 5928709.210000002756715 ], [ 566651.720000000670552, 5928709.352000001817942 ], [ 566651.589000000618398, 5928710.177000001072884 ], [ 566657.309000000357628, 5928711.083999998867512 ], [ 566663.452000001445413, 5928712.035000003874302 ], [ 566663.474999999627471, 5928712.03999999910593 ], [ 566665.003000001423061, 5928712.341 ], [ 566664.972000000998378, 5928712.501000000163913 ], [ 566685.703999999910593, 5928715.734000002965331 ], [ 566689.604000000283122, 5928691.075000001117587 ], [ 566683.885999999940395, 5928690.160000002011657 ], [ 566683.904000000096858, 5928690.043999999761581 ], [ 566683.910000000149012, 5928690.010000001639128 ], [ 566683.931000000797212, 5928690.013000000268221 ], [ 566685.442999999970198, 5928680.410000000149012 ], [ 566615.442999999970198, 5928673.915000000968575 ], [ 566615.441000000573695, 5928673.929000001400709 ], [ 566614.685000000521541, 5928678.892999997362494 ], [ 566614.678000000305474, 5928678.938000002875924 ], [ 566613.431000000797212, 5928686.782999999821186 ], [ 566613.429999999701977, 5928686.791000004857779 ], [ 566613.428999999538064, 5928686.794000003486872 ], [ 566612.519000001251698, 5928692.519000001251698 ], [ 566612.618000001646578, 5928692.534000001847744 ], [ 566652.511000000871718, 5928698.758000001311302 ], [ 566652.519000000320375, 5928698.708000004291534 ], [ 566652.628000001423061, 5928698.725000003352761 ] ], [ [ 566655.772000000812113, 5928707.716000001877546 ], [ 566654.775000000372529, 5928707.56900000013411 ], [ 566654.922000001184642, 5928706.563999999314547 ], [ 566655.920000000856817, 5928706.710999999195337 ], [ 566655.772000000812113, 5928707.716000001877546 ] ], [ [ 566622.611000001430511, 5928689.347000000998378 ], [ 566622.439000001177192, 5928690.514000002294779 ], [ 566621.229000000283122, 5928690.336000001057982 ], [ 566621.400999999605119, 5928689.170000001788139 ], [ 566622.611000001430511, 5928689.347000000998378 ] ], [ [ 566645.144000000320375, 5928687.383000003173947 ], [ 566646.375000000931323, 5928687.574000000953674 ], [ 566646.196000000461936, 5928688.724000001326203 ], [ 566644.964999999850988, 5928688.532999999821186 ], [ 566645.144000000320375, 5928687.383000003173947 ] ], [ [ 566640.654000000096858, 5928693.379000004380941 ], [ 566639.41300000064075, 5928693.191000001505017 ], [ 566639.593000001274049, 5928691.999999998137355 ], [ 566639.617999999783933, 5928692.004000002518296 ], [ 566640.834000000730157, 5928692.187000000849366 ], [ 566640.654000000096858, 5928693.379000004380941 ] ], [ [ 566634.456000001169741, 5928686.890999998897314 ], [ 566633.178999999538064, 5928686.724999999627471 ], [ 566633.333000000566244, 5928685.53999999910593 ], [ 566634.610000000335276, 5928685.706000002101064 ], [ 566634.456000001169741, 5928686.890999998897314 ] ] ] } },
{ "type": "Feature", "properties": { "gebaeude_id": "DEHHALKAJ0000wcG", "dachneig": 0.0, "dachfl_2d": 82.547, "dachfl_3d": 82.547, "area_m2": 82.5 }, "geometry": { "type": "Polygon", "coordinates": [ [ [ 566662.793000000528991, 5928716.28800000064075 ], [ 566685.190999999642372, 5928719.756000000983477 ], [ 566685.802000001072884, 5928715.892000002786517 ], [ 566685.948000000789762, 5928715.91499999910593 ], [ 566685.970000000670552, 5928715.775000000372529 ], [ 566685.703999999910593, 5928715.734000002965331 ], [ 566685.638000000268221, 5928716.16100000217557 ], [ 566664.912000000476837, 5928712.924000000581145 ], [ 566664.889000002294779, 5928712.92 ], [ 566663.361000000499189, 5928712.620000001043081 ], [ 566662.793000000528991, 5928716.28800000064075 ] ] ] } },
{ "type": "Feature", "properties": { "gebaeude_id": "DEHHALKAJ0000wcG", "dachneig": 0.0, "dachfl_2d": 26.813, "dachfl_3d": 26.813, "area_m2": 26.8 }, "geometry": { "type": "Polygon", "coordinates": [ [ [ 566662.793000000528991, 5928716.28800000064075 ], [ 566663.452000001445413, 5928712.035000003874302 ], [ 566657.309000000357628, 5928711.083999998867512 ], [ 566657.21000000089407, 5928711.707000002264977 ], [ 566656.621000001206994, 5928715.333000000566244 ], [ 566662.793000000528991, 5928716.28800000064075 ] ] ] } },
{ "type": "Feature", "properties": { "gebaeude_id": "DEHHALKAJ0000wUG", "dachneig": 0.0, "dachfl_2d": 110.461, "dachfl_3d": 110.461, "area_m2": 110.5 }, "geometry": { "type": "Polygon", "coordinates": [ [ [ 566372.156000000424683, 5928998.021999999880791 ], [ 566371.790000001899898, 5928992.338000003248453 ], [ 566352.174000000581145, 5928993.617000000551343 ], [ 566352.629000000655651, 5928999.170000003650784 ], [ 566372.156000000424683, 5928998.021999999880791 ] ] ] } },
{ "type": "Feature", "properties": { "gebaeude_id": "DEHHALKAJ0000wpC", "dachneig": 5.64, "dachfl_2d": 728.149, "dachfl_3d": 731.29, "area_m2": 728.1 }, "geometry": { "type": "Polygon", "coordinates": [ [ [ 566353.354000001214445, 5928947.667000001296401 ], [ 566352.839000000618398, 5928947.695000002160668 ], [ 566352.832000000402331, 5928947.575000002980232 ], [ 566352.774000002071261, 5928946.506999999284744 ], [ 566353.237999999895692, 5928946.481000000610948 ], [ 566353.073000000789762, 5928944.898000003769994 ], [ 566338.765999998897314, 5928945.813000002875924 ], [ 566341.775000001303852, 5928994.296000003814697 ], [ 566358.129000001586974, 5928993.229000000283122 ], [ 566353.363000000827014, 5928947.667000001296401 ], [ 566353.354000001214445, 5928947.667000001296401 ] ], [ [ 566353.292999999597669, 5928976.985000001266599 ], [ 566353.468000000342727, 5928979.405000003054738 ], [ 566352.321000001393259, 5928979.488000001758337 ], [ 566352.146000001579523, 5928977.068 ], [ 566353.292999999597669, 5928976.985000001266599 ] ], [ [ 566347.463000000454485, 5928986.223000003024936 ], [ 566347.371999999508262, 5928985.043999999761581 ], [ 566349.780000001192093, 5928984.859000001102686 ], [ 566349.870999999344349, 5928986.037000002339482 ], [ 566347.463000000454485, 5928986.223000003024936 ] ], [ [ 566346.514999999664724, 5928971.441000001505017 ], [ 566347.464000000618398, 5928971.387000001966953 ], [ 566347.720000000670552, 5928971.372000003233552 ], [ 566347.855999999679625, 5928973.771999999880791 ], [ 566346.856999999843538, 5928973.829 ], [ 566346.651000001467764, 5928973.841000003740191 ], [ 566346.514999999664724, 5928971.441000001505017 ] ], [ [ 566347.143000000156462, 5928961.784 ], [ 566345.950000000186265, 5928961.864 ], [ 566345.786000000312924, 5928959.423000004142523 ], [ 566346.979000000283122, 5928959.343000002205372 ], [ 566347.143000000156462, 5928961.784 ] ], [ [ 566351.845000000670552, 5928952.941999999806285 ], [ 566351.881000001914799, 5928953.597000000998378 ], [ 566351.980000001378357, 5928955.405000003054738 ], [ 566351.425000000745058, 5928955.435000000521541 ], [ 566350.787999999709427, 5928955.470000000670552 ], [ 566350.652000000700355, 5928953.008000005036592 ], [ 566351.845000000670552, 5928952.941999999806285 ] ], [ [ 566351.35700000077486, 5928965.056000001728535 ], [ 566352.591000000014901, 5928964.978000000119209 ], [ 566352.742999999783933, 5928967.359999999403954 ], [ 566351.509000000543892, 5928967.438999999314547 ], [ 566351.35700000077486, 5928965.056000001728535 ] ] ] } },
{ "type": "Feature", "properties": { "gebaeude_id": "DEHHALKAJ0000wpC", "dachneig": 4.876, "dachfl_2d": 860.226, "dachfl_3d": 863.75, "area_m2": 860.2 }, "geometry": { "type": "Polygon", "coordinates": [ [ [ 566362.860000002197921, 5928944.271999999880791 ], [ 566353.073000000789762, 5928944.898000003769994 ], [ 566353.237999999895692, 5928946.481000000610948 ], [ 566353.900999999605119, 5928946.445000004023314 ], [ 566353.955000001005828, 5928947.429999997839332 ], [ 566353.966000000946224, 5928947.63399999961257 ], [ 566353.370000001043081, 5928947.666000001132488 ], [ 566353.363000000827014, 5928947.667000001296401 ], [ 566358.129000001586974, 5928993.229000000283122 ], [ 566371.790000001899898, 5928992.338000003248453 ], [ 566372.099000001326203, 5928992.318 ], [ 566375.241000001318753, 5928992.113000003620982 ], [ 566372.083000000566244, 5928943.682000001892447 ], [ 566371.093000000342727, 5928943.745999999344349 ], [ 566362.860000002197921, 5928944.271999999880791 ] ], [ [ 566365.32700000051409, 5928964.166000001132488 ], [ 566366.462999999523163, 5928964.088000001385808 ], [ 566366.630000000819564, 5928966.522000001743436 ], [ 566365.495000001043081, 5928966.599999999627471 ], [ 566365.32700000051409, 5928964.166000001132488 ] ], [ [ 566365.694000001065433, 5928952.122999999672174 ], [ 566365.837999999523163, 5928954.59600000269711 ], [ 566364.686000000685453, 5928954.662999998778105 ], [ 566364.542000000365078, 5928952.19000000320375 ], [ 566365.694000001065433, 5928952.122999999672174 ] ], [ [ 566362.112999999895692, 5928982.417000001296401 ], [ 566362.252000001259148, 5928984.857000002637506 ], [ 566361.045000000856817, 5928984.925000000745058 ], [ 566360.906000001356006, 5928982.484999999403954 ], [ 566362.112999999895692, 5928982.417000001296401 ] ], [ [ 566366.048000001348555, 5928976.122000003233552 ], [ 566367.267000000923872, 5928976.062000000849366 ], [ 566367.386999999172986, 5928978.48900000192225 ], [ 566366.168000000528991, 5928978.550000000745058 ], [ 566366.048000001348555, 5928976.122000003233552 ] ], [ [ 566360.605999999679625, 5928958.476000001654029 ], [ 566360.731999998912215, 5928960.977000001817942 ], [ 566359.532000001519918, 5928961.03800000064075 ], [ 566359.40500000026077, 5928958.537000000476837 ], [ 566360.605999999679625, 5928958.476000001654029 ] ], [ [ 566361.354000000283122, 5928970.446000002324581 ], [ 566361.479000002145767, 5928972.895999999716878 ], [ 566360.241000001318753, 5928972.959000000730157 ], [ 566360.117000000551343, 5928970.50900000333786 ], [ 566361.354000000283122, 5928970.446000002324581 ] ] ] } },
{ "type": "Feature", "properties": { "gebaeude_id": "DEHHALKAJ0000wJX", "dachneig": 0.0, "dachfl_2d": 663.194, "dachfl_3d": 663.194, "area_m2": 663.2 }, "geometry": { "type": "Polygon", "coordinates": [ [ [ 566519.849000001326203, 5928235.552999999374151 ], [ 566510.745000000111759, 5928240.852 ], [ 566521.409000000916421, 5928259.103000001981854 ], [ 566523.872000000439584, 5928257.663000002503395 ], [ 566524.836000001057982, 5928259.28600000217557 ], [ 566526.854000000283122, 5928258.107000004500151 ], [ 566528.73100000154227, 5928261.319000003859401 ], [ 566560.20299999974668, 5928242.931000001728535 ], [ 566557.661000001244247, 5928238.581000000238419 ], [ 566559.21100000012666, 5928237.676000000908971 ], [ 566554.271000000648201, 5928229.222000000998378 ], [ 566552.469000001437962, 5928230.275000002235174 ], [ 566552.378999999724329, 5928230.120000001043081 ], [ 566548.079000001773238, 5928222.762000000104308 ], [ 566547.500000000931323, 5928221.802000002935529 ], [ 566543.466000001877546, 5928224.171 ], [ 566543.423000000417233, 5928224.197000004351139 ], [ 566543.417000001296401, 5928224.200000002980232 ], [ 566548.275000000372529, 5928232.515000000596046 ], [ 566546.496000000275671, 5928233.555000003427267 ], [ 566549.890000000596046, 5928239.364 ], [ 566545.425000000745058, 5928241.973000003024936 ], [ 566543.400000002235174, 5928238.507000001147389 ], [ 566535.650000000372529, 5928243.035000000149012 ], [ 566537.601000000722706, 5928246.375 ], [ 566529.081000000238419, 5928251.353000001981854 ], [ 566519.849000001326203, 5928235.552999999374151 ] ] ] } },
{ "type": "Feature", "properties": { "gebaeude_id": "DEHHALKAJ0000wJX", "dachneig": 0.0, "dachfl_2d": 116.767, "dachfl_3d": 116.767, "area_m2": 116.8 }, "geometry": { "type": "Polygon", "coordinates": [ [ [ 566515.716000000014901, 5928267.072999998927116 ], [ 566515.770000000484288, 5928267.168000001460314 ], [ 566515.774000000208616, 5928267.342000003904104 ], [ 566515.821999999694526, 5928269.783000001683831 ], [ 566515.824000001884997, 5928269.902000000700355 ], [ 566529.400000000372529, 5928269.832000000402331 ], [ 566529.913000001572073, 5928268.968000004068017 ], [ 566530.013000002130866, 5928268.791000002995133 ], [ 566523.758000001311302, 5928258.259000001475215 ], [ 566513.976999999023974, 5928264.068 ], [ 566513.98100000154227, 5928264.075000001117587 ], [ 566515.716000000014901, 5928267.072999998927116 ] ] ] } },
{ "type": "Feature", "properties": { "gebaeude_id": "DEHHALKAJ0000wJX", "dachneig": 0.0, "dachfl_2d": 398.29, "dachfl_3d": 398.29, "area_m2": 398.3 }, "geometry": { "type": "Polygon", "coordinates": [ [ [ 566520.805000000633299, 5928259.455 ], [ 566510.142, 5928241.203000001609325 ], [ 566502.622000000439584, 5928245.579000003635883 ], [ 566498.806000000797212, 5928248.15400000102818 ], [ 566498.776999999769032, 5928268.256999999284744 ], [ 566512.39299999922514, 5928268.234999999403954 ], [ 566512.423000001348555, 5928265.570000004023314 ], [ 566511.975999999791384, 5928265.565999999642372 ], [ 566511.983000000938773, 5928264.764000002294779 ], [ 566512.167000001296401, 5928264.649000002071261 ], [ 566513.155000001192093, 5928264.03600000217557 ], [ 566513.162000002339482, 5928264.031999997794628 ], [ 566513.16399999987334, 5928264.031000001356006 ], [ 566520.809000000357628, 5928259.461000001057982 ], [ 566520.805000000633299, 5928259.455 ] ], [ [ 566503.561000000685453, 5928255.167999999597669 ], [ 566504.697000001557171, 5928254.506000004708767 ], [ 566505.34499999973923, 5928255.617000002413988 ], [ 566504.208999998867512, 5928256.27900000102818 ], [ 566503.561000000685453, 5928255.167999999597669 ] ], [ [ 566511.71100000012666, 5928251.91100000217557 ], [ 566511.144000001251698, 5928252.25199999846518 ], [ 566510.435000001452863, 5928251.06900000013411 ], [ 566511.564000001177192, 5928250.392000004649162 ], [ 566512.274000000208616, 5928251.574000000953674 ], [ 566511.71100000012666, 5928251.91100000217557 ] ], [ [ 566514.736000000499189, 5928255.485999999567866 ], [ 566515.483999999240041, 5928256.823000000789762 ], [ 566514.132000000216067, 5928257.579000001773238 ], [ 566513.384999999776483, 5928256.241000002250075 ], [ 566514.736000000499189, 5928255.485999999567866 ] ], [ [ 566507.233000000938773, 5928261.69000000320375 ], [ 566506.418000001460314, 5928260.300000000745058 ], [ 566507.808000001125038, 5928259.484999999403954 ], [ 566508.62300000153482, 5928260.875000001862645 ], [ 566507.233000000938773, 5928261.69000000320375 ] ] ] } },
{ "type": "Feature", "properties": { "gebaeude_id": "DEHHALKAJ0000wJX", "dachneig": 12.505, "dachfl_2d": 12.126, "dachfl_3d": 12.417, "area_m2": 12.1 }, "geometry": { "type": "Polygon", "coordinates": [ [ [ 566512.366000001318753, 5928269.494999999180436 ], [ 566512.376000000163913, 5928269.801000000908971 ], [ 566512.633000001311302, 5928269.800000000745058 ], [ 566512.80599999986589, 5928269.800000000745058 ], [ 566515.227000000886619, 5928269.795 ], [ 566515.233000000938773, 5928269.795 ], [ 566515.231999999843538, 5928267.353000001981854 ], [ 566513.446999999694526, 5928264.506000004708767 ], [ 566513.437000000849366, 5928264.512000001966953 ], [ 566512.436999998986721, 5928265.083999998867512 ], [ 566512.423000001348555, 5928265.570000004023314 ], [ 566512.385000000707805, 5928268.995000002905726 ], [ 566512.366000001318753, 5928269.494999999180436 ] ] ] } },
{ "type": "Feature", "properties": { "gebaeude_id": "DEHHALKAJ0000wJX", "dachneig": 0.0, "dachfl_2d": 1943.497, "dachfl_3d": 1943.497, "area_m2": 1943.5 }, "geometry": { "type": "Polygon", "coordinates": [ [ [ 566586.140000000596046, 5928185.894000003114343 ], [ 566582.053000001236796, 5928178.881999999284744 ], [ 566537.53899999987334, 5928204.833000002428889 ], [ 566536.481999999843538, 5928203.021000003442168 ], [ 566531.850000000558794, 5928205.721999999135733 ], [ 566531.332000001333654, 5928204.833000002428889 ], [ 566487.490999999456108, 5928230.392000002786517 ], [ 566491.551000000908971, 5928237.306000001728535 ], [ 566494.144999999552965, 5928235.782999999821186 ], [ 566496.13399999961257, 5928239.17200000397861 ], [ 566491.966999999247491, 5928241.618000000715256 ], [ 566493.828000000678003, 5928244.787999998778105 ], [ 566494.843999999575317, 5928244.191000003367662 ], [ 566498.486000000499189, 5928242.052999999374151 ], [ 566500.519999999552965, 5928240.858000000938773 ], [ 566502.759000000543892, 5928244.67 ], [ 566541.937000001780689, 5928221.667000001296401 ], [ 566543.120000000111759, 5928223.68099999986589 ], [ 566547.695000002160668, 5928220.994000000879169 ], [ 566548.231999999843538, 5928221.907999999821186 ], [ 566586.916000001132488, 5928199.195000004023314 ], [ 566584.767, 5928195.504999998956919 ], [ 566591.476999999955297, 5928191.594000002369285 ], [ 566589.517, 5928188.232000004500151 ], [ 566585.36500000115484, 5928190.652000002563 ], [ 566583.491000001318753, 5928187.438000001013279 ], [ 566586.140000000596046, 5928185.894000003114343 ] ], [ [ 566545.940000001341105, 5928213.717000000178814 ], [ 566546.03000000026077, 5928213.828000001609325 ], [ 566546.104000001214445, 5928214.066000001505017 ], [ 566546.058000000193715, 5928214.311999998986721 ], [ 566545.98200000077486, 5928214.433000000193715 ], [ 566545.871000000275671, 5928214.532000003382564 ], [ 566545.736000000499189, 5928214.594999998807907 ], [ 566545.595000000670552, 5928214.616999998688698 ], [ 566545.350999999791384, 5928214.562000002712011 ], [ 566545.160999999381602, 5928214.399000002071261 ], [ 566545.09499999973923, 5928214.271999999880791 ], [ 566545.065000001341105, 5928214.127000000327826 ], [ 566545.078000000678003, 5928213.978000001981854 ], [ 566545.129000000655651, 5928213.845000000670552 ], [ 566545.299000000581145, 5928213.66100000217557 ], [ 566545.535000000149012, 5928213.577999997884035 ], [ 566545.677000001072884, 5928213.584000000730157 ], [ 566545.81800000090152, 5928213.631000002846122 ], [ 566545.940000001341105, 5928213.717000000178814 ] ], [ [ 566525.65500000026077, 5928222.798999996855855 ], [ 566526.572000000625849, 5928222.287999998778105 ], [ 566527.081000002101064, 5928223.2010000012815 ], [ 566526.596000000834465, 5928223.471999999135733 ], [ 566526.163999998942018, 5928223.712000001221895 ], [ 566525.65500000026077, 5928222.798999996855855 ] ], [ [ 566510.651000000536442, 5928232.784 ], [ 566510.142, 5928231.870000001043081 ], [ 566510.574000000953674, 5928231.630000000819564 ], [ 566511.059000000357628, 5928231.359000002965331 ], [ 566511.56800000090152, 5928232.273000001907349 ], [ 566510.651000000536442, 5928232.784 ] ], [ [ 566517.929000001400709, 5928227.305000001564622 ], [ 566518.360999999567866, 5928227.06500000320375 ], [ 566518.846000000834465, 5928226.794000001624227 ], [ 566519.35500000230968, 5928227.708000002428889 ], [ 566518.438000000081956, 5928228.219000000506639 ], [ 566517.929000001400709, 5928227.305000001564622 ] ], [ [ 566548.313000001013279, 5928213.247000003233552 ], [ 566548.798000000417233, 5928212.976000001654029 ], [ 566549.308000000193715, 5928213.890000000596046 ], [ 566548.821999999694526, 5928214.160000002011657 ], [ 566548.390000000596046, 5928214.401000000536442 ], [ 566548.143000001087785, 5928213.956000002101064 ], [ 566547.881000000052154, 5928213.486999999731779 ], [ 566548.313000001013279, 5928213.247000003233552 ] ], [ [ 566502.856000000610948, 5928236.155000004917383 ], [ 566503.341000000014901, 5928235.883999997749925 ], [ 566503.851000001654029, 5928236.798000002279878 ], [ 566503.36500000115484, 5928237.068000001832843 ], [ 566502.933000000193715, 5928237.309000000357628 ], [ 566502.686000000685453, 5928236.86400000192225 ], [ 566502.423999999649823, 5928236.39500000141561 ], [ 566502.856000000610948, 5928236.155000004917383 ] ], [ [ 566557.077999998815358, 5928209.377000000327826 ], [ 566556.161000001244247, 5928209.888000002130866 ], [ 566555.652000000700355, 5928208.973999999463558 ], [ 566556.569000001065433, 5928208.463000001385808 ], [ 566557.077999998815358, 5928209.377000000327826 ] ], [ [ 566572.619000001810491, 5928200.315000001341105 ], [ 566571.701999999582767, 5928200.826000003144145 ], [ 566571.19300000090152, 5928199.912000000476837 ], [ 566572.110000000335276, 5928199.401000002399087 ], [ 566572.619000001810491, 5928200.315000001341105 ] ], [ [ 566533.763000000268221, 5928218.733000000938773 ], [ 566533.501000001095235, 5928218.264000000432134 ], [ 566534.418000001460314, 5928217.752999998629093 ], [ 566534.928000001236796, 5928218.667000001296401 ], [ 566534.442000000737607, 5928218.937000002712011 ], [ 566534.009999999776483, 5928219.177999999374151 ], [ 566533.763000000268221, 5928218.733000000938773 ] ], [ [ 566579.868999999947846, 5928194.806999998167157 ], [ 566580.378999999724329, 5928195.720000002533197 ], [ 566579.461000001057982, 5928196.23200000077486 ], [ 566579.214000001549721, 5928195.787000002339482 ], [ 566578.95200000051409, 5928195.318000001832843 ], [ 566579.868999999947846, 5928194.806999998167157 ] ], [ [ 566564.859000001102686, 5928204.843000000342727 ], [ 566563.942000000737607, 5928205.354000002145767 ], [ 566563.432000000961125, 5928204.44000000320375 ], [ 566564.349999999627471, 5928203.929000001400709 ], [ 566564.859000001102686, 5928204.843000000342727 ] ], [ [ 566519.614000000059605, 5928230.19200000166893 ], [ 566519.292999999597669, 5928230.177000001072884 ], [ 566519.016000000759959, 5928230.014000000432134 ], [ 566518.904000001959503, 5928229.869000002741814 ], [ 566518.832999999634922, 5928229.691000001505017 ], [ 566518.815999999642372, 5928229.501000000163913 ], [ 566518.850999999791384, 5928229.321000002324581 ], [ 566519.024000000208616, 5928229.050000000745058 ], [ 566519.303000001236796, 5928228.892000000923872 ], [ 566519.485000001266599, 5928228.866999998688698 ], [ 566519.674000000581145, 5928228.894999999552965 ], [ 566519.848000000230968, 5928228.975000001490116 ], [ 566519.986999999731779, 5928229.095000000670552 ], [ 566520.134000001475215, 5928229.379999998956919 ], [ 566520.132000001147389, 5928229.701999997720122 ], [ 566520.061999999918044, 5928229.872000001370907 ], [ 566519.944000001065433, 5928230.020999999716878 ], [ 566519.787999999709427, 5928230.131999999284744 ], [ 566519.614000000059605, 5928230.19200000166893 ] ], [ [ 566537.909000000916421, 5928211.612999999895692 ], [ 566537.540000000968575, 5928210.956000002101064 ], [ 566538.839000001549721, 5928210.228999998420477 ], [ 566539.587000000290573, 5928211.565000001341105 ], [ 566538.28800000064075, 5928212.291999999433756 ], [ 566537.909000000916421, 5928211.612999999895692 ] ], [ [ 566540.20299999974668, 5928215.556000001728535 ], [ 566539.427000001072884, 5928214.276999998837709 ], [ 566540.777999999932945, 5928213.458000002428889 ], [ 566541.554000000469387, 5928214.736999999731779 ], [ 566540.20299999974668, 5928215.556000001728535 ] ], [ [ 566542.132000000216067, 5928218.775000004097819 ], [ 566541.336000001057982, 5928217.390000002458692 ], [ 566542.7010000012815, 5928216.606000000610948 ], [ 566543.496999999508262, 5928217.991000002250075 ], [ 566542.132000000216067, 5928218.775000004097819 ] ], [ [ 566586.315999999642372, 5928191.452000001445413 ], [ 566587.726000000722706, 5928190.651000000536442 ], [ 566588.496000001206994, 5928192.006000004708767 ], [ 566587.086000001057982, 5928192.807 ], [ 566586.315999999642372, 5928191.452000001445413 ] ], [ [ 566496.984000001102686, 5928241.605999998748302 ], [ 566495.571000000461936, 5928242.396000001579523 ], [ 566494.794000000692904, 5928241.008000001311302 ], [ 566496.207000002264977, 5928240.217000002041459 ], [ 566496.984000001102686, 5928241.605999998748302 ] ], [ [ 566504.005000000819564, 5928228.768000001087785 ], [ 566506.224000001326203, 5928227.501000002026558 ], [ 566506.877000000327826, 5928228.644000001251698 ], [ 566504.657999999821186, 5928229.912000000476837 ], [ 566504.355000001378357, 5928229.379999998956919 ], [ 566504.005000000819564, 5928228.768000001087785 ] ], [ [ 566508.803000000305474, 5928225.995000002905726 ], [ 566509.456000001169741, 5928227.138000002130866 ], [ 566507.237000000663102, 5928228.406000001356006 ], [ 566506.934000000357628, 5928227.873999999836087 ], [ 566506.584000001661479, 5928227.262000001966953 ], [ 566508.803000000305474, 5928225.995000002905726 ] ], [ [ 566499.177000000141561, 5928232.387000001966953 ], [ 566498.826999999582767, 5928231.775000004097819 ], [ 566501.046000000089407, 5928230.507999999448657 ], [ 566501.699000000953674, 5928231.651000002399087 ], [ 566499.480000000447035, 5928232.919000003486872 ], [ 566499.177000000141561, 5928232.387000001966953 ] ], [ [ 566521.803000002168119, 5928218.417999999597669 ], [ 566522.456000001169741, 5928219.561000002548099 ], [ 566520.236999999731779, 5928220.829000003635883 ], [ 566519.933999999426305, 5928220.297000002115965 ], [ 566519.584000000730157, 5928219.684999998658895 ], [ 566521.803000002168119, 5928218.417999999597669 ] ], [ [ 566501.423000001348555, 5928230.25899999961257 ], [ 566503.642, 5928228.99100000411272 ], [ 566504.295000001788139, 5928230.135000003501773 ], [ 566502.076000000350177, 5928231.402000002563 ], [ 566501.423000001348555, 5928230.25899999961257 ] ], [ [ 566516.587000000290573, 5928221.45299999974668 ], [ 566516.95200000051409, 5928222.093000004068017 ], [ 566517.24100000038743, 5928222.596999999135733 ], [ 566515.021999998949468, 5928223.86400000192225 ], [ 566514.367999999783933, 5928222.721000004559755 ], [ 566516.587000000290573, 5928221.45299999974668 ] ], [ [ 566513.973000000230968, 5928222.964999999850988 ], [ 566514.626000001095235, 5928224.109000004827976 ], [ 566512.407000000588596, 5928225.376000003889203 ], [ 566511.754000001586974, 5928224.232000002637506 ], [ 566513.973000000230968, 5928222.964999999850988 ] ], [ [ 566527.258000002242625, 5928215.183000000193715 ], [ 566529.477000000886619, 5928213.916000001132488 ], [ 566530.126000000163913, 5928215.052000001072884 ], [ 566530.129999999888241, 5928215.060000000521541 ], [ 566527.911000001244247, 5928216.326999999582767 ], [ 566527.258000002242625, 5928215.183000000193715 ] ], [ [ 566529.91399999987334, 5928213.666000002995133 ], [ 566529.910000000149012, 5928213.657999999821186 ], [ 566532.129000001586974, 5928212.391000000759959 ], [ 566532.782000000588596, 5928213.535000000149012 ], [ 566530.563000001944602, 5928214.802000002935529 ], [ 566529.91399999987334, 5928213.666000002995133 ] ], [ [ 566519.18099999986589, 5928219.945000002160668 ], [ 566519.834999999962747, 5928221.088000001385808 ], [ 566517.616000001318753, 5928222.356000000610948 ], [ 566516.962000002153218, 5928221.212000001221895 ], [ 566519.18099999986589, 5928219.945000002160668 ] ], [ [ 566509.706000001169741, 5928225.419000001624227 ], [ 566511.396000001579523, 5928224.45299999974668 ], [ 566511.762000000104308, 5928225.092000002041459 ], [ 566512.050000001676381, 5928225.596999999135733 ], [ 566509.831000000238419, 5928226.86400000192225 ], [ 566509.177000000141561, 5928225.719999996945262 ], [ 566509.706000001169741, 5928225.419000001624227 ] ], [ [ 566496.798999999649823, 5928232.969000000506639 ], [ 566498.48900000192225, 5928232.003000002354383 ], [ 566498.855000000447035, 5928232.641999999061227 ], [ 566499.143000002019107, 5928233.147000001743436 ], [ 566496.924000000581145, 5928234.414000000804663 ], [ 566496.270000000484288, 5928233.27000000141561 ], [ 566496.798999999649823, 5928232.969000000506639 ] ], [ [ 566524.687000000849366, 5928216.688999999314547 ], [ 566526.905999998562038, 5928215.42200000025332 ], [ 566527.559000000357628, 5928216.565999999642372 ], [ 566525.339999999850988, 5928217.833000002428889 ], [ 566525.036000000312924, 5928217.302000002935529 ], [ 566524.687000000849366, 5928216.688999999314547 ] ], [ [ 566495.903000000864267, 5928233.484000002965331 ], [ 566496.55599999986589, 5928234.628000002354383 ], [ 566494.337000001221895, 5928235.89500000141561 ], [ 566493.683000001125038, 5928234.751000002026558 ], [ 566495.903000000864267, 5928233.484000002965331 ] ], [ [ 566524.356999999843538, 5928216.899000002071261 ], [ 566525.010000000707805, 5928218.043000001460314 ], [ 566522.791000000201166, 5928219.311000000685453 ], [ 566522.137000000104308, 5928218.167000001296401 ], [ 566524.356999999843538, 5928216.899000002071261 ] ], [ [ 566557.928999999538064, 5928202.471000000834465 ], [ 566557.267, 5928201.31500000320375 ], [ 566559.486000001430511, 5928200.043999999761581 ], [ 566560.149000001139939, 5928201.201000003144145 ], [ 566557.928999999538064, 5928202.471000000834465 ] ], [ [ 566565.642, 5928197.98200000077486 ], [ 566564.980000000447035, 5928196.826000003144145 ], [ 566567.199000000953674, 5928195.554999999701977 ], [ 566567.862000001594424, 5928196.71200000308454 ], [ 566565.642, 5928197.98200000077486 ] ], [ [ 566578.166000000201166, 5928190.666000002995133 ], [ 566578.168000000528991, 5928190.669000001624227 ], [ 566577.570999999530613, 5928191.012000000104308 ], [ 566576.428000001236796, 5928191.66499999910593 ], [ 566575.949000000022352, 5928191.940000005066395 ], [ 566575.286000001244247, 5928190.782999999821186 ], [ 566577.506000000983477, 5928189.513000003993511 ], [ 566578.166000000201166, 5928190.666000002995133 ] ], [ [ 566573.078000000678003, 5928193.667999999597669 ], [ 566570.858000000938773, 5928194.938999999314547 ], [ 566570.195999999530613, 5928193.781999999657273 ], [ 566572.416000002063811, 5928192.511 ], [ 566573.078000000678003, 5928193.667999999597669 ] ], [ [ 566554.950000001117587, 5928204.229000000283122 ], [ 566552.730000001378357, 5928205.50000000372529 ], [ 566552.067999999970198, 5928204.343000004068017 ], [ 566554.287999999709427, 5928203.072000000625849 ], [ 566554.950000001117587, 5928204.229000000283122 ] ], [ [ 566552.338000000454485, 5928205.752000002190471 ], [ 566550.118000000715256, 5928207.023000001907349 ], [ 566549.455999999307096, 5928205.866000002250075 ], [ 566551.676000001840293, 5928204.594999998807907 ], [ 566552.338000000454485, 5928205.752000002190471 ] ], [ [ 566562.746000000275671, 5928199.697999998927116 ], [ 566560.526000000536442, 5928200.969000000506639 ], [ 566559.864000000990927, 5928199.812000002712011 ], [ 566562.082999999634922, 5928198.541000002995133 ], [ 566562.746000000275671, 5928199.697999998927116 ] ], [ [ 566557.526999999769032, 5928202.719000000506639 ], [ 566555.307000000029802, 5928203.990000000223517 ], [ 566554.64500000141561, 5928202.833000000566244 ], [ 566556.863999999128282, 5928201.562000002712011 ], [ 566557.526999999769032, 5928202.719000000506639 ] ], [ [ 566573.407000000588596, 5928193.417000001296401 ], [ 566572.745000001043081, 5928192.260000001639128 ], [ 566574.963999999687076, 5928190.989000003784895 ], [ 566575.627000000327826, 5928192.146000003442168 ], [ 566573.407000000588596, 5928193.417000001296401 ] ], [ [ 566580.53000000026077, 5928187.734000001102686 ], [ 566582.75, 5928186.463000001385808 ], [ 566583.41200000140816, 5928187.620000001043081 ], [ 566581.19300000090152, 5928188.890999998897314 ], [ 566580.53000000026077, 5928187.734000001102686 ] ], [ [ 566570.537000000476837, 5928195.180000001564622 ], [ 566568.317000000737607, 5928196.451000003144145 ], [ 566567.654999999329448, 5928195.293999999761581 ], [ 566569.87400000076741, 5928194.023000001907349 ], [ 566570.537000000476837, 5928195.180000001564622 ] ], [ [ 566578.639000000432134, 5928190.396000001579523 ], [ 566577.978000000119209, 5928189.242000002413988 ], [ 566577.976000000722706, 5928189.239000003784895 ], [ 566580.196000000461936, 5928187.968000000342727 ], [ 566580.55599999986589, 5928188.596000000834465 ], [ 566580.858000001870096, 5928189.125 ], [ 566578.639000000432134, 5928190.396000001579523 ] ], [ [ 566544.992000000551343, 5928209.974000001326203 ], [ 566544.329000000841916, 5928208.81700000166893 ], [ 566546.549000000581145, 5928207.546000003814697 ], [ 566546.908999999985099, 5928208.1739999987185 ], [ 566547.211000001989305, 5928208.703000001609325 ], [ 566544.992000000551343, 5928209.974000001326203 ] ], [ [ 566565.000000000931323, 5928197.67200000025332 ], [ 566565.302000000141561, 5928198.201000003144145 ], [ 566563.083000001497567, 5928199.472000002861023 ], [ 566562.420000000856817, 5928198.31500000320375 ], [ 566564.640000000596046, 5928197.043999999761581 ], [ 566565.000000000931323, 5928197.67200000025332 ] ], [ [ 566547.554000000469387, 5928208.497000003233552 ], [ 566546.890999999828637, 5928207.339999999850988 ], [ 566549.110999999567866, 5928206.069000001996756 ], [ 566549.471000001765788, 5928206.697000002488494 ], [ 566549.773000000976026, 5928207.226000001654029 ], [ 566547.554000000469387, 5928208.497000003233552 ] ], [ [ 566535.091000000014901, 5928223.679999999701977 ], [ 566533.267000000923872, 5928220.555000003427267 ], [ 566539.272000000812113, 5928217.052000004798174 ], [ 566541.084000001661479, 5928220.157000003382564 ], [ 566541.095000001601875, 5928220.177000001072884 ], [ 566535.091000000014901, 5928223.679999999701977 ] ] ] } },
{ "type": "Feature", "properties": { "gebaeude_id": "DEHHALKA10007htD", "dachneig": 0.0, "dachfl_2d": 60.452, "dachfl_3d": 60.452, "area_m2": 60.5 }, "geometry": { "type": "Polygon", "coordinates": [ [ [ 566652.377000002190471, 5928170.435000000521541 ], [ 566652.429000000469387, 5928169.751000002026558 ], [ 566652.438999999314547, 5928169.61600000038743 ], [ 566652.721000000834465, 5928165.765999998897314 ], [ 566652.729000000283122, 5928165.655999999493361 ], [ 566652.787999999709427, 5928164.797000002115965 ], [ 566652.787000000476837, 5928164.549000000581145 ], [ 566652.950000000186265, 5928162.761000001803041 ], [ 566653.043000000528991, 5928160.993000002577901 ], [ 566653.070000001229346, 5928159.228000000119209 ], [ 566653.029000000096858, 5928157.464999999850988 ], [ 566652.922000001184642, 5928155.713999999687076 ], [ 566652.921000000089407, 5928155.704000001773238 ], [ 566652.746000002138317, 5928153.945000002160668 ], [ 566652.504000000655651, 5928152.189000001177192 ], [ 566652.195000001229346, 5928150.434000000357628 ], [ 566651.817999999970198, 5928148.682000001892447 ], [ 566651.373999999836087, 5928146.932000001892447 ], [ 566650.862000000663102, 5928145.182000001892447 ], [ 566650.494000000879169, 5928144.039000002667308 ], [ 566650.490000002086163, 5928144.027000000700355 ], [ 566650.137000000104308, 5928142.964000001549721 ], [ 566650.11699999962002, 5928142.905000001192093 ], [ 566649.745000001043081, 5928141.819000001996756 ], [ 566649.373000000603497, 5928140.769000003114343 ], [ 566648.967000001110137, 5928139.664000002667308 ], [ 566648.548000001348555, 5928138.568000003695488 ], [ 566648.11699999962002, 5928137.485000003129244 ], [ 566647.667000000365078, 5928136.406000001356006 ], [ 566647.915000000968575, 5928137.281000001356006 ], [ 566648.145999999716878, 5928138.17200000025332 ], [ 566648.355000001378357, 5928139.071000002324581 ], [ 566648.541000001132488, 5928139.974999999627471 ], [ 566648.702000001445413, 5928140.887000001966953 ], [ 566648.835000001825392, 5928141.803999999538064 ], [ 566648.939000002108514, 5928142.726000003516674 ], [ 566649.013000000268221, 5928143.653999999165535 ], [ 566649.053000001236796, 5928144.58500000089407 ], [ 566649.058000001125038, 5928145.519000003114343 ], [ 566649.026000000536442, 5928146.442999998107553 ], [ 566648.979000002145767, 5928147.335999999195337 ], [ 566648.961000001989305, 5928148.209000002592802 ], [ 566648.968000002205372, 5928149.085000002756715 ], [ 566649.000000000931323, 5928149.960999999195337 ], [ 566649.053000001236796, 5928150.838000001385808 ], [ 566649.128000000491738, 5928151.714999999850988 ], [ 566649.222000000067055, 5928152.591 ], [ 566649.334999999962747, 5928153.467000002041459 ], [ 566649.464000000618398, 5928154.341 ], [ 566649.609000000171363, 5928155.21399999782443 ], [ 566649.769999999552965, 5928156.085000002756715 ], [ 566649.944000001065433, 5928156.954000001773238 ], [ 566650.132000002078712, 5928157.821000002324581 ], [ 566650.332000000402331, 5928158.686000002548099 ], [ 566650.545000001788139, 5928159.5489999987185 ], [ 566650.768000001087785, 5928160.409000001847744 ], [ 566651.002000001259148, 5928161.26799999922514 ], [ 566651.246000000275671, 5928162.126000000163913 ], [ 566651.29700000025332, 5928162.299000000581145 ], [ 566651.346000000834465, 5928162.525000000372529 ], [ 566651.532999999821186, 5928163.419000001624227 ], [ 566651.70299999974668, 5928164.31900000013411 ], [ 566651.855999999679625, 5928165.223000003024936 ], [ 566651.99100000038743, 5928166.130000000819564 ], [ 566652.108, 5928167.03999999910593 ], [ 566652.207000002264977, 5928167.953000003471971 ], [ 566652.287000000476837, 5928168.868000002577901 ], [ 566652.348000001162291, 5928169.784 ], [ 566652.377000002190471, 5928170.435000000521541 ] ] ] } },
{ "type": "Feature", "properties": { "gebaeude_id": "DEHHALKA10007htD", "dachneig": 0.0, "dachfl_2d": 557.729, "dachfl_3d": 557.729, "area_m2": 557.7 }, "geometry": { "type": "Polygon", "coordinates": [ [ [ 566616.942999999970198, 5928116.593000002205372 ], [ 566617.074999999254942, 5928116.191999999806285 ], [ 566617.079000001773238, 5928116.177999999374151 ], [ 566617.189999999478459, 5928115.757000001147389 ], [ 566617.275999999605119, 5928115.345000000670552 ], [ 566617.27800000179559, 5928115.333000002428889 ], [ 566617.342000001110137, 5928114.909000001847744 ], [ 566617.375000000931323, 5928114.55600000359118 ], [ 566614.923000002279878, 5928090.407000003382564 ], [ 566614.845999999903142, 5928089.903000002726912 ], [ 566614.734000000171363, 5928089.408000001683831 ], [ 566614.584999999962747, 5928088.916000001132488 ], [ 566614.396000000648201, 5928088.430000001564622 ], [ 566614.17100000102073, 5928087.955000003799796 ], [ 566613.908000000752509, 5928087.495999999344349 ], [ 566613.610000001266599, 5928087.056000001728535 ], [ 566613.28000000026077, 5928086.640000000596046 ], [ 566612.920000000856817, 5928086.251000000163913 ], [ 566612.532999999821186, 5928085.892000002786517 ], [ 566612.123999999836087, 5928085.565999999642372 ], [ 566611.696000000461936, 5928085.274000000208616 ], [ 566611.254000000655651, 5928085.017000002786517 ], [ 566610.802000001072884, 5928084.79700000025332 ], [ 566610.342000001110137, 5928084.611999999731779 ], [ 566609.863000001758337, 5928084.458999997004867 ], [ 566609.366000001318753, 5928084.338000001385808 ], [ 566608.855000000447035, 5928084.253000000491738 ], [ 566608.334000001661479, 5928084.206000002101064 ], [ 566607.806000001728535, 5928084.198000002652407 ], [ 566607.277000000700355, 5928084.23000000230968 ], [ 566606.751000000163913, 5928084.303000001236796 ], [ 566606.23200000077486, 5928084.414000000804663 ], [ 566605.724000000394881, 5928084.565000001341105 ], [ 566605.233, 5928084.751000002026558 ], [ 566604.761000000871718, 5928084.971999999135733 ], [ 566604.312000000849366, 5928085.223999997600913 ], [ 566604.242000001482666, 5928085.271000001579523 ], [ 566593.919000000692904, 5928092.726000001654029 ], [ 566591.140999999828637, 5928094.73200000077486 ], [ 566590.864000000990927, 5928094.955 ], [ 566590.543999998830259, 5928095.250000001862645 ], [ 566590.239000000990927, 5928095.56700000166893 ], [ 566589.953000000678003, 5928095.907000001519918 ], [ 566589.688000000081956, 5928096.266000002622604 ], [ 566589.446000001393259, 5928096.643999999389052 ], [ 566589.229000001214445, 5928097.037000000476837 ], [ 566589.037999999709427, 5928097.44400000013411 ], [ 566588.873999999836087, 5928097.862000003457069 ], [ 566588.73900000192225, 5928098.286999998614192 ], [ 566588.632000000216067, 5928098.718000002205372 ], [ 566588.553999999538064, 5928099.151000002399087 ], [ 566588.504000000655651, 5928099.583000000566244 ], [ 566588.48200000077486, 5928100.013000002130866 ], [ 566588.486999998800457, 5928100.42200000025332 ], [ 566590.959999999962747, 5928124.769999999552965 ], [ 566591.043999999761581, 5928125.134000001475215 ], [ 566591.162999999709427, 5928125.537000002339482 ], [ 566591.169999999925494, 5928125.554999999701977 ], [ 566591.308999999426305, 5928125.943000001832843 ], [ 566591.486000000499189, 5928126.350000003352761 ], [ 566591.693000001832843, 5928126.754000000655651 ], [ 566591.931000000797212, 5928127.15399999730289 ], [ 566592.200000000186265, 5928127.543999999761581 ], [ 566592.502000002190471, 5928127.922000002115965 ], [ 566592.834000000730157, 5928128.284000001847744 ], [ 566593.195999999530613, 5928128.627000000327826 ], [ 566593.584999999962747, 5928128.947000002488494 ], [ 566594.001000001095235, 5928129.24100000038743 ], [ 566594.440000000409782, 5928129.506000004708767 ], [ 566594.899000002071261, 5928129.73900000192225 ], [ 566595.373999999836087, 5928129.938000002875924 ], [ 566595.861000000499189, 5928130.101000001654029 ], [ 566596.358, 5928130.228000001981854 ], [ 566596.859000000171363, 5928130.318000001832843 ], [ 566597.360000001266599, 5928130.372000003233552 ], [ 566597.859000001102686, 5928130.389000002294779 ], [ 566598.349999999627471, 5928130.372000003233552 ], [ 566598.830000000074506, 5928130.321000000461936 ], [ 566599.298000001348555, 5928130.239000003784895 ], [ 566599.748999999836087, 5928130.129000004380941 ], [ 566600.183000001125038, 5928129.993000000715256 ], [ 566600.596000000834465, 5928129.833000004291534 ], [ 566600.989000000059605, 5928129.653000000864267 ], [ 566601.359000001102686, 5928129.454 ], [ 566601.699000000953674, 5928129.245999999344349 ], [ 566609.188000000081956, 5928123.838000001385808 ], [ 566614.805000000633299, 5928119.782000001519918 ], [ 566615.087000000290573, 5928119.516000000759959 ], [ 566615.38300000037998, 5928119.205000003799796 ], [ 566615.664000000804663, 5928118.876000000163913 ], [ 566615.928000001236796, 5928118.530000004917383 ], [ 566616.173000001348555, 5928118.167999999597669 ], [ 566616.177000001072884, 5928118.162000002339482 ], [ 566616.398000000976026, 5928117.791000002995133 ], [ 566616.601999999023974, 5928117.401999998837709 ], [ 566616.783999999985099, 5928117.002000000327826 ], [ 566616.942999999970198, 5928116.593000002205372 ] ], [ [ 566611.110000000335276, 5928115.036000000312924 ], [ 566611.030000002123415, 5928115.133000001311302 ], [ 566610.93099999986589, 5928115.230000000447035 ], [ 566596.955000001005828, 5928125.323000000789762 ], [ 566596.776999999769032, 5928125.407000001519918 ], [ 566596.598000002093613, 5928125.463999999687076 ], [ 566596.404000000096858, 5928125.498999999836087 ], [ 566596.201000000350177, 5928125.508000001311302 ], [ 566595.994000000879169, 5928125.487000001594424 ], [ 566595.78800000064075, 5928125.434999998658895 ], [ 566595.591000000014901, 5928125.354000000283122 ], [ 566595.409000000916421, 5928125.245000002905726 ], [ 566595.247000000439584, 5928125.113000003620982 ], [ 566595.109000002034009, 5928124.963999999687076 ], [ 566594.997000000439584, 5928124.803000003099442 ], [ 566594.911000000312924, 5928124.63599999807775 ], [ 566594.837000001221895, 5928124.435000000521541 ], [ 566592.535000002011657, 5928101.765000000596046 ], [ 566592.560000000521541, 5928101.539000002667308 ], [ 566592.610000001266599, 5928101.344999998807907 ], [ 566592.687000001780689, 5928101.160000000149012 ], [ 566592.787000002339482, 5928100.98900000192225 ], [ 566592.908000001683831, 5928100.837000004947186 ], [ 566593.046000000089407, 5928100.705 ], [ 566602.346999999135733, 5928093.987999999895692 ], [ 566606.743999999947846, 5928090.812000000849366 ], [ 566606.985000000335276, 5928090.662000000476837 ], [ 566607.173000000417233, 5928090.578000001609325 ], [ 566607.375000000931323, 5928090.521000001579523 ], [ 566607.58600000012666, 5928090.494000000879169 ], [ 566607.798000000417233, 5928090.49800000153482 ], [ 566608.005000001750886, 5928090.531999999657273 ], [ 566608.2010000012815, 5928090.595000000670552 ], [ 566608.382000000216067, 5928090.682 ], [ 566608.548000001348555, 5928090.792999999597669 ], [ 566608.70200000051409, 5928090.929999999701977 ], [ 566608.837000000290573, 5928091.089999999850988 ], [ 566608.948000000789762, 5928091.270999999716878 ], [ 566609.032000001519918, 5928091.466000001877546 ], [ 566609.048000001348555, 5928091.529000002890825 ], [ 566609.268000001087785, 5928093.688000001013279 ], [ 566609.773000000044703, 5928093.637000001966953 ], [ 566610.198000000789762, 5928097.820000000298023 ], [ 566609.693000001832843, 5928097.872000005096197 ], [ 566611.367999999783933, 5928114.361000001430511 ], [ 566611.345999999903142, 5928114.49800000153482 ], [ 566611.325000001117587, 5928114.582000002264977 ], [ 566611.288000001572073, 5928114.70299999974668 ], [ 566611.239999999292195, 5928114.820000002160668 ], [ 566611.179999999701977, 5928114.932000003755093 ], [ 566611.110000000335276, 5928115.036000000312924 ] ] ] } },
{ "type": "Feature", "properties": { "gebaeude_id": "DEHHALKA10007htD", "dachneig": 0.0, "dachfl_2d": 377.486, "dachfl_3d": 377.486, "area_m2": 377.5 }, "geometry": { "type": "Polygon", "coordinates": [ [ [ 566602.224999998696148, 5928094.740000000223517 ], [ 566597.722000000998378, 5928097.992000000551343 ], [ 566593.392000001855195, 5928101.118999999016523 ], [ 566593.307000000961125, 5928101.200000001117587 ], [ 566593.23200000077486, 5928101.295000001788139 ], [ 566593.168999999761581, 5928101.401000002399087 ], [ 566593.122000001370907, 5928101.515999998897314 ], [ 566593.091000000946224, 5928101.63599999807775 ], [ 566593.0760000012815, 5928101.76799999922514 ], [ 566595.36600000038743, 5928124.313999999314547 ], [ 566595.405000002123415, 5928124.419000003486872 ], [ 566595.459000000730157, 5928124.524000002071261 ], [ 566595.530000001192093, 5928124.626000002026558 ], [ 566595.61600000038743, 5928124.719999998807907 ], [ 566595.718000001274049, 5928124.803000003099442 ], [ 566595.833000001497567, 5928124.870999999344349 ], [ 566595.957000001333654, 5928124.923000002279878 ], [ 566596.087000001221895, 5928124.955 ], [ 566596.217000001110137, 5928124.968000000342727 ], [ 566596.345000000670552, 5928124.962999999523163 ], [ 566596.467000001110137, 5928124.940999999642372 ], [ 566596.580000001005828, 5928124.905000003054738 ], [ 566596.681000000797212, 5928124.857000002637506 ], [ 566605.384999999776483, 5928118.572000002488494 ], [ 566610.582000000402331, 5928114.818 ], [ 566610.632000001147389, 5928114.769000003114343 ], [ 566610.718000001274049, 5928114.653999999165535 ], [ 566610.753000001423061, 5928114.588999999687076 ], [ 566610.800999999977648, 5928114.453000001609325 ], [ 566610.824000000953674, 5928114.335999999195337 ], [ 566608.60700000077486, 5928092.511000003665686 ], [ 566603.355000000447035, 5928096.303999999538064 ], [ 566602.224999998696148, 5928094.740000000223517 ] ], [ [ 566598.791000001132488, 5928118.166000002995133 ], [ 566598.81900000013411, 5928118.127000004053116 ], [ 566598.855999999679625, 5928118.09600000269711 ], [ 566598.899000000208616, 5928118.074999999254942 ], [ 566598.946000001393259, 5928118.064000003039837 ], [ 566598.994000000879169, 5928118.064000003039837 ], [ 566599.041000001132488, 5928118.074999999254942 ], [ 566599.083999999798834, 5928118.09600000269711 ], [ 566599.121000001206994, 5928118.127000004053116 ], [ 566599.150000002235174, 5928118.166000002995133 ], [ 566599.169000000692904, 5928118.210000002756715 ], [ 566599.178000001236796, 5928118.257000001147389 ], [ 566599.175000000745058, 5928118.306000001728535 ], [ 566599.16100000217557, 5928118.352000003680587 ], [ 566599.137000000104308, 5928118.394000001251698 ], [ 566599.104000000283122, 5928118.428999999538064 ], [ 566599.063999999314547, 5928118.455 ], [ 566599.018000000156462, 5928118.471999999135733 ], [ 566598.970999999903142, 5928118.477 ], [ 566598.923000000417233, 5928118.471999999135733 ], [ 566598.877000000327826, 5928118.455 ], [ 566598.837000000290573, 5928118.428999999538064 ], [ 566598.804000000469387, 5928118.394000001251698 ], [ 566598.780000001192093, 5928118.352000003680587 ], [ 566598.765999999828637, 5928118.306000001728535 ], [ 566598.763000001199543, 5928118.258000001311302 ], [ 566598.771000000648201, 5928118.210000002756715 ], [ 566598.791000001132488, 5928118.166000002995133 ] ], [ [ 566605.775999999605119, 5928100.588000003248453 ], [ 566605.826999999582767, 5928100.600000001490116 ], [ 566605.875000000931323, 5928100.623999997973442 ], [ 566605.915000001899898, 5928100.658000001683831 ], [ 566605.947000000625849, 5928100.699999999254942 ], [ 566605.968000001274049, 5928100.748999999836087 ], [ 566605.976999999955297, 5928100.800999999046326 ], [ 566605.974000001326203, 5928100.854000004008412 ], [ 566605.959000001661479, 5928100.905000001192093 ], [ 566605.932999999262393, 5928100.951000003144145 ], [ 566605.896000000648201, 5928100.98900000192225 ], [ 566605.852000000886619, 5928101.01799999922514 ], [ 566605.802000001072884, 5928101.036000000312924 ], [ 566605.75, 5928101.043000003322959 ], [ 566605.696999999694526, 5928101.037000000476837 ], [ 566605.647000000812113, 5928101.019000001251698 ], [ 566605.603000001050532, 5928100.98900000192225 ], [ 566605.567000000737607, 5928100.951000003144145 ], [ 566605.540000000037253, 5928100.905000001192093 ], [ 566605.525000000372529, 5928100.854000004008412 ], [ 566605.521999999880791, 5928100.800999999046326 ], [ 566605.530999999493361, 5928100.748999999836087 ], [ 566605.552000001072884, 5928100.7010000012815 ], [ 566605.583000000566244, 5928100.658000001683831 ], [ 566605.623999999836087, 5928100.623999997973442 ], [ 566605.67100000102073, 5928100.600000001490116 ], [ 566605.723000002093613, 5928100.588000003248453 ], [ 566605.775999999605119, 5928100.588000003248453 ] ], [ [ 566605.987000000663102, 5928100.245000004768372 ], [ 566605.996000001206994, 5928100.193 ], [ 566606.017, 5928100.144000001251698 ], [ 566606.048000002279878, 5928100.102000001817942 ], [ 566606.089000000618398, 5928100.068 ], [ 566606.135999999009073, 5928100.044000001624227 ], [ 566606.188000001013279, 5928100.031000003218651 ], [ 566606.24100000038743, 5928100.031000003218651 ], [ 566606.292000000365078, 5928100.044000001624227 ], [ 566606.339999999850988, 5928100.067000003531575 ], [ 566606.380000000819564, 5928100.101000001654029 ], [ 566606.41200000140816, 5928100.144000001251698 ], [ 566606.433000000193715, 5928100.193 ], [ 566606.442000000737607, 5928100.245000004768372 ], [ 566606.438999999314547, 5928100.298000000417233 ], [ 566606.424000000581145, 5928100.348000001162291 ], [ 566606.398000000976026, 5928100.394000003114343 ], [ 566606.360999998636544, 5928100.43300000205636 ], [ 566606.316999998874962, 5928100.462000001221895 ], [ 566606.267, 5928100.480000000447035 ], [ 566606.215000000782311, 5928100.486000001430511 ], [ 566606.16200000140816, 5928100.480000000447035 ], [ 566606.111999999731779, 5928100.462000001221895 ], [ 566606.067999999970198, 5928100.43300000205636 ], [ 566606.031999999657273, 5928100.394999999552965 ], [ 566606.005000000819564, 5928100.349000001326203 ], [ 566605.99000000115484, 5928100.298000000417233 ], [ 566605.987000000663102, 5928100.245000004768372 ] ], [ [ 566606.484000000171363, 5928100.822000002488494 ], [ 566606.468000000342727, 5928100.872999999672174 ], [ 566606.442000000737607, 5928100.919000001624227 ], [ 566606.405999999493361, 5928100.957000000402331 ], [ 566606.360999998636544, 5928100.985999997705221 ], [ 566606.312000000849366, 5928101.004999998956919 ], [ 566606.259000000543892, 5928101.011000001803041 ], [ 566606.206000001169741, 5928101.004999998956919 ], [ 566606.157000000588596, 5928100.986999999731779 ], [ 566606.111999999731779, 5928100.957000000402331 ], [ 566606.0760000012815, 5928100.919000001624227 ], [ 566606.049000000581145, 5928100.872999999672174 ], [ 566606.034000000916421, 5928100.822000002488494 ], [ 566606.031000000424683, 5928100.769000003114343 ], [ 566606.040000000968575, 5928100.717000003904104 ], [ 566606.060999999754131, 5928100.668999999761581 ], [ 566606.093000000342727, 5928100.626000000163913 ], [ 566606.133000001311302, 5928100.592000002041459 ], [ 566606.18099999986589, 5928100.568 ], [ 566606.23200000077486, 5928100.556000001728535 ], [ 566606.285000000149012, 5928100.556000001728535 ], [ 566606.337000001221895, 5928100.568 ], [ 566606.38399999961257, 5928100.592000002041459 ], [ 566606.425000001676381, 5928100.626000000163913 ], [ 566606.456000001169741, 5928100.667999997735023 ], [ 566606.476999999955297, 5928100.717000003904104 ], [ 566606.487000001594424, 5928100.769000003114343 ], [ 566606.484000000171363, 5928100.822000002488494 ] ], [ [ 566605.777000000700355, 5928100.545 ], [ 566605.724000000394881, 5928100.551000000908971 ], [ 566605.672000001184642, 5928100.545 ], [ 566605.622000000439584, 5928100.526999998837709 ], [ 566605.578000000678003, 5928100.49800000153482 ], [ 566605.541000001132488, 5928100.459000002592802 ], [ 566605.514999999664724, 5928100.41300000064075 ], [ 566605.49900000076741, 5928100.362000001594424 ], [ 566605.496000000275671, 5928100.309999998658895 ], [ 566605.504999999888241, 5928100.256999999284744 ], [ 566605.525999999605119, 5928100.208999998867512 ], [ 566605.558000000193715, 5928100.166000001132488 ], [ 566605.599000001326203, 5928100.132000001147389 ], [ 566605.645999999716878, 5928100.107999999076128 ], [ 566605.696999999694526, 5928100.096000000834465 ], [ 566605.75, 5928100.096000000834465 ], [ 566605.802000001072884, 5928100.107999999076128 ], [ 566605.849000002257526, 5928100.132000001147389 ], [ 566605.890000000596046, 5928100.166000001132488 ], [ 566605.921999999321997, 5928100.208000002428889 ], [ 566605.94300000090152, 5928100.256999999284744 ], [ 566605.952000001445413, 5928100.309000002220273 ], [ 566605.949000000022352, 5928100.362000001594424 ], [ 566605.934000000357628, 5928100.41300000064075 ], [ 566605.907000000588596, 5928100.459000002592802 ], [ 566605.871000002138317, 5928100.497000005096197 ], [ 566605.826999999582767, 5928100.526999998837709 ], [ 566605.777000000700355, 5928100.545 ] ], [ [ 566604.516000000759959, 5928101.045 ], [ 566604.447000000625849, 5928101.053999999538064 ], [ 566604.378000000491738, 5928101.046000001952052 ], [ 566604.312000000849366, 5928101.021999999880791 ], [ 566604.253999999724329, 5928100.984000001102686 ], [ 566604.206000000238419, 5928100.93300000205636 ], [ 566604.172000002115965, 5928100.872999999672174 ], [ 566604.151999999769032, 5928100.80599999986589 ], [ 566604.147000000812113, 5928100.737000001594424 ], [ 566604.158999999985099, 5928100.667999997735023 ], [ 566604.187000001780689, 5928100.60500000230968 ], [ 566604.228000000119209, 5928100.5489999987185 ], [ 566604.281999998725951, 5928100.504000002518296 ], [ 566604.344000001437962, 5928100.473000003024936 ], [ 566604.411000000312924, 5928100.457000000402331 ], [ 566604.480999999679625, 5928100.457000000402331 ], [ 566604.549000000581145, 5928100.473000003024936 ], [ 566604.611000001430511, 5928100.504000002518296 ], [ 566604.664000000804663, 5928100.548000002279878 ], [ 566604.706000001169741, 5928100.604000000283122 ], [ 566604.733000001870096, 5928100.667999997735023 ], [ 566604.745000000111759, 5928100.735999999567866 ], [ 566604.74100000038743, 5928100.80599999986589 ], [ 566604.7220000019297, 5928100.872000003233552 ], [ 566604.686999999918044, 5928100.93300000205636 ], [ 566604.639000000432134, 5928100.982999999076128 ], [ 566604.581000000238419, 5928101.021999999880791 ], [ 566604.516000000759959, 5928101.045 ] ], [ [ 566606.741000001318753, 5928109.855000004172325 ], [ 566606.109000001102686, 5928109.919000001624227 ], [ 566606.013000000268221, 5928108.973000001162291 ], [ 566606.645000000484288, 5928108.909000003710389 ], [ 566606.741000001318753, 5928109.855000004172325 ] ], [ [ 566604.679999999701977, 5928105.609000002965331 ], [ 566603.269999998621643, 5928105.752000000327826 ], [ 566603.131000001914799, 5928104.383000001311302 ], [ 566604.541000002063811, 5928104.239 ], [ 566604.679999999701977, 5928105.609000002965331 ] ], [ [ 566602.187000000849366, 5928112.824000002816319 ], [ 566602.024000001139939, 5928111.216000003740191 ], [ 566603.632000001147389, 5928111.052000002935529 ], [ 566603.795000000856817, 5928112.660000002011657 ], [ 566602.187000000849366, 5928112.824000002816319 ] ], [ [ 566608.570000001229346, 5928114.07600000500679 ], [ 566608.031999999657273, 5928114.130000000819564 ], [ 566607.839000001549721, 5928114.150000004097819 ], [ 566607.646000000648201, 5928114.168999999761581 ], [ 566607.205000001005828, 5928114.061999998986721 ], [ 566607.198000000789762, 5928113.99800000153482 ], [ 566605.634000001475215, 5928114.157000001519918 ], [ 566605.629000000655651, 5928114.110999999567866 ], [ 566605.622000000439584, 5928114.036000000312924 ], [ 566605.601000001654029, 5928113.83700000308454 ], [ 566605.591000000014901, 5928113.733000000938773 ], [ 566605.581000001169741, 5928113.639000000432134 ], [ 566605.574000000953674, 5928113.564000001177192 ], [ 566605.56900000013411, 5928113.51799999922514 ], [ 566607.134000000543892, 5928113.359000002965331 ], [ 566607.127000000327826, 5928113.295000001788139 ], [ 566607.537000002339482, 5928113.101000001654029 ], [ 566607.730000000447035, 5928113.082000000402331 ], [ 566607.923000001348555, 5928113.062000002712011 ], [ 566608.112000000663102, 5928113.043000001460314 ], [ 566608.292999999597669, 5928113.024000000208616 ], [ 566608.462000001221895, 5928113.007000001147389 ], [ 566608.615000002086163, 5928112.991999998688698 ], [ 566608.74900000076741, 5928112.978000001981854 ], [ 566608.862000001594424, 5928112.967000000178814 ], [ 566608.970999999903142, 5928114.035000003874302 ], [ 566608.85700000077486, 5928114.046 ], [ 566608.570000001229346, 5928114.07600000500679 ] ] ] } },
{ "type": "Feature", "properties": { "gebaeude_id": "DEHHALKA10007htD", "dachneig": 0.0, "dachfl_2d": 106.855, "dachfl_3d": 106.855, "area_m2": 106.9 }, "geometry": { "type": "Polygon", "coordinates": [ [ [ 566633.424999999813735, 5928187.00899999961257 ], [ 566630.63300000037998, 5928194.294000003486872 ], [ 566642.888000000268221, 5928198.991000002250075 ], [ 566643.099999999627471, 5928199.054999999701977 ], [ 566643.315000000409782, 5928199.100000001490116 ], [ 566643.535000000149012, 5928199.125 ], [ 566643.758000001311302, 5928199.130000000819564 ], [ 566643.980000000447035, 5928199.115000003948808 ], [ 566644.199999999254942, 5928199.080000003799796 ], [ 566644.415000000037253, 5928199.026000002399087 ], [ 566644.621999999508262, 5928198.95299999974668 ], [ 566644.78700000140816, 5928198.87699999846518 ], [ 566644.978000000119209, 5928198.74100000038743 ], [ 566645.187000000849366, 5928198.554999999701977 ], [ 566645.35700000077486, 5928198.358000000938773 ], [ 566645.474000001326203, 5928198.176000000908971 ], [ 566645.575000000186265, 5928197.946000000461936 ], [ 566645.63399999961257, 5928197.708999997004867 ], [ 566645.655999999493361, 5928197.463999999687076 ], [ 566645.644999999552965, 5928197.219000002369285 ], [ 566645.598000001162291, 5928196.923000002279878 ], [ 566645.509999999776483, 5928196.435000000521541 ], [ 566645.423999999649823, 5928195.940000001341105 ], [ 566645.339000000618398, 5928195.44400000013411 ], [ 566645.257000000216067, 5928194.947999998927116 ], [ 566645.177000000141561, 5928194.452000001445413 ], [ 566645.099000001326203, 5928193.955 ], [ 566645.024000002071261, 5928193.457000000402331 ], [ 566644.95200000051409, 5928192.958999998867512 ], [ 566644.882000001147389, 5928192.460999999195337 ], [ 566644.815999999642372, 5928191.962000004947186 ], [ 566644.783999999985099, 5928191.712000001221895 ], [ 566644.753000000491738, 5928191.46200000308454 ], [ 566644.738000000827014, 5928191.344000000506639 ], [ 566633.424999999813735, 5928187.00899999961257 ] ], [ [ 566634.022000000812113, 5928190.382000001147389 ], [ 566634.269000000320375, 5928189.737000001594424 ], [ 566634.875000000931323, 5928189.970000000670552 ], [ 566634.627000000327826, 5928190.615000000223517 ], [ 566634.022000000812113, 5928190.382000001147389 ] ], [ [ 566637.280000002123415, 5928192.035000002011657 ], [ 566636.93099999986589, 5928191.901000000536442 ], [ 566636.868999999947846, 5928192.061000000685453 ], [ 566636.285000001080334, 5928191.83700000308454 ], [ 566636.497000000439584, 5928191.284000001847744 ], [ 566636.631000000052154, 5928191.33500000089407 ], [ 566636.944000001996756, 5928190.518000001087785 ], [ 566638.161000001244247, 5928190.984000002965331 ], [ 566637.847999999299645, 5928191.801000002771616 ], [ 566637.991000001318753, 5928191.856000000610948 ], [ 566637.77900000102818, 5928192.410000002011657 ], [ 566637.218000001274049, 5928192.195000002160668 ], [ 566637.280000002123415, 5928192.035000002011657 ] ] ] } },
{ "type": "Feature", "properties": { "gebaeude_id": "DEHHALKA10007htD", "dachneig": 0.0, "dachfl_2d": 36.868, "dachfl_3d": 36.868, "area_m2": 36.9 }, "geometry": { "type": "Polygon", "coordinates": [ [ [ 566645.337000001221895, 5928190.888000000268221 ], [ 566645.281000000424683, 5928190.392000002786517 ], [ 566645.229000001214445, 5928189.897000003606081 ], [ 566645.178999999538064, 5928189.387000000104308 ], [ 566633.225999999791384, 5928184.806000001728535 ], [ 566631.462000001221895, 5928186.256000002846122 ], [ 566632.819000001996756, 5928186.776000000536442 ], [ 566632.750000000931323, 5928186.955 ], [ 566630.054000000469387, 5928193.990000000223517 ], [ 566629.794000001624227, 5928194.668000001460314 ], [ 566642.678000000305474, 5928199.605999998748302 ], [ 566642.939999999478459, 5928199.684999998658895 ], [ 566643.21100000012666, 5928199.741000002250075 ], [ 566643.49000000115484, 5928199.773000001907349 ], [ 566643.771999999880791, 5928199.780000001192093 ], [ 566644.053000000305474, 5928199.761 ], [ 566644.332000001333654, 5928199.717000000178814 ], [ 566644.603000000119209, 5928199.648000001907349 ], [ 566644.865000002086163, 5928199.555000001564622 ], [ 566645.114000000990927, 5928199.442000003531575 ], [ 566645.38399999961257, 5928199.248999999836087 ], [ 566645.650999998673797, 5928199.011 ], [ 566645.878000000491738, 5928198.748000003397465 ], [ 566646.048000000417233, 5928198.484000004827976 ], [ 566646.190999999642372, 5928198.156999999657273 ], [ 566646.276000001467764, 5928197.816999999806285 ], [ 566646.30599999986589, 5928197.478000000119209 ], [ 566646.292000001296401, 5928197.153999999165535 ], [ 566646.238000000827014, 5928196.813999999314547 ], [ 566646.150000001303852, 5928196.322000002488494 ], [ 566646.063000000081956, 5928195.830000001937151 ], [ 566645.979000000283122, 5928195.33700000308454 ], [ 566645.896999999880791, 5928194.843000000342727 ], [ 566645.817999999970198, 5928194.350000001490116 ], [ 566645.74100000038743, 5928193.855999998748302 ], [ 566645.666000001132488, 5928193.361999999731779 ], [ 566645.595000000670552, 5928192.868000000715256 ], [ 566645.525999999605119, 5928192.372999999672174 ], [ 566645.459999999962747, 5928191.878000000491738 ], [ 566645.428000001236796, 5928191.629999998956919 ], [ 566645.397000001743436, 5928191.383000003173947 ], [ 566645.337000001221895, 5928190.888000000268221 ] ], [ [ 566639.014000001363456, 5928188.178000003099442 ], [ 566639.18400000128895, 5928188.243000000715256 ], [ 566639.491000001318753, 5928187.440999999642372 ], [ 566641.256000000983477, 5928188.116999998688698 ], [ 566640.947999999858439, 5928188.919000001624227 ], [ 566641.064000001177192, 5928188.963000001385808 ], [ 566640.838999998755753, 5928189.550000000745058 ], [ 566640.282000001519918, 5928189.33700000308454 ], [ 566640.33600000012666, 5928189.196000000461936 ], [ 566639.423000001348555, 5928188.84600000269711 ], [ 566639.369000000879169, 5928188.987000003457069 ], [ 566638.790000000968575, 5928188.765000002458692 ], [ 566639.014000001363456, 5928188.178000003099442 ] ], [ [ 566641.271000000648201, 5928189.043000001460314 ], [ 566641.441000000573695, 5928189.108000000938773 ], [ 566641.747999999672174, 5928188.306000001728535 ], [ 566643.512000001035631, 5928188.982000002637506 ], [ 566643.205000001005828, 5928189.784 ], [ 566643.321000000461936, 5928189.82799999974668 ], [ 566643.096000000834465, 5928190.41499999910593 ], [ 566642.53899999987334, 5928190.202000003308058 ], [ 566642.592000000178814, 5928190.061000002548099 ], [ 566641.678999999538064, 5928189.711000002920628 ], [ 566641.62599999923259, 5928189.852000001817942 ], [ 566641.04600000102073, 5928189.630000000819564 ], [ 566641.271000000648201, 5928189.043000001460314 ] ], [ [ 566636.548000001348555, 5928187.905999999493361 ], [ 566635.768000001087785, 5928187.60700000077486 ], [ 566635.821999999694526, 5928187.466000001877546 ], [ 566634.909000001847744, 5928187.11600000038743 ], [ 566634.855000000447035, 5928187.257000001147389 ], [ 566634.276000000536442, 5928187.035000000149012 ], [ 566634.501000000163913, 5928186.448000000789762 ], [ 566634.670000000856817, 5928186.513000003993511 ], [ 566634.977000000886619, 5928185.711000001057982 ], [ 566636.742000000551343, 5928186.387000001966953 ], [ 566636.434000002220273, 5928187.188999999314547 ], [ 566636.550000000745058, 5928187.232999999076128 ], [ 566636.325000001117587, 5928187.820000002160668 ], [ 566636.548000001348555, 5928187.905999999493361 ] ], [ [ 566636.773000000976026, 5928187.31900000013411 ], [ 566636.941999999806285, 5928187.38399999961257 ], [ 566637.248999999836087, 5928186.581000000238419 ], [ 566639.014000001363456, 5928187.258000001311302 ], [ 566638.706000000238419, 5928188.059999998658895 ], [ 566638.821999999694526, 5928188.103999998420477 ], [ 566638.597000000067055, 5928188.690999997779727 ], [ 566638.03999999910593, 5928188.477000001817942 ], [ 566638.094000000506639, 5928188.33700000308454 ], [ 566637.18099999986589, 5928187.987000001594424 ], [ 566637.127000001259148, 5928188.128000000491738 ], [ 566636.548000001348555, 5928187.905999999493361 ], [ 566636.773000000976026, 5928187.31900000013411 ] ], [ [ 566645.423999999649823, 5928195.940000001341105 ], [ 566645.509999999776483, 5928196.435000000521541 ], [ 566645.598000001162291, 5928196.923000002279878 ], [ 566645.644999999552965, 5928197.219000002369285 ], [ 566645.655999999493361, 5928197.463999999687076 ], [ 566645.63399999961257, 5928197.708999997004867 ], [ 566645.575000000186265, 5928197.946000000461936 ], [ 566645.474000001326203, 5928198.176000000908971 ], [ 566645.35700000077486, 5928198.358000000938773 ], [ 566645.187000000849366, 5928198.554999999701977 ], [ 566644.978000000119209, 5928198.74100000038743 ], [ 566644.78700000140816, 5928198.87699999846518 ], [ 566644.621999999508262, 5928198.95299999974668 ], [ 566644.415000000037253, 5928199.026000002399087 ], [ 566644.199999999254942, 5928199.080000003799796 ], [ 566643.980000000447035, 5928199.115000003948808 ], [ 566643.758000001311302, 5928199.130000000819564 ], [ 566643.535000000149012, 5928199.125 ], [ 566643.315000000409782, 5928199.100000001490116 ], [ 566643.099999999627471, 5928199.054999999701977 ], [ 566642.888000000268221, 5928198.991000002250075 ], [ 566630.63300000037998, 5928194.294000003486872 ], [ 566633.424999999813735, 5928187.00899999961257 ], [ 566644.738000000827014, 5928191.344000000506639 ], [ 566644.753000000491738, 5928191.46200000308454 ], [ 566644.783999999985099, 5928191.712000001221895 ], [ 566644.815999999642372, 5928191.962000004947186 ], [ 566644.882000001147389, 5928192.460999999195337 ], [ 566644.95200000051409, 5928192.958999998867512 ], [ 566645.024000002071261, 5928193.457000000402331 ], [ 566645.099000001326203, 5928193.955 ], [ 566645.177000000141561, 5928194.452000001445413 ], [ 566645.257000000216067, 5928194.947999998927116 ], [ 566645.339000000618398, 5928195.44400000013411 ], [ 566645.423999999649823, 5928195.940000001341105 ] ] ] } },
{ "type": "Feature", "properties": { "gebaeude_id": "DEHHALKA10007htD", "dachneig": 13.617, "dachfl_2d": 80.044, "dachfl_3d": 82.364, "area_m2": 80.0 }, "geometry": { "type": "Polygon", "coordinates": [ [ [ 566645.005000000819564, 5928186.927000002935529 ], [ 566644.985000000335276, 5928186.433000003919005 ], [ 566644.970999999903142, 5928185.940000001341105 ], [ 566644.963999998755753, 5928185.449000000953674 ], [ 566644.963999998755753, 5928184.959000000730157 ], [ 566644.970999999903142, 5928184.470000002533197 ], [ 566644.985000000335276, 5928183.984000002965331 ], [ 566645.0, 5928183.66100000217557 ], [ 566645.025000000372529, 5928183.190999999642372 ], [ 566645.049000000581145, 5928182.721999999135733 ], [ 566645.074000000953674, 5928182.252000002190471 ], [ 566645.098000000230968, 5928181.782000001519918 ], [ 566645.122999998740852, 5928181.312999999150634 ], [ 566645.147000000812113, 5928180.843000002205372 ], [ 566645.172000002115965, 5928180.37300000153482 ], [ 566645.196000001393259, 5928179.90400000102818 ], [ 566645.180000000633299, 5928179.487999999895692 ], [ 566645.090000001713634, 5928179.068 ], [ 566644.924000001512468, 5928178.662000000476837 ], [ 566644.689000000245869, 5928178.289000002667308 ], [ 566644.396999999880791, 5928177.966000001877546 ], [ 566644.064000000245869, 5928177.701999999582767 ], [ 566643.541000001132488, 5928177.520999999716878 ], [ 566643.029000000096858, 5928177.454000003635883 ], [ 566642.483000001870096, 5928177.512000000104308 ], [ 566641.980000000447035, 5928177.69200000166893 ], [ 566641.504999999888241, 5928177.984000002965331 ], [ 566641.097999999299645, 5928178.333000002428889 ], [ 566633.225999999791384, 5928184.806000001728535 ], [ 566645.178999999538064, 5928189.387000000104308 ], [ 566645.136000000871718, 5928188.906000001356006 ], [ 566645.096000000834465, 5928188.410000000149012 ], [ 566645.061000001616776, 5928187.915000000968575 ], [ 566645.030000001192093, 5928187.421000001952052 ], [ 566645.005000000819564, 5928186.927000002935529 ] ] ] } },
{ "type": "Feature", "properties": { "gebaeude_id": "DEHHALKA10007htD", "dachneig": 0.0, "dachfl_2d": 112.762, "dachfl_3d": 112.762, "area_m2": 112.8 }, "geometry": { "type": "Polygon", "coordinates": [ [ [ 566633.647000000812113, 5928226.596999999135733 ], [ 566633.394000000320375, 5928226.86400000192225 ], [ 566633.158000000752509, 5928227.256000000983477 ], [ 566633.015999999828637, 5928227.676000000908971 ], [ 566632.966000000946224, 5928228.117000000551343 ], [ 566633.013999999500811, 5928228.572000000625849 ], [ 566633.159000000916421, 5928229.004000002518296 ], [ 566633.386000000871718, 5928229.383999997749925 ], [ 566633.699000000022352, 5928229.715000003576279 ], [ 566633.987000000663102, 5928229.911000000312924 ], [ 566646.798000001348555, 5928234.820000000298023 ], [ 566647.168000000528991, 5928234.866000002250075 ], [ 566647.551000000908971, 5928234.837999999523163 ], [ 566647.917999999597669, 5928234.733000000938773 ], [ 566648.268000000156462, 5928234.552000001072884 ], [ 566648.587000001221895, 5928234.311000002548099 ], [ 566648.846000001765788, 5928234.020999999716878 ], [ 566649.042000001296401, 5928233.693 ], [ 566649.16300000064075, 5928233.336000001057982 ], [ 566649.206000001169741, 5928232.954000001773238 ], [ 566649.177000001072884, 5928232.552999999374151 ], [ 566649.074000000022352, 5928232.101000001654029 ], [ 566648.973000000230968, 5928231.601000001654029 ], [ 566648.878000000491738, 5928231.104000000283122 ], [ 566648.786999999545515, 5928230.607000002637506 ], [ 566648.702000001445413, 5928230.109000002965331 ], [ 566648.621000002138317, 5928229.609999999403954 ], [ 566648.543999999761581, 5928229.110999999567866 ], [ 566648.472000000998378, 5928228.610999999567866 ], [ 566648.40400000102818, 5928228.111000003293157 ], [ 566648.341000000014901, 5928227.610000001266599 ], [ 566648.278000000864267, 5928227.072999998927116 ], [ 566637.997000000439584, 5928223.100000003352761 ], [ 566633.647000000812113, 5928226.596999999135733 ] ], [ [ 566637.625, 5928226.276000002399087 ], [ 566637.858000000938773, 5928225.667000003159046 ], [ 566638.444000001065433, 5928225.892000002786517 ], [ 566638.21100000012666, 5928226.501000002026558 ], [ 566637.625, 5928226.276000002399087 ] ], [ [ 566640.525000001303852, 5928227.596000000834465 ], [ 566640.463000001385808, 5928227.75899999961257 ], [ 566639.886000000871718, 5928227.53800000064075 ], [ 566640.110000001266599, 5928226.952000001445413 ], [ 566640.249000001698732, 5928227.005000000819564 ], [ 566640.555000000633299, 5928226.206000002101064 ], [ 566641.781000000424683, 5928226.675999999046326 ], [ 566641.475000001490116, 5928227.474000001326203 ], [ 566641.603999999351799, 5928227.524000003933907 ], [ 566641.378999999724329, 5928228.110000001266599 ], [ 566640.799000001512468, 5928227.888000000268221 ], [ 566640.861999999731779, 5928227.725000001490116 ], [ 566640.525000001303852, 5928227.596000000834465 ] ] ] } },
{ "type": "Feature", "properties": { "gebaeude_id": "DEHHALKA10007htD", "dachneig": 0.0, "dachfl_2d": 34.366, "dachfl_3d": 34.366, "area_m2": 34.4 }, "geometry": { "type": "Polygon", "coordinates": [ [ [ 566639.257000001147389, 5928221.345000002533197 ], [ 566633.254999999888241, 5928226.171000001952052 ], [ 566632.931000000797212, 5928226.511000001803041 ], [ 566632.630000000819564, 5928227.011000003665686 ], [ 566632.447999999858439, 5928227.550000002607703 ], [ 566632.385000000707805, 5928228.115000002086163 ], [ 566632.446000002324581, 5928228.696000000461936 ], [ 566632.631000000983477, 5928229.247999999672174 ], [ 566632.923000001348555, 5928229.734000004827976 ], [ 566633.322000000625849, 5928230.157999999821186 ], [ 566633.717000000178814, 5928230.427000002935529 ], [ 566646.656999999657273, 5928235.386 ], [ 566647.154000000096858, 5928235.447000004351139 ], [ 566647.652000000700355, 5928235.41100000217557 ], [ 566648.13300000037998, 5928235.273000001907349 ], [ 566648.576999999582767, 5928235.043000001460314 ], [ 566648.980000000447035, 5928234.738000001758337 ], [ 566649.313000000081956, 5928234.365000000223517 ], [ 566649.570000001229346, 5928233.936000004410744 ], [ 566649.730000001378357, 5928233.462999999523163 ], [ 566649.78700000140816, 5928232.966000001877546 ], [ 566649.75, 5928232.467000002041459 ], [ 566649.639000001363456, 5928231.980000000447035 ], [ 566649.53999999910593, 5928231.489 ], [ 566649.446000000461936, 5928230.997999999672174 ], [ 566649.356999999843538, 5928230.506000002846122 ], [ 566649.272000000812113, 5928230.014000000432134 ], [ 566649.192000000737607, 5928229.52000000141561 ], [ 566649.116000002250075, 5928229.026000002399087 ], [ 566649.044999998994172, 5928228.530999997630715 ], [ 566648.978000001050532, 5928228.03600000217557 ], [ 566648.915000000037253, 5928227.540000000968575 ], [ 566648.856000000610948, 5928227.042999999597669 ], [ 566648.802000002004206, 5928226.546000001952052 ], [ 566648.752000000327826, 5928226.048000004142523 ], [ 566648.705000000074506, 5928225.551000000908971 ], [ 566648.662999999709427, 5928225.052000001072884 ], [ 566648.65500000026077, 5928224.946000002324581 ], [ 566639.257000001147389, 5928221.345000002533197 ] ], [ [ 566644.500000001862645, 5928225.313999999314547 ], [ 566643.94300000090152, 5928225.101000001654029 ], [ 566643.996999999508262, 5928224.960000002756715 ], [ 566643.083999999798834, 5928224.610000001266599 ], [ 566643.03000000026077, 5928224.751000000163913 ], [ 566642.451000000350177, 5928224.528999999165535 ], [ 566642.675999999977648, 5928223.941999999806285 ], [ 566642.845000001601875, 5928224.006999999284744 ], [ 566643.152999999932945, 5928223.205000001937151 ], [ 566644.917000000365078, 5928223.881000000983477 ], [ 566644.610000001266599, 5928224.683000000193715 ], [ 566644.725000001490116, 5928224.727 ], [ 566644.500000001862645, 5928225.313999999314547 ] ], [ [ 566644.884999999776483, 5928224.787999998778105 ], [ 566645.054999999701977, 5928224.853000001981854 ], [ 566645.361999999731779, 5928224.050999999046326 ], [ 566647.126000000163913, 5928224.727 ], [ 566646.81900000013411, 5928225.530000003054738 ], [ 566646.934000000357628, 5928225.574000002816319 ], [ 566646.709999999962747, 5928226.16100000217557 ], [ 566646.152000000700355, 5928225.947000004351139 ], [ 566646.206000002101064, 5928225.807 ], [ 566645.293000001460314, 5928225.457000000402331 ], [ 566645.239000000059605, 5928225.596999999135733 ], [ 566644.660000000149012, 5928225.375000001862645 ], [ 566644.884999999776483, 5928224.787999998778105 ] ], [ [ 566641.687000000849366, 5928224.235999997705221 ], [ 566641.741000002250075, 5928224.096000000834465 ], [ 566640.827999998815358, 5928223.745999999344349 ], [ 566640.774000000208616, 5928223.886000001803041 ], [ 566640.195000000298023, 5928223.664000000804663 ], [ 566640.419999999925494, 5928223.077000001445413 ], [ 566640.589999999850988, 5928223.142000000923872 ], [ 566640.896999999880791, 5928222.340000003576279 ], [ 566642.661000000312924, 5928223.015999998897314 ], [ 566642.354000000283122, 5928223.818 ], [ 566642.46999999973923, 5928223.863000001758337 ], [ 566642.245000000111759, 5928224.450000001117587 ], [ 566641.687000000849366, 5928224.235999997705221 ] ], [ [ 566648.341000000014901, 5928227.610000001266599 ], [ 566648.40400000102818, 5928228.111000003293157 ], [ 566648.472000000998378, 5928228.610999999567866 ], [ 566648.543999999761581, 5928229.110999999567866 ], [ 566648.621000002138317, 5928229.609999999403954 ], [ 566648.702000001445413, 5928230.109000002965331 ], [ 566648.786999999545515, 5928230.607000002637506 ], [ 566648.878000000491738, 5928231.104000000283122 ], [ 566648.973000000230968, 5928231.601000001654029 ], [ 566649.074000000022352, 5928232.101000001654029 ], [ 566649.177000001072884, 5928232.552999999374151 ], [ 566649.206000001169741, 5928232.954000001773238 ], [ 566649.16300000064075, 5928233.336000001057982 ], [ 566649.042000001296401, 5928233.693 ], [ 566648.846000001765788, 5928234.020999999716878 ], [ 566648.587000001221895, 5928234.311000002548099 ], [ 566648.268000000156462, 5928234.552000001072884 ], [ 566647.917999999597669, 5928234.733000000938773 ], [ 566647.551000000908971, 5928234.837999999523163 ], [ 566647.168000000528991, 5928234.866000002250075 ], [ 566646.798000001348555, 5928234.820000000298023 ], [ 566633.987000000663102, 5928229.911000000312924 ], [ 566633.699000000022352, 5928229.715000003576279 ], [ 566633.386000000871718, 5928229.383999997749925 ], [ 566633.159000000916421, 5928229.004000002518296 ], [ 566633.013999999500811, 5928228.572000000625849 ], [ 566632.966000000946224, 5928228.117000000551343 ], [ 566633.015999999828637, 5928227.676000000908971 ], [ 566633.158000000752509, 5928227.256000000983477 ], [ 566633.394000000320375, 5928226.86400000192225 ], [ 566633.647000000812113, 5928226.596999999135733 ], [ 566637.997000000439584, 5928223.100000003352761 ], [ 566648.278000000864267, 5928227.072999998927116 ], [ 566648.341000000014901, 5928227.610000001266599 ] ] ] } },
{ "type": "Feature", "properties": { "gebaeude_id": "DEHHALKA10007htD", "dachneig": 19.013, "dachfl_2d": 46.222, "dachfl_3d": 48.897, "area_m2": 46.2 }, "geometry": { "type": "Polygon", "coordinates": [ [ [ 566648.536000001244247, 5928223.042000001296401 ], [ 566648.516000000759959, 5928222.56500000320375 ], [ 566648.501000001095235, 5928222.088999999687076 ], [ 566648.489000000059605, 5928221.612999999895692 ], [ 566648.481999999843538, 5928221.137000001966953 ], [ 566648.478000000119209, 5928220.66100000217557 ], [ 566648.479000001214445, 5928220.185000000521541 ], [ 566648.483999999240041, 5928219.709000000730157 ], [ 566648.492999999783933, 5928219.234000002965331 ], [ 566648.505999999120831, 5928218.758000005036592 ], [ 566648.518000000156462, 5928218.410000000149012 ], [ 566648.474999999627471, 5928218.041000002995133 ], [ 566648.362000001594424, 5928217.67200000025332 ], [ 566648.181000001728535, 5928217.319000001996756 ], [ 566647.937000000849366, 5928217.002000002190471 ], [ 566647.644000001251698, 5928216.732999999076128 ], [ 566647.319000001065433, 5928216.523 ], [ 566646.932000000961125, 5928216.384999999776483 ], [ 566646.550000000745058, 5928216.313000002875924 ], [ 566646.127000000327826, 5928216.312000002712011 ], [ 566645.733000001870096, 5928216.388999998569489 ], [ 566645.368000000715256, 5928216.529000002890825 ], [ 566645.030000001192093, 5928216.721000000834465 ], [ 566644.718000000342727, 5928216.953999998047948 ], [ 566639.257000001147389, 5928221.345000002533197 ], [ 566648.65500000026077, 5928224.946000002324581 ], [ 566648.618999999947846, 5928224.469999998807907 ], [ 566648.587000001221895, 5928223.993999999016523 ], [ 566648.55900000128895, 5928223.518000001087785 ], [ 566648.536000001244247, 5928223.042000001296401 ] ] ] } },
{ "type": "Feature", "properties": { "gebaeude_id": "DEHHALKA10007htD", "dachneig": 0.0, "dachfl_2d": 115.377, "dachfl_3d": 115.377, "area_m2": 115.4 }, "geometry": { "type": "Polygon", "coordinates": [ [ [ 566641.464999999850988, 5928159.891000000759959 ], [ 566641.753000000491738, 5928159.730999998748302 ], [ 566641.983000000938773, 5928159.553999999538064 ], [ 566642.185000001452863, 5928159.34600000269711 ], [ 566642.377000001259148, 5928159.079000001773238 ], [ 566642.509999999776483, 5928158.821000000461936 ], [ 566642.609000002034009, 5928158.532000003382564 ], [ 566642.666000001132488, 5928158.214000003412366 ], [ 566642.675999999977648, 5928157.941999999806285 ], [ 566642.639999999664724, 5928157.616999998688698 ], [ 566642.527999999932945, 5928157.158000003546476 ], [ 566642.42200000025332, 5928156.652000000700355 ], [ 566642.331000000238419, 5928156.146999999880791 ], [ 566642.251000002026558, 5928155.64299999922514 ], [ 566642.18099999986589, 5928155.139000002294779 ], [ 566642.118999999947846, 5928154.637000000104308 ], [ 566642.063000001013279, 5928154.134000001475215 ], [ 566642.014000001363456, 5928153.633000003173947 ], [ 566641.970000001601875, 5928153.132000003010035 ], [ 566641.928999999538064, 5928152.617000000551343 ], [ 566641.908999999985099, 5928152.340000001713634 ], [ 566629.480999999679625, 5928147.577000001445413 ], [ 566626.680000000633299, 5928154.885000001639128 ], [ 566639.985999998636544, 5928159.985000001266599 ], [ 566640.300999999977648, 5928160.057000003755093 ], [ 566640.573000000789762, 5928160.079000003635883 ], [ 566640.896000000648201, 5928160.058000000193715 ], [ 566641.194000001065433, 5928159.993000000715256 ], [ 566641.464999999850988, 5928159.891000000759959 ] ], [ [ 566631.305000000633299, 5928150.87300000153482 ], [ 566631.917000001296401, 5928151.108000002801418 ], [ 566631.683000001125038, 5928151.718000002205372 ], [ 566631.071000001393259, 5928151.483000000938773 ], [ 566631.305000000633299, 5928150.87300000153482 ] ], [ [ 566633.083000000566244, 5928153.502999998629093 ], [ 566633.294999999925494, 5928152.950000001117587 ], [ 566633.428999999538064, 5928153.001000000163913 ], [ 566633.742000001482666, 5928152.184000000357628 ], [ 566634.959000000730157, 5928152.651000002399087 ], [ 566634.645999998785555, 5928153.467000002041459 ], [ 566634.78999999910593, 5928153.521999999880791 ], [ 566634.57799999974668, 5928154.0760000012815 ], [ 566634.017, 5928153.861000001430511 ], [ 566634.078000001609325, 5928153.7010000012815 ], [ 566633.729000001214445, 5928153.566999999806285 ], [ 566633.667999999597669, 5928153.727 ], [ 566633.083000000566244, 5928153.502999998629093 ] ] ] } },
{ "type": "Feature", "properties": { "gebaeude_id": "DEHHALKA10007htD", "dachneig": 0.0, "dachfl_2d": 37.53, "dachfl_3d": 37.53, "area_m2": 37.5 }, "geometry": { "type": "Polygon", "coordinates": [ [ [ 566626.901000000536442, 5928146.588000003248453 ], [ 566627.754000000655651, 5928146.91499999910593 ], [ 566628.956000000238419, 5928147.376000000163913 ], [ 566626.197000001557171, 5928154.575000001117587 ], [ 566625.955000000074506, 5928155.208999998867512 ], [ 566639.822000000625849, 5928160.523 ], [ 566640.216000001877546, 5928160.613000001758337 ], [ 566640.567999999970198, 5928160.640999998897314 ], [ 566640.974000001326203, 5928160.61600000038743 ], [ 566641.353000001050532, 5928160.533000001683831 ], [ 566641.70200000051409, 5928160.401999998837709 ], [ 566642.063000001013279, 5928160.2010000012815 ], [ 566642.356999998912215, 5928159.973999999463558 ], [ 566642.616000002250075, 5928159.708000002428889 ], [ 566642.858000000938773, 5928159.372999999672174 ], [ 566643.028000000864267, 5928159.041000002995133 ], [ 566643.152999999932945, 5928158.6739999987185 ], [ 566643.225999999791384, 5928158.274000000208616 ], [ 566643.238000000827014, 5928157.921000001952052 ], [ 566643.194000001065433, 5928157.519000001251698 ], [ 566643.075000001117587, 5928157.034000001847744 ], [ 566642.973000001162291, 5928156.544000003486872 ], [ 566642.884000000543892, 5928156.053000003099442 ], [ 566642.807000000961125, 5928155.560000000521541 ], [ 566642.737999999895692, 5928155.066000001505017 ], [ 566642.677000001072884, 5928154.571000000461936 ], [ 566642.621999999508262, 5928154.0760000012815 ], [ 566642.573000000789762, 5928153.581000000238419 ], [ 566642.52900000102818, 5928153.08500000461936 ], [ 566642.489000000990927, 5928152.575000002980232 ], [ 566642.454000001773238, 5928152.093000002205372 ], [ 566642.423000001348555, 5928151.597000000998378 ], [ 566642.394000001251698, 5928151.102 ], [ 566642.368999999947846, 5928150.605999998748302 ], [ 566642.358, 5928150.362999999895692 ], [ 566629.453000000678003, 5928145.417999999597669 ], [ 566626.901000000536442, 5928146.588000003248453 ] ], [ [ 566636.044999999925494, 5928149.834000000730157 ], [ 566636.098000002093613, 5928149.693000001832843 ], [ 566635.185000001452863, 5928149.343000000342727 ], [ 566635.132000001147389, 5928149.484000004827976 ], [ 566634.552000000141561, 5928149.262000003829598 ], [ 566634.760000000707805, 5928148.71900000423193 ], [ 566634.776999999769032, 5928148.675000004470348 ], [ 566634.946999999694526, 5928148.740000002086163 ], [ 566635.253999999724329, 5928147.938000001013279 ], [ 566637.018000000156462, 5928148.614 ], [ 566636.71100000012666, 5928149.416000002995133 ], [ 566636.826999999582767, 5928149.460000002756715 ], [ 566636.601999999955297, 5928150.047000002115965 ], [ 566636.044999999925494, 5928149.834000000730157 ] ], [ [ 566637.034000000916421, 5928149.53999999910593 ], [ 566637.204000000841916, 5928149.60500000230968 ], [ 566637.511000000871718, 5928148.802999999374151 ], [ 566639.275000001303852, 5928149.478999998420477 ], [ 566639.197999999858439, 5928149.678999999538064 ], [ 566638.968000002205372, 5928150.281000001356006 ], [ 566639.084000000730157, 5928150.325000001117587 ], [ 566638.859000001102686, 5928150.912000000476837 ], [ 566638.300999999977648, 5928150.699000004678965 ], [ 566638.355000000447035, 5928150.558000000193715 ], [ 566637.441999999806285, 5928150.208000004291534 ], [ 566637.388000001199543, 5928150.348999999463558 ], [ 566636.80900000128895, 5928150.127000002190471 ], [ 566637.034000000916421, 5928149.53999999910593 ] ], [ [ 566632.310999999754131, 5928148.403000000864267 ], [ 566631.530999999493361, 5928148.104000002145767 ], [ 566631.561000000685453, 5928148.027000000700355 ], [ 566631.584999999962747, 5928147.962999999523163 ], [ 566630.67200000025332, 5928147.613999998196959 ], [ 566630.618000000715256, 5928147.754000002518296 ], [ 566630.039000000804663, 5928147.532000001519918 ], [ 566630.263000002130866, 5928146.945000002160668 ], [ 566630.43300000205636, 5928147.009999999776483 ], [ 566630.740000002086163, 5928146.208000002428889 ], [ 566632.505000001750886, 5928146.88400000333786 ], [ 566632.197000000625849, 5928147.686000000685453 ], [ 566632.313000001944602, 5928147.731000000610948 ], [ 566632.087999999523163, 5928148.316999999806285 ], [ 566632.310999999754131, 5928148.403000000864267 ] ], [ [ 566632.387000000104308, 5928148.206000003963709 ], [ 566632.536000001244247, 5928147.816000001505017 ], [ 566632.705000000074506, 5928147.881000000983477 ], [ 566633.012000000104308, 5928147.079000003635883 ], [ 566634.776999999769032, 5928147.754999998956919 ], [ 566634.469000001437962, 5928148.557 ], [ 566634.584999999962747, 5928148.600999999791384 ], [ 566634.557000000961125, 5928148.675000004470348 ], [ 566634.360000000335276, 5928149.187999999150634 ], [ 566633.803000000305474, 5928148.974999999627471 ], [ 566633.85700000077486, 5928148.833999998867512 ], [ 566632.944000001065433, 5928148.484000002965331 ], [ 566632.889999999664724, 5928148.625000001862645 ], [ 566632.310999999754131, 5928148.403000000864267 ], [ 566632.387000000104308, 5928148.206000003963709 ] ], [ [ 566629.480999999679625, 5928147.577000001445413 ], [ 566641.908999999985099, 5928152.340000001713634 ], [ 566641.928999999538064, 5928152.617000000551343 ], [ 566641.970000001601875, 5928153.132000003010035 ], [ 566642.014000001363456, 5928153.633000003173947 ], [ 566642.063000001013279, 5928154.134000001475215 ], [ 566642.118999999947846, 5928154.637000000104308 ], [ 566642.18099999986589, 5928155.139000002294779 ], [ 566642.251000002026558, 5928155.64299999922514 ], [ 566642.331000000238419, 5928156.146999999880791 ], [ 566642.42200000025332, 5928156.652000000700355 ], [ 566642.527999999932945, 5928157.158000003546476 ], [ 566642.639999999664724, 5928157.616999998688698 ], [ 566642.675999999977648, 5928157.941999999806285 ], [ 566642.666000001132488, 5928158.214000003412366 ], [ 566642.609000002034009, 5928158.532000003382564 ], [ 566642.509999999776483, 5928158.821000000461936 ], [ 566642.377000001259148, 5928159.079000001773238 ], [ 566642.185000001452863, 5928159.34600000269711 ], [ 566641.983000000938773, 5928159.553999999538064 ], [ 566641.753000000491738, 5928159.730999998748302 ], [ 566641.464999999850988, 5928159.891000000759959 ], [ 566641.194000001065433, 5928159.993000000715256 ], [ 566640.896000000648201, 5928160.058000000193715 ], [ 566640.573000000789762, 5928160.079000003635883 ], [ 566640.300999999977648, 5928160.057000003755093 ], [ 566639.985999998636544, 5928159.985000001266599 ], [ 566626.680000000633299, 5928154.885000001639128 ], [ 566629.480999999679625, 5928147.577000001445413 ] ] ] } },
{ "type": "Feature", "properties": { "gebaeude_id": "DEHHALKA10007htD", "dachneig": 0.0, "dachfl_2d": 12.191, "dachfl_3d": 12.191, "area_m2": 12.2 }, "geometry": { "type": "Polygon", "coordinates": [ [ [ 566630.054000000469387, 5928193.990000000223517 ], [ 566632.750000000931323, 5928186.955 ], [ 566632.093000000342727, 5928186.70299999974668 ], [ 566627.573999999091029, 5928190.418999999761581 ], [ 566627.455000000074506, 5928190.558000000193715 ], [ 566627.347000000067055, 5928190.714999997988343 ], [ 566627.264000001363456, 5928190.868000000715256 ], [ 566627.195000000298023, 5928191.033000003546476 ], [ 566627.140999999828637, 5928191.210000002756715 ], [ 566627.11699999962002, 5928191.332000002264977 ], [ 566627.105000001378357, 5928191.395000003278255 ], [ 566627.087999999523163, 5928191.585999999195337 ], [ 566627.089999998919666, 5928191.673000002279878 ], [ 566627.091000000014901, 5928191.748999997973442 ], [ 566627.114000000990927, 5928191.946000000461936 ], [ 566627.145999999716878, 5928192.081000000238419 ], [ 566627.158999999985099, 5928192.139000000432134 ], [ 566627.212000000290573, 5928192.292999999597669 ], [ 566627.292000000365078, 5928192.468000002205372 ], [ 566627.389000000432134, 5928192.630000000819564 ], [ 566627.498999999836087, 5928192.778000002726912 ], [ 566627.562000000849366, 5928192.846000000834465 ], [ 566627.621000000275671, 5928192.910000002011657 ], [ 566627.751000000163913, 5928193.025000002235174 ], [ 566627.905000001192093, 5928193.136000001803041 ], [ 566628.065000000409782, 5928193.227000001817942 ], [ 566630.054000000469387, 5928193.990000000223517 ] ], [ [ 566631.297000002115965, 5928188.333000002428889 ], [ 566631.627000000327826, 5928187.474000001326203 ], [ 566632.313000001944602, 5928187.736999999731779 ], [ 566631.984000002034009, 5928188.596000000834465 ], [ 566631.297000002115965, 5928188.333000002428889 ] ], [ [ 566629.146000000648201, 5928193.030999999493361 ], [ 566629.100000000558794, 5928193.092000002041459 ], [ 566628.890000000596046, 5928192.936000000685453 ], [ 566628.887000000104308, 5928192.934000000357628 ], [ 566627.246999999508262, 5928191.719000000506639 ], [ 566627.367000000551343, 5928191.55800000205636 ], [ 566627.535000000149012, 5928191.33 ], [ 566628.92100000102073, 5928189.459000002592802 ], [ 566630.774000000208616, 5928190.831000000238419 ], [ 566629.146000000648201, 5928193.030999999493361 ] ] ] } },
{ "type": "Feature", "properties": { "gebaeude_id": "DEHHALKA10007htD", "dachneig": 0.0, "dachfl_2d": 27.745, "dachfl_3d": 27.745, "area_m2": 27.7 }, "geometry": { "type": "Polygon", "coordinates": [ [ [ 566620.971000000834465, 5928150.687000000849366 ], [ 566620.888000001199543, 5928151.138000002130866 ], [ 566620.90500000026077, 5928151.53600000217557 ], [ 566621.027999999932945, 5928151.978000001981854 ], [ 566621.228000001050532, 5928152.343000000342727 ], [ 566621.25800000037998, 5928152.377000002190471 ], [ 566621.518000002019107, 5928152.668000001460314 ], [ 566621.86699999962002, 5928152.915000000968575 ], [ 566626.197000001557171, 5928154.575000001117587 ], [ 566628.956000000238419, 5928147.376000000163913 ], [ 566627.754000000655651, 5928146.91499999910593 ], [ 566621.724000000394881, 5928149.680000001564622 ], [ 566621.398000000976026, 5928149.957000000402331 ], [ 566621.138000002130866, 5928150.30599999986589 ], [ 566621.102000000886619, 5928150.387000001966953 ], [ 566620.971000000834465, 5928150.687000000849366 ] ], [ [ 566627.414000000804663, 5928148.783000001683831 ], [ 566627.723000000230968, 5928147.977 ], [ 566628.449000000022352, 5928148.254999998956919 ], [ 566628.139999999664724, 5928149.061000000685453 ], [ 566627.414000000804663, 5928148.783000001683831 ] ], [ [ 566625.264000000432134, 5928149.182000001892447 ], [ 566626.196000000461936, 5928151.258000001311302 ], [ 566623.620000000111759, 5928152.415000000968575 ], [ 566622.688000001013279, 5928150.338000001385808 ], [ 566625.264000000432134, 5928149.182000001892447 ] ] ] } },
{ "type": "Feature", "properties": { "gebaeude_id": "DEHHALKA10007htD", "dachneig": 0.0, "dachfl_2d": 1901.366, "dachfl_3d": 1901.366, "area_m2": 1901.4 }, "geometry": { "type": "Polygon", "coordinates": [ [ [ 566654.396999999880791, 5928225.053999999538064 ], [ 566654.326000000350177, 5928224.156000003218651 ], [ 566654.325000001117587, 5928224.144999999552965 ], [ 566654.275000002235174, 5928223.316000001505017 ], [ 566654.272000000812113, 5928223.258000001311302 ], [ 566654.272000000812113, 5928223.253000000491738 ], [ 566654.234000001102686, 5928222.360000001266599 ], [ 566654.212000001221895, 5928221.466 ], [ 566654.212000001221895, 5928221.459000000730157 ], [ 566654.203999999910593, 5928220.572000002488494 ], [ 566654.203999999910593, 5928220.559000002220273 ], [ 566654.21000000089407, 5928219.659 ], [ 566654.230000001378357, 5928218.759000001475215 ], [ 566654.259999999776483, 5928217.966000003740191 ], [ 566654.262000000104308, 5928217.917999999597669 ], [ 566654.264000002294779, 5928217.859999999403954 ], [ 566654.300000000745058, 5928217.147000001743436 ], [ 566654.303000001236796, 5928217.097000000998378 ], [ 566654.310000001452863, 5928216.961000001057982 ], [ 566654.351999999023974, 5928216.325000001117587 ], [ 566654.355000000447035, 5928216.275000000372529 ], [ 566654.369000000879169, 5928216.063000001013279 ], [ 566654.41399999987334, 5928215.50000000372529 ], [ 566654.417000000365078, 5928215.451999999582767 ], [ 566654.439999999478459, 5928215.166000001132488 ], [ 566654.500000001862645, 5928214.506999999284744 ], [ 566654.50800000037998, 5928214.373999999836087 ], [ 566654.510000000707805, 5928214.328000001609325 ], [ 566654.53000000026077, 5928213.977 ], [ 566654.563000000081956, 5928213.077000001445413 ], [ 566654.56900000013411, 5928212.69200000166893 ], [ 566654.56900000013411, 5928212.649000002071261 ], [ 566654.576000000350177, 5928212.177000002935529 ], [ 566654.56900000013411, 5928211.277000000700355 ], [ 566654.561000000685453, 5928210.993000002577901 ], [ 566654.560000002384186, 5928210.949999999254942 ], [ 566654.543000000528991, 5928210.377999998629093 ], [ 566654.497999999672174, 5928209.479000000283122 ], [ 566654.492000000551343, 5928209.388000002130866 ], [ 566654.435999999754131, 5928208.581000000238419 ], [ 566654.35600000154227, 5928207.684000000357628 ], [ 566654.261000000871718, 5928206.796 ], [ 566654.259999999776483, 5928206.789999997243285 ], [ 566654.148999999277294, 5928205.896000001579523 ], [ 566654.146999999880791, 5928205.879000002518296 ], [ 566654.022000000812113, 5928205.004999998956919 ], [ 566653.881000000983477, 5928204.116999998688698 ], [ 566653.726000000722706, 5928203.230000000447035 ], [ 566653.626000000163913, 5928202.708000004291534 ], [ 566653.620000001043081, 5928202.674000000581145 ], [ 566653.557000000029802, 5928202.346000004559755 ], [ 566653.458000000566244, 5928201.868000002577901 ], [ 566653.450000001117587, 5928201.83 ], [ 566653.375000000931323, 5928201.465000001713634 ], [ 566653.279000000096858, 5928201.032000001519918 ], [ 566653.271000000648201, 5928200.993000002577901 ], [ 566653.18099999986589, 5928200.585999997332692 ], [ 566653.091000000014901, 5928200.20299999974668 ], [ 566653.083000000566244, 5928200.166000002995133 ], [ 566652.975999999791384, 5928199.71000000089407 ], [ 566652.75800000037998, 5928198.836000002920628 ], [ 566652.690000001341105, 5928198.597000002861023 ], [ 566652.679000001400709, 5928198.556000001728535 ], [ 566652.513000001199543, 5928197.969999998807907 ], [ 566652.466000000014901, 5928197.792000001296401 ], [ 566652.455000000074506, 5928197.749999998137355 ], [ 566652.283000000752509, 5928197.099999997764826 ], [ 566652.259000000543892, 5928197.002999998629093 ], [ 566652.248999999836087, 5928196.961000001057982 ], [ 566652.069000001065433, 5928196.225999999791384 ], [ 566652.066000000573695, 5928196.212999999523163 ], [ 566652.057000000029802, 5928196.172000002115965 ], [ 566652.047000001184642, 5928196.129000000655651 ], [ 566651.870000001043081, 5928195.348000001162291 ], [ 566651.687000000849366, 5928194.466999998316169 ], [ 566651.519999999552965, 5928193.583000004291534 ], [ 566651.514000000432134, 5928193.550000000745058 ], [ 566651.375000000931323, 5928192.728000001981854 ], [ 566651.369000000879169, 5928192.695000004023314 ], [ 566651.234000001102686, 5928191.80600000359118 ], [ 566651.117999999783933, 5928190.947000000625849 ], [ 566651.114000000059605, 5928190.91499999910593 ], [ 566651.110000001266599, 5928190.882000003010035 ], [ 566651.010000000707805, 5928190.02000000141561 ], [ 566650.925999999977648, 5928189.159000001847744 ], [ 566650.923000001348555, 5928189.124000003561378 ], [ 566650.849999999627471, 5928188.227000003680587 ], [ 566650.848000002093613, 5928188.196999998763204 ], [ 566650.794000000692904, 5928187.329000001773238 ], [ 566650.753000001423061, 5928186.429999999701977 ], [ 566650.728000001050532, 5928185.568 ], [ 566650.726999999955297, 5928185.530000001192093 ], [ 566650.717000001110137, 5928184.671 ], [ 566650.717000001110137, 5928184.629999998956919 ], [ 566650.7220000019297, 5928183.730000000447035 ], [ 566650.740000000223517, 5928182.900000000372529 ], [ 566650.74100000038743, 5928182.830000001937151 ], [ 566650.775000001303852, 5928181.946000000461936 ], [ 566650.776000000536442, 5928181.93099999986589 ], [ 566650.825000001117587, 5928181.032000001519918 ], [ 566650.887999999336898, 5928180.134000001475215 ], [ 566650.889999999664724, 5928180.109000002965331 ], [ 566650.957000000402331, 5928179.342000000178814 ], [ 566650.962000001221895, 5928179.287000002339482 ], [ 566650.966000000014901, 5928179.238000001758337 ], [ 566651.057999999262393, 5928178.342000002041459 ], [ 566651.127000000327826, 5928177.753000002354383 ], [ 566651.134000000543892, 5928177.696000002324581 ], [ 566651.16300000064075, 5928177.449000002816319 ], [ 566651.233, 5928176.926000000908971 ], [ 566651.240000000223517, 5928176.870999999344349 ], [ 566651.282000000588596, 5928176.556000001728535 ], [ 566651.293000000528991, 5928176.476000001654029 ], [ 566651.344000000506639, 5928176.123999997973442 ], [ 566651.386000000871718, 5928175.651000002399087 ], [ 566651.391000001691282, 5928175.600000001490116 ], [ 566651.424000001512468, 5928175.228000000119209 ], [ 566651.483, 5928174.330000003799796 ], [ 566651.521999999880791, 5928173.431000001728535 ], [ 566651.541000001132488, 5928172.531000003218651 ], [ 566651.541000001132488, 5928172.198000000789762 ], [ 566651.540000000037253, 5928171.631000004708767 ], [ 566651.519000001251698, 5928170.731000000610948 ], [ 566651.514999999664724, 5928170.651000000536442 ], [ 566651.479000001214445, 5928169.832000004127622 ], [ 566651.419000000692904, 5928168.934000002220273 ], [ 566651.341000000014901, 5928168.037000002339482 ], [ 566651.243999999947846, 5928167.143000001087785 ], [ 566651.128999999724329, 5928166.25 ], [ 566650.997000000439584, 5928165.359999999403954 ], [ 566650.858000000938773, 5928164.539000000804663 ], [ 566650.847000000998378, 5928164.472999999299645 ], [ 566650.740000000223517, 5928163.908000001683831 ], [ 566650.679999999701977, 5928163.587999999523163 ], [ 566650.57700000051409, 5928163.094000000506639 ], [ 566650.569000001065433, 5928163.057000001892447 ], [ 566650.496000001206994, 5928162.707000002264977 ], [ 566650.45299999974668, 5928162.514000002294779 ], [ 566650.410000001080334, 5928162.367000002413988 ], [ 566650.275000001303852, 5928161.890999998897314 ], [ 566650.263000000268221, 5928161.851000003516674 ], [ 566650.164000000804663, 5928161.501000002026558 ], [ 566650.052000001072884, 5928161.091000003740191 ], [ 566650.039000001735985, 5928161.043999999761581 ], [ 566649.927000000141561, 5928160.633000005036592 ], [ 566649.837000000290573, 5928160.287000002339482 ], [ 566649.826000000350177, 5928160.243000002577901 ], [ 566649.7010000012815, 5928159.762000000104308 ], [ 566649.633000002242625, 5928159.486999997869134 ], [ 566649.621999999508262, 5928159.439999999478459 ], [ 566649.486000000499189, 5928158.888000000268221 ], [ 566649.439000000245869, 5928158.685000000521541 ], [ 566649.427000001072884, 5928158.63400000333786 ], [ 566649.283000000752509, 5928158.011000003665686 ], [ 566649.254000000655651, 5928157.879000004380941 ], [ 566649.245000001043081, 5928157.833999998867512 ], [ 566649.093000001274049, 5928157.131000002846122 ], [ 566649.082000001333654, 5928157.078000001609325 ], [ 566649.071999999694526, 5928157.027000000700355 ], [ 566648.918999999761581, 5928156.270999999716878 ], [ 566648.915000000037253, 5928156.248999999836087 ], [ 566648.907000000588596, 5928156.207000002264977 ], [ 566648.752000000327826, 5928155.36400000192225 ], [ 566648.608, 5928154.498000003397465 ], [ 566648.604000000283122, 5928154.476000003516674 ], [ 566648.476000000722706, 5928153.609000002965331 ], [ 566648.473000002093613, 5928153.586000001057982 ], [ 566648.361000000499189, 5928152.719000000506639 ], [ 566648.358, 5928152.693 ], [ 566648.264999999664724, 5928151.827000001445413 ], [ 566648.262000001035631, 5928151.798000002279878 ], [ 566648.185999999754131, 5928150.901999998837709 ], [ 566648.134000000543892, 5928150.045 ], [ 566648.131000000052154, 5928150.003000002354383 ], [ 566648.098000000230968, 5928149.104000000283122 ], [ 566648.091000000014901, 5928148.204000001773238 ], [ 566648.091000000014901, 5928148.197999998927116 ], [ 566648.109000000171363, 5928147.304000003263354 ], [ 566648.112999999895692, 5928147.232999997213483 ], [ 566648.152999999932945, 5928146.455000001937151 ], [ 566648.158000000752509, 5928146.342000000178814 ], [ 566648.187000000849366, 5928145.53600000217557 ], [ 566648.188000000081956, 5928145.506000002846122 ], [ 566648.183000001125038, 5928144.606000000610948 ], [ 566648.183000001125038, 5928144.594999998807907 ], [ 566648.145000000484288, 5928143.719999998807907 ], [ 566648.144000000320375, 5928143.707000002264977 ], [ 566648.137000001966953, 5928143.623000003397465 ], [ 566648.072999999858439, 5928142.809999998658895 ], [ 566648.065999999642372, 5928142.751000002026558 ], [ 566647.972000000067055, 5928141.915000000968575 ], [ 566647.959000000730157, 5928141.822000000625849 ], [ 566647.843000001274049, 5928141.025000002235174 ], [ 566647.832000001333654, 5928140.961000001057982 ], [ 566647.685999998822808, 5928140.138000000268221 ], [ 566647.679000001400709, 5928140.105999998748302 ], [ 566647.506000000052154, 5928139.257000003010035 ], [ 566647.323000000789762, 5928138.475999999791384 ], [ 566647.309000000357628, 5928138.412999998778105 ], [ 566647.294000000692904, 5928138.351000001654029 ], [ 566647.092000002041459, 5928137.5760000012815 ], [ 566647.075000000186265, 5928137.50899999961257 ], [ 566646.828999999910593, 5928136.64299999922514 ], [ 566646.62300000153482, 5928135.974999999627471 ], [ 566646.605000000447035, 5928135.915000000968575 ], [ 566646.564000002108514, 5928135.783000001683831 ], [ 566646.280999999493361, 5928134.929000001400709 ], [ 566646.04600000102073, 5928134.264000002294779 ], [ 566646.011000000871718, 5928134.166000001132488 ], [ 566645.980999999679625, 5928134.08 ], [ 566645.933000000193715, 5928133.951000003144145 ], [ 566645.772000000812113, 5928133.548000002279878 ], [ 566645.541000002063811, 5928133.019999999552965 ], [ 566645.412000000476837, 5928132.723000003024936 ], [ 566645.019000001251698, 5928131.914000002667308 ], [ 566644.829000000841916, 5928131.555000001564622 ], [ 566644.798999999649823, 5928131.498999999836087 ], [ 566644.598000000230968, 5928131.118000002577901 ], [ 566644.150000000372529, 5928130.338000001385808 ], [ 566643.679000000469387, 5928129.571000002324581 ], [ 566643.5, 5928129.296000001952052 ], [ 566643.468999999575317, 5928129.249000003561378 ], [ 566643.187000000849366, 5928128.816999999806285 ], [ 566642.675000001676381, 5928128.077000001445413 ], [ 566642.147000001743436, 5928127.348000003024936 ], [ 566641.603000001050532, 5928126.632000001147389 ], [ 566641.044000000692904, 5928125.925999999046326 ], [ 566633.556000000797212, 5928117.172999998554587 ], [ 566616.612000000663102, 5928097.269999999552965 ], [ 566618.366999998688698, 5928114.552000002935529 ], [ 566618.322000000625849, 5928115.028999999165535 ], [ 566618.250000001862645, 5928115.506999999284744 ], [ 566618.152000000700355, 5928115.984000002965331 ], [ 566618.026000000536442, 5928116.458000000566244 ], [ 566617.872999999672174, 5928116.925999999046326 ], [ 566617.69400000013411, 5928117.386 ], [ 566617.489000000059605, 5928117.835999999195337 ], [ 566617.259000000543892, 5928118.274000000208616 ], [ 566617.006000000983477, 5928118.697999998927116 ], [ 566616.730000001378357, 5928119.106000000610948 ], [ 566616.433000000193715, 5928119.496000003069639 ], [ 566616.117000000551343, 5928119.86600000038743 ], [ 566615.782999999821186, 5928120.216000001877546 ], [ 566615.434000000357628, 5928120.543999997898936 ], [ 566610.109000000171363, 5928124.391000000759959 ], [ 566610.449000000022352, 5928124.379999998956919 ], [ 566610.858, 5928124.396000001579523 ], [ 566611.252000000327826, 5928124.440000001341105 ], [ 566625.658000001683831, 5928128.561000000685453 ], [ 566628.782000001519918, 5928129.43300000205636 ], [ 566629.356000000610948, 5928129.734999999403954 ], [ 566629.898000000976026, 5928130.110000003129244 ], [ 566630.386000000871718, 5928130.543000001460314 ], [ 566630.806000001728535, 5928131.015999998897314 ], [ 566631.185000000521541, 5928131.564000003039837 ], [ 566631.481000000610948, 5928132.124000001698732 ], [ 566631.714999999850988, 5928132.732000004500151 ], [ 566631.875000000931323, 5928133.372000003233552 ], [ 566631.956000000238419, 5928134.015000000596046 ], [ 566631.956000000238419, 5928134.125 ], [ 566631.959000000730157, 5928134.565999999642372 ], [ 566631.959999999962747, 5928134.636 ], [ 566631.959999999962747, 5928134.662999998778105 ], [ 566631.911000001244247, 5928135.083000000566244 ], [ 566631.90400000102818, 5928135.149000000208616 ], [ 566631.884000001475215, 5928135.319000001996756 ], [ 566631.79700000025332, 5928135.677999997511506 ], [ 566631.731000000610948, 5928135.95299999974668 ], [ 566631.66399999987334, 5928136.133000003173947 ], [ 566631.511000001803041, 5928136.546 ], [ 566631.470000000670552, 5928136.626000000163913 ], [ 566631.40400000102818, 5928136.752999998629093 ], [ 566631.206000001169741, 5928137.138000000268221 ], [ 566630.852000000886619, 5928137.662999998778105 ], [ 566630.850000001490116, 5928137.666000002995133 ], [ 566630.767, 5928137.761 ], [ 566630.456000000238419, 5928138.119000000879169 ], [ 566630.425000000745058, 5928138.155000001192093 ], [ 566629.96100000012666, 5928138.575000001117587 ], [ 566629.935999999754131, 5928138.598000001162291 ], [ 566629.856999999843538, 5928138.65400000102818 ], [ 566629.438999999314547, 5928138.949000004678965 ], [ 566629.405999999493361, 5928138.972000000998378 ], [ 566629.324000000022352, 5928139.010000003501773 ], [ 566629.207000002264977, 5928139.063000002875924 ], [ 566629.091000000946224, 5928139.115000002086163 ], [ 566617.701000000350177, 5928144.307000001892447 ], [ 566617.650000000372529, 5928144.339000003412366 ], [ 566616.966000000946224, 5928144.761 ], [ 566616.833999999798834, 5928144.868000000715256 ], [ 566616.27900000102818, 5928145.315000001341105 ], [ 566616.110000000335276, 5928145.491000002250075 ], [ 566615.684000000357628, 5928145.93300000205636 ], [ 566615.675000000745058, 5928145.943000003695488 ], [ 566615.166000002063811, 5928146.622000001370907 ], [ 566615.148000001907349, 5928146.653000000864267 ], [ 566614.724000001326203, 5928147.397000003606081 ], [ 566614.690999999642372, 5928147.476000001654029 ], [ 566614.399000001139939, 5928148.179999999701977 ], [ 566614.361999999731779, 5928148.313000004738569 ], [ 566614.167000001296401, 5928149.021000001579523 ], [ 566614.140000000596046, 5928149.208999998867512 ], [ 566614.040000000037253, 5928149.89300000295043 ], [ 566614.023000000976026, 5928150.758000001311302 ], [ 566614.054999999701977, 5928151.05600000359118 ], [ 566614.11400000192225, 5928151.616999998688698 ], [ 566614.314999999478459, 5928152.475999999791384 ], [ 566614.462000000290573, 5928152.870000001043081 ], [ 566614.619000000879169, 5928153.294000001624227 ], [ 566614.842000000178814, 5928153.723000001162291 ], [ 566615.010000000707805, 5928154.046000001952052 ], [ 566615.517000001855195, 5928154.780000001192093 ], [ 566616.081000000238419, 5928155.412999998778105 ], [ 566616.736999999731779, 5928155.987000003457069 ], [ 566617.469000000506639, 5928156.480000000447035 ], [ 566618.240000000223517, 5928156.870000002905726 ], [ 566618.256000000983477, 5928156.875999998301268 ], [ 566619.121000002138317, 5928157.207000002264977 ], [ 566619.24100000038743, 5928157.254000000655651 ], [ 566637.642000001855195, 5928164.304999999701977 ], [ 566637.657000000588596, 5928164.316000001505017 ], [ 566637.924999999813735, 5928164.511000003665686 ], [ 566637.978000001981854, 5928164.549000000581145 ], [ 566638.091000000014901, 5928164.631000002846122 ], [ 566638.278000000864267, 5928164.798000002279878 ], [ 566638.31900000013411, 5928164.833999998867512 ], [ 566638.506000001914799, 5928165.001000002026558 ], [ 566638.88399999961257, 5928165.407000001519918 ], [ 566638.896000000648201, 5928165.424000000581145 ], [ 566639.118999999947846, 5928165.717000002041459 ], [ 566639.155999999493361, 5928165.765999998897314 ], [ 566639.219000000506639, 5928165.849999997764826 ], [ 566639.50899999961257, 5928166.322999998927116 ], [ 566639.54600000102073, 5928166.398000003769994 ], [ 566639.571000001393259, 5928166.451000003144145 ], [ 566639.752000001259148, 5928166.822999998927116 ], [ 566639.942999999970198, 5928167.34400000423193 ], [ 566639.953999999910593, 5928167.38399999961257 ], [ 566640.083000000566244, 5928167.881000000983477 ], [ 566640.172000001184642, 5928168.429000001400709 ], [ 566640.20299999974668, 5928168.984000004827976 ], [ 566640.182000000961125, 5928169.539000002667308 ], [ 566640.10700000077486, 5928170.088999999687076 ], [ 566639.977000000886619, 5928170.629000000655651 ], [ 566639.851000000722706, 5928170.990000000223517 ], [ 566639.794999999925494, 5928171.153000002726912 ], [ 566639.718000000342727, 5928171.320000002160668 ], [ 566639.563000000081956, 5928171.657999999821186 ], [ 566639.557999999262393, 5928171.666999999433756 ], [ 566639.332999999634922, 5928172.04700000025332 ], [ 566639.29600000102073, 5928172.110000001266599 ], [ 566639.281000001356006, 5928172.136000001803041 ], [ 566638.955000000074506, 5928172.586000001057982 ], [ 566638.817999999970198, 5928172.740000000223517 ], [ 566638.771999999880791, 5928172.791999999433756 ], [ 566638.58600000012666, 5928173.001000000163913 ], [ 566623.247999999672174, 5928185.612999999895692 ], [ 566623.229000000283122, 5928185.631000000983477 ], [ 566622.688000001013279, 5928186.140999998897314 ], [ 566622.657000000588596, 5928186.177999999374151 ], [ 566622.169999999925494, 5928186.752000000327826 ], [ 566621.758000001311302, 5928187.365000002086163 ], [ 566621.364000000059605, 5928188.12300000153482 ], [ 566621.314000001177192, 5928188.254000004380941 ], [ 566621.110000000335276, 5928188.782000001519918 ], [ 566620.901000001467764, 5928189.570000002160668 ], [ 566620.784000000916421, 5928190.39299999922514 ], [ 566620.766000000759959, 5928191.235000001266599 ], [ 566620.831000002101064, 5928191.959000000730157 ], [ 566620.890000001527369, 5928192.256999999284744 ], [ 566620.971000000834465, 5928192.672000002115965 ], [ 566621.071999999694526, 5928192.993000000715256 ], [ 566621.225000000558794, 5928193.476000001654029 ], [ 566621.376000001095235, 5928193.808000003919005 ], [ 566621.56800000090152, 5928194.232999999076128 ], [ 566621.99000000115484, 5928194.93099999986589 ], [ 566622.295000000856817, 5928195.33 ], [ 566622.418000000528991, 5928195.491999998688698 ], [ 566623.008999998681247, 5928196.109000001102686 ], [ 566623.431000001728535, 5928196.461000001057982 ], [ 566623.576999999582767, 5928196.582000002264977 ], [ 566624.052000001072884, 5928196.89500000141561 ], [ 566624.245000000111759, 5928197.023000001907349 ], [ 566624.754999999888241, 5928197.284000001847744 ], [ 566624.931000000797212, 5928197.37300000153482 ], [ 566639.562000001780689, 5928202.98000000230968 ], [ 566640.191999999806285, 5928203.241999998688698 ], [ 566640.286000000312924, 5928203.295000003650784 ], [ 566640.624999999068677, 5928203.483000000938773 ], [ 566640.682000000961125, 5928203.515000002458692 ], [ 566641.000000000931323, 5928203.739 ], [ 566641.03600000217557, 5928203.765000000596046 ], [ 566641.16300000064075, 5928203.854000000283122 ], [ 566641.40400000102818, 5928204.071000000461936 ], [ 566641.438000001944602, 5928204.100999999791384 ], [ 566641.669999998994172, 5928204.310000002384186 ], [ 566641.77800000179559, 5928204.434000002220273 ], [ 566642.060000000521541, 5928204.756000000983477 ], [ 566642.08500000089407, 5928204.785000000149012 ], [ 566642.087999999523163, 5928204.789000002667308 ], [ 566642.109000001102686, 5928204.820000004023314 ], [ 566642.360000000335276, 5928205.182000003755093 ], [ 566642.418999999761581, 5928205.267000004649162 ], [ 566642.587000002153218, 5928205.582000000402331 ], [ 566642.606000000610948, 5928205.617000000551343 ], [ 566642.733, 5928205.856000000610948 ], [ 566642.975000000558794, 5928206.488000001758337 ], [ 566642.995000001043081, 5928206.564000001177192 ], [ 566643.120000000111759, 5928207.054000001400709 ], [ 566643.20200000051409, 5928207.632000001147389 ], [ 566643.220000000670552, 5928208.308000000193715 ], [ 566643.16399999987334, 5928208.876000002026558 ], [ 566643.15400000102818, 5928208.972000000998378 ], [ 566643.03000000026077, 5928209.545 ], [ 566642.82799999974668, 5928210.143000001087785 ], [ 566642.794000000692904, 5928210.214000001549721 ], [ 566642.775000002235174, 5928210.253000000491738 ], [ 566642.533000000752509, 5928210.758000003173947 ], [ 566642.321000000461936, 5928211.092000000178814 ], [ 566642.294000000692904, 5928211.136 ], [ 566642.218000001274049, 5928211.255000000819564 ], [ 566642.047000001184642, 5928211.469999998807907 ], [ 566642.016000000759959, 5928211.509999997913837 ], [ 566641.868999999947846, 5928211.695000002160668 ], [ 566641.388000000268221, 5928212.177000002935529 ], [ 566641.351999999955297, 5928212.207000002264977 ], [ 566629.259000000543892, 5928222.151000004261732 ], [ 566629.211000001989305, 5928222.190999999642372 ], [ 566628.685000001452863, 5928222.680000001564622 ], [ 566628.665000000968575, 5928222.699000004678965 ], [ 566628.185999999754131, 5928223.256000004708767 ], [ 566628.15400000102818, 5928223.293000001460314 ], [ 566627.781000001356006, 5928223.83500000461936 ], [ 566627.737999999895692, 5928223.899000002071261 ], [ 566627.388000001199543, 5928224.544000001624227 ], [ 566627.103000001050532, 5928225.240000000223517 ], [ 566627.096000000834465, 5928225.258000005036592 ], [ 566626.880000001750886, 5928226.02000000141561 ], [ 566626.75, 5928226.816000001505017 ], [ 566626.74900000076741, 5928226.832000000402331 ], [ 566626.713000000454485, 5928227.503000000491738 ], [ 566626.718000000342727, 5928227.585000002756715 ], [ 566626.760000000707805, 5928228.336000002920628 ], [ 566626.769999999552965, 5928228.394000003114343 ], [ 566626.90500000026077, 5928229.158000001683831 ], [ 566626.91399999987334, 5928229.189000003039837 ], [ 566626.937000000849366, 5928229.266000000759959 ], [ 566627.098000001162291, 5928229.818 ], [ 566627.405999999493361, 5928230.563999999314547 ], [ 566627.441000001505017, 5928230.626000003889203 ], [ 566627.791000000201166, 5928231.256000000983477 ], [ 566627.816999999806285, 5928231.292999999597669 ], [ 566627.865999999456108, 5928231.360999999567866 ], [ 566628.238000000827014, 5928231.885000003501773 ], [ 566628.735999999567866, 5928232.443 ], [ 566628.852000000886619, 5928232.548000004142523 ], [ 566629.270000000484288, 5928232.927999999374151 ], [ 566629.902999999932945, 5928233.387999998405576 ], [ 566629.979000000283122, 5928233.431000001728535 ], [ 566630.558000001125038, 5928233.762000001966953 ], [ 566630.707000001333654, 5928233.819000001996756 ], [ 566646.206000002101064, 5928239.75900000333786 ], [ 566646.286000000312924, 5928239.78999999910593 ], [ 566646.381000000052154, 5928239.826000003144145 ], [ 566646.987999998964369, 5928239.988000001758337 ], [ 566647.067000000737607, 5928240.008000005036592 ], [ 566647.13300000037998, 5928240.026000000536442 ], [ 566647.821000001393259, 5928240.128000000491738 ], [ 566647.933000001125038, 5928240.144999999552965 ], [ 566648.611000000499189, 5928240.171 ], [ 566648.680000001564622, 5928240.1739999987185 ], [ 566649.425999999977648, 5928240.118000004440546 ], [ 566649.53999999910593, 5928240.109000002965331 ], [ 566650.105999999679625, 5928240.002000002190471 ], [ 566650.178999999538064, 5928239.989000003784895 ], [ 566650.24100000038743, 5928239.977 ], [ 566650.936000001616776, 5928239.766000000759959 ], [ 566651.029000001959503, 5928239.737999999895692 ], [ 566651.682000000961125, 5928239.453000001609325 ], [ 566651.746999999508262, 5928239.4239999987185 ], [ 566651.798000001348555, 5928239.401999998837709 ], [ 566652.530999998562038, 5928238.971000000834465 ], [ 566653.03700000140816, 5928238.593000004068017 ], [ 566653.091000000014901, 5928238.552999999374151 ], [ 566653.119000001810491, 5928238.531999999657273 ], [ 566653.658000001683831, 5928238.034000001847744 ], [ 566654.164000001735985, 5928237.449000002816319 ], [ 566654.207000000402331, 5928237.399000002071261 ], [ 566654.214000000618398, 5928237.390999998897314 ], [ 566654.667000000365078, 5928236.721000000834465 ], [ 566654.684000000357628, 5928236.695000000298023 ], [ 566655.039000001735985, 5928236.00899999961257 ], [ 566655.061999999918044, 5928235.963999999687076 ], [ 566655.345000000670552, 5928235.219000000506639 ], [ 566655.346000001765788, 5928235.215000001713634 ], [ 566655.534000001847744, 5928234.485000001266599 ], [ 566655.53899999987334, 5928234.464000001549721 ], [ 566655.646999999880791, 5928233.724999999627471 ], [ 566655.675000000745058, 5928232.916000004857779 ], [ 566655.674000000581145, 5928232.906999999657273 ], [ 566655.61500000115484, 5928232.140999998897314 ], [ 566655.595000000670552, 5928232.061000002548099 ], [ 566655.394000001251698, 5928231.268000001087785 ], [ 566655.193999999202788, 5928230.390999998897314 ], [ 566655.014000000432134, 5928229.50899999961257 ], [ 566654.853000001050532, 5928228.624000003561378 ], [ 566654.851999999955297, 5928228.615000002086163 ], [ 566654.712000001221895, 5928227.735000003129244 ], [ 566654.71100000012666, 5928227.729000000283122 ], [ 566654.588999999687076, 5928226.843000002205372 ], [ 566654.484000001102686, 5928225.949000000953674 ], [ 566654.484000001102686, 5928225.947000004351139 ], [ 566654.396999999880791, 5928225.053999999538064 ] ], [ [ 566620.838000000454485, 5928115.961000002920628 ], [ 566620.98200000077486, 5928115.407000001519918 ], [ 566621.128999999724329, 5928115.445000004023314 ], [ 566621.351000000722706, 5928114.592000003904104 ], [ 566622.582999999634922, 5928114.913000002503395 ], [ 566622.361000000499189, 5928115.766000002622604 ], [ 566622.517, 5928115.807000003755093 ], [ 566622.372999999672174, 5928116.360999999567866 ], [ 566621.773000000044703, 5928116.204000001773238 ], [ 566621.804000000469387, 5928116.084000002592802 ], [ 566621.458999999798834, 5928115.994000000879169 ], [ 566621.428000000305474, 5928116.114 ], [ 566620.838000000454485, 5928115.961000002920628 ] ], [ [ 566639.309000000357628, 5928136.420000001788139 ], [ 566638.462000002153218, 5928136.571999998763204 ], [ 566637.678000000305474, 5928136.673000004142523 ], [ 566636.868000000715256, 5928136.734999999403954 ], [ 566636.799000000581145, 5928136.740000000223517 ], [ 566636.656000000424683, 5928136.743000002577901 ], [ 566636.117000000551343, 5928136.756000002846122 ], [ 566635.834000000730157, 5928136.762000000104308 ], [ 566635.723000000230968, 5928136.765000002458692 ], [ 566635.657000000588596, 5928136.662000000476837 ], [ 566628.348000000230968, 5928125.276000002399087 ], [ 566628.311999999918044, 5928124.89500000141561 ], [ 566628.375000000931323, 5928124.590000001713634 ], [ 566628.493999999947846, 5928124.322000002488494 ], [ 566628.658999999985099, 5928124.110999999567866 ], [ 566629.016000000759959, 5928123.696000000461936 ], [ 566629.38399999961257, 5928123.302000002935529 ], [ 566629.800000000745058, 5928122.894000003114343 ], [ 566630.205000001005828, 5928122.532999999821186 ], [ 566630.620999999344349, 5928122.19400000013411 ], [ 566631.091000000946224, 5928121.850000001490116 ], [ 566631.540000000037253, 5928121.554000001400709 ], [ 566632.001999999396503, 5928121.282999999821186 ], [ 566632.542000000365078, 5928121.002000002190471 ], [ 566633.037000000476837, 5928120.778999999165535 ], [ 566633.908000001683831, 5928120.437000002712011 ], [ 566642.245000000111759, 5928131.798000002279878 ], [ 566642.367999998852611, 5928131.965000001713634 ], [ 566643.757000001147389, 5928133.857999999076128 ], [ 566643.790000000968575, 5928134.273000003769994 ], [ 566643.707000001333654, 5928134.615000000223517 ], [ 566643.520000000484288, 5928134.91299999691546 ], [ 566643.253999999724329, 5928135.131999999284744 ], [ 566642.438000001013279, 5928135.474999997764826 ], [ 566641.685000001452863, 5928135.757000003010035 ], [ 566641.512000000104308, 5928135.813000001013279 ], [ 566640.859000001102686, 5928136.026000002399087 ], [ 566640.116000001318753, 5928136.233000000938773 ], [ 566640.083000000566244, 5928136.242000000551343 ], [ 566639.309000000357628, 5928136.420000001788139 ] ], [ [ 566648.802000002004206, 5928226.546000001952052 ], [ 566648.856000000610948, 5928227.042999999597669 ], [ 566648.915000000037253, 5928227.540000000968575 ], [ 566648.978000001050532, 5928228.03600000217557 ], [ 566649.044999998994172, 5928228.530999997630715 ], [ 566649.116000002250075, 5928229.026000002399087 ], [ 566649.192000000737607, 5928229.52000000141561 ], [ 566649.272000000812113, 5928230.014000000432134 ], [ 566649.356999999843538, 5928230.506000002846122 ], [ 566649.446000000461936, 5928230.997999999672174 ], [ 566649.53999999910593, 5928231.489 ], [ 566649.639000001363456, 5928231.980000000447035 ], [ 566649.75, 5928232.467000002041459 ], [ 566649.78700000140816, 5928232.966000001877546 ], [ 566649.730000001378357, 5928233.462999999523163 ], [ 566649.570000001229346, 5928233.936000004410744 ], [ 566649.313000000081956, 5928234.365000000223517 ], [ 566648.980000000447035, 5928234.738000001758337 ], [ 566648.576999999582767, 5928235.043000001460314 ], [ 566648.13300000037998, 5928235.273000001907349 ], [ 566647.652000000700355, 5928235.41100000217557 ], [ 566647.154000000096858, 5928235.447000004351139 ], [ 566646.656999999657273, 5928235.386 ], [ 566633.717000000178814, 5928230.427000002935529 ], [ 566633.322000000625849, 5928230.157999999821186 ], [ 566632.923000001348555, 5928229.734000004827976 ], [ 566632.631000000983477, 5928229.247999999672174 ], [ 566632.446000002324581, 5928228.696000000461936 ], [ 566632.385000000707805, 5928228.115000002086163 ], [ 566632.447999999858439, 5928227.550000002607703 ], [ 566632.630000000819564, 5928227.011000003665686 ], [ 566632.931000000797212, 5928226.511000001803041 ], [ 566633.254999999888241, 5928226.171000001952052 ], [ 566644.718000000342727, 5928216.953999998047948 ], [ 566645.030000001192093, 5928216.721000000834465 ], [ 566645.368000000715256, 5928216.529000002890825 ], [ 566645.733000001870096, 5928216.388999998569489 ], [ 566646.127000000327826, 5928216.312000002712011 ], [ 566646.550000000745058, 5928216.313000002875924 ], [ 566646.932000000961125, 5928216.384999999776483 ], [ 566647.319000001065433, 5928216.523 ], [ 566647.644000001251698, 5928216.732999999076128 ], [ 566647.937000000849366, 5928217.002000002190471 ], [ 566648.181000001728535, 5928217.319000001996756 ], [ 566648.362000001594424, 5928217.67200000025332 ], [ 566648.474999999627471, 5928218.041000002995133 ], [ 566648.518000000156462, 5928218.410000000149012 ], [ 566648.505999999120831, 5928218.758000005036592 ], [ 566648.492999999783933, 5928219.234000002965331 ], [ 566648.483999999240041, 5928219.709000000730157 ], [ 566648.479000001214445, 5928220.185000000521541 ], [ 566648.478000000119209, 5928220.66100000217557 ], [ 566648.481999999843538, 5928221.137000001966953 ], [ 566648.489000000059605, 5928221.612999999895692 ], [ 566648.501000001095235, 5928222.088999999687076 ], [ 566648.516000000759959, 5928222.56500000320375 ], [ 566648.536000001244247, 5928223.042000001296401 ], [ 566648.55900000128895, 5928223.518000001087785 ], [ 566648.587000001221895, 5928223.993999999016523 ], [ 566648.618999999947846, 5928224.469999998807907 ], [ 566648.662999999709427, 5928225.052000001072884 ], [ 566648.705000000074506, 5928225.551000000908971 ], [ 566648.752000000327826, 5928226.048000004142523 ], [ 566648.802000002004206, 5928226.546000001952052 ] ], [ [ 566643.771999999880791, 5928199.780000001192093 ], [ 566643.49000000115484, 5928199.773000001907349 ], [ 566643.21100000012666, 5928199.741000002250075 ], [ 566642.939999999478459, 5928199.684999998658895 ], [ 566642.678000000305474, 5928199.605999998748302 ], [ 566629.794000001624227, 5928194.668000001460314 ], [ 566627.670000000856817, 5928193.854000000283122 ], [ 566627.505000000819564, 5928193.759999999776483 ], [ 566627.419000001624227, 5928193.697000002488494 ], [ 566627.287000002339482, 5928193.603000001981854 ], [ 566627.101999999955297, 5928193.439000001177192 ], [ 566627.094000001437962, 5928193.430000001564622 ], [ 566626.930000000633299, 5928193.25199999846518 ], [ 566626.773000000976026, 5928193.043000003322959 ], [ 566626.636000000871718, 5928192.813000002875924 ], [ 566626.603000001050532, 5928192.742000002413988 ], [ 566626.523000000044703, 5928192.566000003367662 ], [ 566626.447999999858439, 5928192.347000000998378 ], [ 566626.445000002160668, 5928192.332999998703599 ], [ 566626.384000000543892, 5928192.074000000953674 ], [ 566626.36600000038743, 5928191.923000000417233 ], [ 566626.351000000722706, 5928191.795 ], [ 566626.347999999299645, 5928191.563999999314547 ], [ 566626.371000000275671, 5928191.293000001460314 ], [ 566626.421000000089407, 5928191.030000004917383 ], [ 566626.497999999672174, 5928190.780000001192093 ], [ 566626.597000000998378, 5928190.546000001952052 ], [ 566626.669000000692904, 5928190.41499999910593 ], [ 566626.714999999850988, 5928190.329000001773238 ], [ 566626.86699999962002, 5928190.10700000077486 ], [ 566627.072999999858439, 5928189.865000002086163 ], [ 566631.462000001221895, 5928186.256000002846122 ], [ 566641.097999999299645, 5928178.333000002428889 ], [ 566641.504999999888241, 5928177.984000002965331 ], [ 566641.980000000447035, 5928177.69200000166893 ], [ 566642.483000001870096, 5928177.512000000104308 ], [ 566643.029000000096858, 5928177.454000003635883 ], [ 566643.541000001132488, 5928177.520999999716878 ], [ 566644.064000000245869, 5928177.701999999582767 ], [ 566644.396999999880791, 5928177.966000001877546 ], [ 566644.689000000245869, 5928178.289000002667308 ], [ 566644.924000001512468, 5928178.662000000476837 ], [ 566645.090000001713634, 5928179.068 ], [ 566645.180000000633299, 5928179.487999999895692 ], [ 566645.196000001393259, 5928179.90400000102818 ], [ 566645.172000002115965, 5928180.37300000153482 ], [ 566645.147000000812113, 5928180.843000002205372 ], [ 566645.122999998740852, 5928181.312999999150634 ], [ 566645.098000000230968, 5928181.782000001519918 ], [ 566645.074000000953674, 5928182.252000002190471 ], [ 566645.049000000581145, 5928182.721999999135733 ], [ 566645.025000000372529, 5928183.190999999642372 ], [ 566645.0, 5928183.66100000217557 ], [ 566644.985000000335276, 5928183.984000002965331 ], [ 566644.970999999903142, 5928184.470000002533197 ], [ 566644.963999998755753, 5928184.959000000730157 ], [ 566644.963999998755753, 5928185.449000000953674 ], [ 566644.970999999903142, 5928185.940000001341105 ], [ 566644.985000000335276, 5928186.433000003919005 ], [ 566645.005000000819564, 5928186.927000002935529 ], [ 566645.030000001192093, 5928187.421000001952052 ], [ 566645.061000001616776, 5928187.915000000968575 ], [ 566645.096000000834465, 5928188.410000000149012 ], [ 566645.136000000871718, 5928188.906000001356006 ], [ 566645.178999999538064, 5928189.387000000104308 ], [ 566645.229000001214445, 5928189.897000003606081 ], [ 566645.281000000424683, 5928190.392000002786517 ], [ 566645.337000001221895, 5928190.888000000268221 ], [ 566645.397000001743436, 5928191.383000003173947 ], [ 566645.428000001236796, 5928191.629999998956919 ], [ 566645.459999999962747, 5928191.878000000491738 ], [ 566645.525999999605119, 5928192.372999999672174 ], [ 566645.595000000670552, 5928192.868000000715256 ], [ 566645.666000001132488, 5928193.361999999731779 ], [ 566645.74100000038743, 5928193.855999998748302 ], [ 566645.817999999970198, 5928194.350000001490116 ], [ 566645.896999999880791, 5928194.843000000342727 ], [ 566645.979000000283122, 5928195.33700000308454 ], [ 566646.063000000081956, 5928195.830000001937151 ], [ 566646.150000001303852, 5928196.322000002488494 ], [ 566646.238000000827014, 5928196.813999999314547 ], [ 566646.292000001296401, 5928197.153999999165535 ], [ 566646.30599999986589, 5928197.478000000119209 ], [ 566646.276000001467764, 5928197.816999999806285 ], [ 566646.190999999642372, 5928198.156999999657273 ], [ 566646.048000000417233, 5928198.484000004827976 ], [ 566645.878000000491738, 5928198.748000003397465 ], [ 566645.650999998673797, 5928199.011 ], [ 566645.38399999961257, 5928199.248999999836087 ], [ 566645.114000000990927, 5928199.442000003531575 ], [ 566644.865000002086163, 5928199.555000001564622 ], [ 566644.603000000119209, 5928199.648000001907349 ], [ 566644.332000001333654, 5928199.717000000178814 ], [ 566644.053000000305474, 5928199.761 ], [ 566643.771999999880791, 5928199.780000001192093 ] ], [ [ 566635.654000000096858, 5928140.890000000596046 ], [ 566636.017, 5928140.486999999731779 ], [ 566636.441000000573695, 5928140.045 ], [ 566636.817000000737607, 5928139.680000001564622 ], [ 566637.246999999508262, 5928139.298000004142523 ], [ 566637.692000000737607, 5928138.946000000461936 ], [ 566638.148000001907349, 5928138.638000002130866 ], [ 566638.660000001080334, 5928138.36400000192225 ], [ 566639.181000000797212, 5928138.18099999986589 ], [ 566639.75899999961257, 5928138.114 ], [ 566640.328999999910593, 5928138.232000002637506 ], [ 566641.051000000908971, 5928138.718000002205372 ], [ 566641.342000001110137, 5928139.116000002250075 ], [ 566641.565999999642372, 5928139.554999999701977 ], [ 566641.739000000059605, 5928140.016000000759959 ], [ 566641.872999998740852, 5928140.48900000192225 ], [ 566641.979000001214445, 5928140.969000000506639 ], [ 566642.062000000849366, 5928141.453999998047948 ], [ 566642.126000000163913, 5928141.940999999642372 ], [ 566642.173999999649823, 5928142.430000003427267 ], [ 566642.208999999798834, 5928142.921000003814697 ], [ 566642.234000000171363, 5928143.412000004202127 ], [ 566642.233000000938773, 5928143.67200000397861 ], [ 566642.233000000938773, 5928144.662000002339482 ], [ 566642.239000000990927, 5928145.651000002399087 ], [ 566642.244000000879169, 5928146.146000001579523 ], [ 566642.248999999836087, 5928146.535999998450279 ], [ 566642.258000002242625, 5928147.137000000104308 ], [ 566642.268000001087785, 5928147.631999999284744 ], [ 566642.280000002123415, 5928148.127000000327826 ], [ 566642.292999999597669, 5928148.622999999672174 ], [ 566642.309000000357628, 5928149.119000000879169 ], [ 566642.3260000012815, 5928149.61400000192225 ], [ 566642.34599999897182, 5928150.109999997541308 ], [ 566642.358, 5928150.362999999895692 ], [ 566642.368999999947846, 5928150.605999998748302 ], [ 566642.394000001251698, 5928151.102 ], [ 566642.423000001348555, 5928151.597000000998378 ], [ 566642.454000001773238, 5928152.093000002205372 ], [ 566642.489000000990927, 5928152.575000002980232 ], [ 566642.52900000102818, 5928153.08500000461936 ], [ 566642.573000000789762, 5928153.581000000238419 ], [ 566642.621999999508262, 5928154.0760000012815 ], [ 566642.677000001072884, 5928154.571000000461936 ], [ 566642.737999999895692, 5928155.066000001505017 ], [ 566642.807000000961125, 5928155.560000000521541 ], [ 566642.884000000543892, 5928156.053000003099442 ], [ 566642.973000001162291, 5928156.544000003486872 ], [ 566643.075000001117587, 5928157.034000001847744 ], [ 566643.194000001065433, 5928157.519000001251698 ], [ 566643.238000000827014, 5928157.921000001952052 ], [ 566643.225999999791384, 5928158.274000000208616 ], [ 566643.152999999932945, 5928158.6739999987185 ], [ 566643.028000000864267, 5928159.041000002995133 ], [ 566642.858000000938773, 5928159.372999999672174 ], [ 566642.616000002250075, 5928159.708000002428889 ], [ 566642.356999998912215, 5928159.973999999463558 ], [ 566642.063000001013279, 5928160.2010000012815 ], [ 566641.70200000051409, 5928160.401999998837709 ], [ 566641.353000001050532, 5928160.533000001683831 ], [ 566640.974000001326203, 5928160.61600000038743 ], [ 566640.567999999970198, 5928160.640999998897314 ], [ 566640.216000001877546, 5928160.613000001758337 ], [ 566639.822000000625849, 5928160.523 ], [ 566625.955000000074506, 5928155.208999998867512 ], [ 566624.973000001162291, 5928154.833000002428889 ], [ 566624.796999999321997, 5928154.765000000596046 ], [ 566621.453000000678003, 5928153.482999999076128 ], [ 566621.046000000089407, 5928153.196000000461936 ], [ 566620.650000002235174, 5928152.751000002026558 ], [ 566620.512999999336898, 5928152.501000003889203 ], [ 566620.372000000439584, 5928152.245000002905726 ], [ 566620.206000000238419, 5928151.647000001743436 ], [ 566620.195000000298023, 5928151.399000002071261 ], [ 566620.182000000029802, 5928151.089000001549721 ], [ 566620.293999999761581, 5928150.479000000283122 ], [ 566620.340000001713634, 5928150.375000001862645 ], [ 566620.527000000700355, 5928149.950000001117587 ], [ 566620.543999999761581, 5928149.928000001236796 ], [ 566620.882000000216067, 5928149.472000000998378 ], [ 566621.201000000350177, 5928149.202000001445413 ], [ 566626.901000000536442, 5928146.588000003248453 ], [ 566629.453000000678003, 5928145.417999999597669 ], [ 566629.906000000424683, 5928145.205999998375773 ], [ 566630.350999998860061, 5928144.979000002145767 ], [ 566630.78800000064075, 5928144.740000002086163 ], [ 566631.217000001110137, 5928144.488000001758337 ], [ 566631.638000000268221, 5928144.225999999791384 ], [ 566632.049000000581145, 5928143.953000001609325 ], [ 566632.451999998651445, 5928143.671000001952052 ], [ 566632.847000000998378, 5928143.381000002846122 ], [ 566633.232000001706183, 5928143.083000002428889 ], [ 566633.610000001266599, 5928142.778000000864267 ], [ 566633.979000001214445, 5928142.465999998152256 ], [ 566634.339999999850988, 5928142.149000000208616 ], [ 566634.694000001065433, 5928141.827000001445413 ], [ 566635.040000000037253, 5928141.5 ], [ 566635.378000002354383, 5928141.167999999597669 ], [ 566635.654000000096858, 5928140.890000000596046 ] ] ] } },
{ "type": "Feature", "properties": { "gebaeude_id": "DEHHALKA10007htD", "dachneig": 13.586, "dachfl_2d": 85.026, "dachfl_3d": 87.45, "area_m2": 85.0 }, "geometry": { "type": "Polygon", "coordinates": [ [ [ 566630.78800000064075, 5928144.740000002086163 ], [ 566630.350999998860061, 5928144.979000002145767 ], [ 566629.906000000424683, 5928145.205999998375773 ], [ 566629.453000000678003, 5928145.417999999597669 ], [ 566642.358, 5928150.362999999895692 ], [ 566642.34599999897182, 5928150.109999997541308 ], [ 566642.3260000012815, 5928149.61400000192225 ], [ 566642.309000000357628, 5928149.119000000879169 ], [ 566642.292999999597669, 5928148.622999999672174 ], [ 566642.280000002123415, 5928148.127000000327826 ], [ 566642.268000001087785, 5928147.631999999284744 ], [ 566642.258000002242625, 5928147.137000000104308 ], [ 566642.248999999836087, 5928146.535999998450279 ], [ 566642.244000000879169, 5928146.146000001579523 ], [ 566642.239000000990927, 5928145.651000002399087 ], [ 566642.235999999567866, 5928145.156999999657273 ], [ 566642.233000000938773, 5928144.662000002339482 ], [ 566642.233000000938773, 5928143.67200000397861 ], [ 566642.234000000171363, 5928143.412000004202127 ], [ 566642.208999999798834, 5928142.921000003814697 ], [ 566642.173999999649823, 5928142.430000003427267 ], [ 566642.126000000163913, 5928141.940999999642372 ], [ 566642.062000000849366, 5928141.453999998047948 ], [ 566641.979000001214445, 5928140.969000000506639 ], [ 566641.872999998740852, 5928140.48900000192225 ], [ 566641.739000000059605, 5928140.016000000759959 ], [ 566641.565999999642372, 5928139.554999999701977 ], [ 566641.342000001110137, 5928139.116000002250075 ], [ 566641.051000000908971, 5928138.718000002205372 ], [ 566640.328999999910593, 5928138.232000002637506 ], [ 566639.75899999961257, 5928138.114 ], [ 566639.181000000797212, 5928138.18099999986589 ], [ 566638.660000001080334, 5928138.36400000192225 ], [ 566638.148000001907349, 5928138.638000002130866 ], [ 566637.692000000737607, 5928138.946000000461936 ], [ 566637.246999999508262, 5928139.298000004142523 ], [ 566636.817000000737607, 5928139.680000001564622 ], [ 566636.441000000573695, 5928140.045 ], [ 566636.017, 5928140.486999999731779 ], [ 566635.654000000096858, 5928140.890000000596046 ], [ 566635.378000002354383, 5928141.167999999597669 ], [ 566635.040000000037253, 5928141.5 ], [ 566634.694000001065433, 5928141.827000001445413 ], [ 566634.339999999850988, 5928142.149000000208616 ], [ 566633.979000001214445, 5928142.465999998152256 ], [ 566633.610000001266599, 5928142.778000000864267 ], [ 566633.232000001706183, 5928143.083000002428889 ], [ 566632.847000000998378, 5928143.381000002846122 ], [ 566632.451999998651445, 5928143.671000001952052 ], [ 566632.049000000581145, 5928143.953000001609325 ], [ 566631.638000000268221, 5928144.225999999791384 ], [ 566631.217000001110137, 5928144.488000001758337 ], [ 566630.78800000064075, 5928144.740000002086163 ] ] ] } },
{ "type": "Feature", "properties": { "gebaeude_id": "DEHHALKA10007htD", "dachneig": 0.0, "dachfl_2d": 25.208, "dachfl_3d": 25.208, "area_m2": 25.2 }, "geometry": { "type": "Polygon", "coordinates": [ [ [ 566486.875, 5928184.6739999987185 ], [ 566487.578000000678003, 5928184.278000000864267 ], [ 566487.687000001780689, 5928184.214999997988343 ], [ 566488.307000000961125, 5928183.775000000372529 ], [ 566488.802000001072884, 5928183.266000000759959 ], [ 566489.185000001452863, 5928182.674000000581145 ], [ 566489.454000000841916, 5928182.007000001147389 ], [ 566489.611999999731779, 5928181.278000000864267 ], [ 566489.67100000102073, 5928180.505000000819564 ], [ 566489.642000000923872, 5928179.694000001996756 ], [ 566488.483, 5928168.283000001683831 ], [ 566472.621000001206994, 5928179.725000003352761 ], [ 566483.064000000245869, 5928184.469000000506639 ], [ 566483.285000001080334, 5928184.566000001505017 ], [ 566484.035000002011657, 5928184.829000003635883 ], [ 566484.770999999716878, 5928184.981000000610948 ], [ 566485.496000000275671, 5928185.011 ], [ 566486.200000001117587, 5928184.909 ], [ 566486.875, 5928184.6739999987185 ] ], [ [ 566486.665000000037253, 5928184.208000000566244 ], [ 566486.078999999910593, 5928184.412000002339482 ], [ 566485.470000000670552, 5928184.500000001862645 ], [ 566484.832999999634922, 5928184.474000001326203 ], [ 566484.172000002115965, 5928184.338000003248453 ], [ 566483.472000000067055, 5928184.092000000178814 ], [ 566483.270999999716878, 5928184.004000000655651 ], [ 566473.606999999843538, 5928179.61400000192225 ], [ 566488.063000000081956, 5928169.186000002548099 ], [ 566489.133999998681247, 5928179.729000002145767 ], [ 566489.16100000217557, 5928180.495000004768372 ], [ 566489.10700000077486, 5928181.204000001773238 ], [ 566488.964999999850988, 5928181.85700000077486 ], [ 566488.731000000610948, 5928182.438999999314547 ], [ 566488.402000000700355, 5928182.947000004351139 ], [ 566487.974000001326203, 5928183.387000001966953 ], [ 566487.412000000476837, 5928183.78600000217557 ], [ 566487.326000000350177, 5928183.835000002756715 ], [ 566486.665000000037253, 5928184.208000000566244 ] ] ] } },
{ "type": "Feature", "properties": { "gebaeude_id": "DEHHALKA10007htD", "dachneig": 0.0, "dachfl_2d": 127.152, "dachfl_3d": 127.152, "area_m2": 127.2 }, "geometry": { "type": "Polygon", "coordinates": [ [ [ 566488.063000000081956, 5928169.186000002548099 ], [ 566473.606999999843538, 5928179.61400000192225 ], [ 566483.270999999716878, 5928184.004000000655651 ], [ 566483.472000000067055, 5928184.092000000178814 ], [ 566484.172000002115965, 5928184.338000003248453 ], [ 566484.832999999634922, 5928184.474000001326203 ], [ 566485.470000000670552, 5928184.500000001862645 ], [ 566486.078999999910593, 5928184.412000002339482 ], [ 566486.665000000037253, 5928184.208000000566244 ], [ 566487.326000000350177, 5928183.835000002756715 ], [ 566487.412000000476837, 5928183.78600000217557 ], [ 566487.974000001326203, 5928183.387000001966953 ], [ 566488.402000000700355, 5928182.947000004351139 ], [ 566488.731000000610948, 5928182.438999999314547 ], [ 566488.964999999850988, 5928181.85700000077486 ], [ 566489.10700000077486, 5928181.204000001773238 ], [ 566489.16100000217557, 5928180.495000004768372 ], [ 566489.133999998681247, 5928179.729000002145767 ], [ 566488.063000000081956, 5928169.186000002548099 ] ] ] } },
{ "type": "Feature", "properties": { "gebaeude_id": "DEHHALKA10007htD", "dachneig": 0.0, "dachfl_2d": 34.555, "dachfl_3d": 34.555, "area_m2": 34.6 }, "geometry": { "type": "Polygon", "coordinates": [ [ [ 566553.520000000484288, 5928141.763000002130866 ], [ 566553.563000001944602, 5928140.971999999135733 ], [ 566553.556000000797212, 5928140.708000000566244 ], [ 566551.723000000230968, 5928122.666000004857779 ], [ 566530.721000000834465, 5928137.816000001505017 ], [ 566546.941000001505017, 5928145.18300000205636 ], [ 566547.542000001296401, 5928145.408999998122454 ], [ 566548.303000000305474, 5928145.609000001102686 ], [ 566549.057000000961125, 5928145.71000000461936 ], [ 566549.791999999433756, 5928145.696000002324581 ], [ 566550.495000000111759, 5928145.55599999986589 ], [ 566551.156999999657273, 5928145.288000002503395 ], [ 566551.758000001311302, 5928144.905999999493361 ], [ 566552.303999999538064, 5928144.410000003874302 ], [ 566552.769000001251698, 5928143.835000002756715 ], [ 566553.128000001423061, 5928143.198000002652407 ], [ 566553.377999999560416, 5928142.503000000491738 ], [ 566553.520000000484288, 5928141.763000002130866 ] ], [ [ 566553.018000000156462, 5928141.701000003144145 ], [ 566552.890000000596046, 5928142.370000001043081 ], [ 566552.667999999597669, 5928142.987000003457069 ], [ 566552.349999999627471, 5928143.551000000908971 ], [ 566551.936999999918044, 5928144.063000001013279 ], [ 566551.451000002212822, 5928144.502999998629093 ], [ 566550.924999999813735, 5928144.838000003248453 ], [ 566550.350000001490116, 5928145.071000000461936 ], [ 566549.736999999731779, 5928145.193 ], [ 566549.086000001057982, 5928145.205000001937151 ], [ 566548.401000000536442, 5928145.114 ], [ 566547.695000002160668, 5928144.927999999374151 ], [ 566547.133000001311302, 5928144.717000000178814 ], [ 566531.70200000051409, 5928137.708000000566244 ], [ 566551.308000000193715, 5928123.566000003367662 ], [ 566553.052999999374151, 5928140.741000002250075 ], [ 566553.05900000128895, 5928140.964999999850988 ], [ 566553.018000000156462, 5928141.701000003144145 ] ] ] } },
{ "type": "Feature", "properties": { "gebaeude_id": "DEHHALKA10007htD", "dachneig": 0.0, "dachfl_2d": 243.197, "dachfl_3d": 243.197, "area_m2": 243.2 }, "geometry": { "type": "Polygon", "coordinates": [ [ [ 566553.05900000128895, 5928140.964999999850988 ], [ 566553.052999999374151, 5928140.741000002250075 ], [ 566551.308000000193715, 5928123.566000003367662 ], [ 566531.70200000051409, 5928137.708000000566244 ], [ 566547.133000001311302, 5928144.717000000178814 ], [ 566547.695000002160668, 5928144.927999999374151 ], [ 566548.401000000536442, 5928145.114 ], [ 566549.086000001057982, 5928145.205000001937151 ], [ 566549.736999999731779, 5928145.193 ], [ 566550.350000001490116, 5928145.071000000461936 ], [ 566550.924999999813735, 5928144.838000003248453 ], [ 566551.451000002212822, 5928144.502999998629093 ], [ 566551.936999999918044, 5928144.063000001013279 ], [ 566552.349999999627471, 5928143.551000000908971 ], [ 566552.667999999597669, 5928142.987000003457069 ], [ 566552.890000000596046, 5928142.370000001043081 ], [ 566553.018000000156462, 5928141.701000003144145 ], [ 566553.05900000128895, 5928140.964999999850988 ] ] ] } },
{ "type": "Feature", "properties": { "gebaeude_id": "DEHHALKA10007htD", "dachneig": 0.0, "dachfl_2d": 39.288, "dachfl_3d": 39.288, "area_m2": 39.3 }, "geometry": { "type": "Polygon", "coordinates": [ [ [ 566563.978000001050532, 5928113.8260000012815 ], [ 566581.492999999783933, 5928121.781999999657273 ], [ 566582.279000000096858, 5928122.150000000372529 ], [ 566583.041000002063811, 5928122.439000003039837 ], [ 566583.805000001564622, 5928122.648 ], [ 566584.560000000521541, 5928122.75899999961257 ], [ 566585.291000000201166, 5928122.755000000819564 ], [ 566585.984000002034009, 5928122.620999999344349 ], [ 566586.642000000923872, 5928122.349000001326203 ], [ 566587.303000001236796, 5928121.996000001206994 ], [ 566587.841000000946224, 5928121.550999999046326 ], [ 566588.28899999987334, 5928120.997000001370907 ], [ 566588.646999999880791, 5928120.349000003188848 ], [ 566588.919000000692904, 5928119.628000002354383 ], [ 566589.114000000990927, 5928118.854000000283122 ], [ 566589.242000000551343, 5928118.045 ], [ 566589.262000001035631, 5928117.818 ], [ 566587.5, 5928100.4780000038445 ], [ 566587.495000001043081, 5928099.992999998852611 ], [ 566587.519999999552965, 5928099.501000002026558 ], [ 566587.576999999582767, 5928099.006999999284744 ], [ 566587.667000001296401, 5928098.511000001803041 ], [ 566587.788999998942018, 5928098.01799999922514 ], [ 566587.94300000090152, 5928097.531999999657273 ], [ 566588.131000000983477, 5928097.053999999538064 ], [ 566588.349000000394881, 5928096.588000001385808 ], [ 566588.597999999299645, 5928096.138000002130866 ], [ 566588.682000000029802, 5928096.006999999284744 ], [ 566563.978000001050532, 5928113.8260000012815 ] ], [ [ 566588.717000002041459, 5928117.822000002488494 ], [ 566588.703000000678003, 5928117.98000000230968 ], [ 566588.582000001333654, 5928118.745000002905726 ], [ 566588.400999999605119, 5928119.465000001713634 ], [ 566588.153000000864267, 5928120.120999999344349 ], [ 566587.837000001221895, 5928120.693000001832843 ], [ 566587.452999998815358, 5928121.167999999597669 ], [ 566587.000000000931323, 5928121.543999999761581 ], [ 566586.410000001080334, 5928121.858000000938773 ], [ 566585.826999999582767, 5928122.099000003188848 ], [ 566585.236999999731779, 5928122.213000001385808 ], [ 566584.598000001162291, 5928122.217000002041459 ], [ 566583.917000000365078, 5928122.116000002250075 ], [ 566583.208999999798834, 5928121.922000002115965 ], [ 566582.491000002250075, 5928121.650000000372529 ], [ 566581.71999999973923, 5928121.290000002831221 ], [ 566564.908000001683831, 5928113.653000000864267 ], [ 566587.543999999761581, 5928097.325000001117587 ], [ 566587.782999999821186, 5928097.655999999493361 ], [ 566586.745000000111759, 5928098.405000003054738 ], [ 566588.717000002041459, 5928117.822000002488494 ] ] ] } },
{ "type": "Feature", "properties": { "gebaeude_id": "DEHHALKA10007htD", "dachneig": 0.0, "dachfl_2d": 302.802, "dachfl_3d": 302.802, "area_m2": 302.8 }, "geometry": { "type": "Polygon", "coordinates": [ [ [ 566588.703000000678003, 5928117.98000000230968 ], [ 566588.717000002041459, 5928117.822000002488494 ], [ 566586.745000000111759, 5928098.405000003054738 ], [ 566587.782999999821186, 5928097.655999999493361 ], [ 566587.543999999761581, 5928097.325000001117587 ], [ 566564.908000001683831, 5928113.653000000864267 ], [ 566581.71999999973923, 5928121.290000002831221 ], [ 566582.491000002250075, 5928121.650000000372529 ], [ 566583.208999999798834, 5928121.922000002115965 ], [ 566583.917000000365078, 5928122.116000002250075 ], [ 566584.598000001162291, 5928122.217000002041459 ], [ 566585.236999999731779, 5928122.213000001385808 ], [ 566585.826999999582767, 5928122.099000003188848 ], [ 566586.410000001080334, 5928121.858000000938773 ], [ 566587.000000000931323, 5928121.543999999761581 ], [ 566587.452999998815358, 5928121.167999999597669 ], [ 566587.837000001221895, 5928120.693000001832843 ], [ 566588.153000000864267, 5928120.120999999344349 ], [ 566588.400999999605119, 5928119.465000001713634 ], [ 566588.582000001333654, 5928118.745000002905726 ], [ 566588.703000000678003, 5928117.98000000230968 ] ] ] } },
{ "type": "Feature", "properties": { "gebaeude_id": "DEHHALKA10007htD", "dachneig": 0.0, "dachfl_2d": 27.744, "dachfl_3d": 27.744, "area_m2": 27.7 }, "geometry": { "type": "Polygon", "coordinates": [ [ [ 566500.673000000417233, 5928159.490000002086163 ], [ 566500.634999999776483, 5928159.51799999922514 ], [ 566513.298000001348555, 5928165.27000000141561 ], [ 566514.059000002220273, 5928165.55800000205636 ], [ 566514.813000000081956, 5928165.754000000655651 ], [ 566515.55900000128895, 5928165.843000000342727 ], [ 566516.28600000217557, 5928165.813000001013279 ], [ 566516.981000000610948, 5928165.65400000102818 ], [ 566517.637000001035631, 5928165.365000000223517 ], [ 566518.276999999769032, 5928164.936000004410744 ], [ 566518.839999999850988, 5928164.39500000141561 ], [ 566519.281999999657273, 5928163.809000004082918 ], [ 566519.613000001758337, 5928163.162999998778105 ], [ 566519.831000001169741, 5928162.462000004947186 ], [ 566519.937000000849366, 5928161.71900000423193 ], [ 566519.939999999478459, 5928160.927000002935529 ], [ 566519.922000001184642, 5928160.693000001832843 ], [ 566518.494000000879169, 5928146.635000001639128 ], [ 566500.673000000417233, 5928159.490000002086163 ] ], [ [ 566518.088999999687076, 5928147.493999999016523 ], [ 566519.43400000128895, 5928160.736000001430511 ], [ 566519.449000000953674, 5928160.944000001996756 ], [ 566519.446000000461936, 5928161.68300000205636 ], [ 566519.350999999791384, 5928162.354000002145767 ], [ 566519.157000000588596, 5928162.977000001817942 ], [ 566518.865000000223517, 5928163.548000002279878 ], [ 566518.470999999903142, 5928164.069000001996756 ], [ 566517.971000000834465, 5928164.550999999046326 ], [ 566517.400000000372529, 5928164.934000002220273 ], [ 566516.826000000350177, 5928165.186000002548099 ], [ 566516.21999999973923, 5928165.324000002816319 ], [ 566515.578000000678003, 5928165.350999997928739 ], [ 566514.90400000102818, 5928165.271000003442168 ], [ 566514.208000000566244, 5928165.090000003576279 ], [ 566513.486999999731779, 5928164.816999999806285 ], [ 566501.574000000022352, 5928159.406000001356006 ], [ 566518.088999999687076, 5928147.493999999016523 ] ] ] } },
{ "type": "Feature", "properties": { "gebaeude_id": "DEHHALKA10007htD", "dachneig": 0.0, "dachfl_2d": 169.532, "dachfl_3d": 169.532, "area_m2": 169.5 }, "geometry": { "type": "Polygon", "coordinates": [ [ [ 566519.350999999791384, 5928162.354000002145767 ], [ 566519.446000000461936, 5928161.68300000205636 ], [ 566519.449000000953674, 5928160.944000001996756 ], [ 566519.43400000128895, 5928160.736000001430511 ], [ 566518.088999999687076, 5928147.493999999016523 ], [ 566501.574000000022352, 5928159.406000001356006 ], [ 566513.486999999731779, 5928164.816999999806285 ], [ 566514.208000000566244, 5928165.090000003576279 ], [ 566514.90400000102818, 5928165.271000003442168 ], [ 566515.578000000678003, 5928165.350999997928739 ], [ 566516.21999999973923, 5928165.324000002816319 ], [ 566516.826000000350177, 5928165.186000002548099 ], [ 566517.400000000372529, 5928164.934000002220273 ], [ 566517.971000000834465, 5928164.550999999046326 ], [ 566518.470999999903142, 5928164.069000001996756 ], [ 566518.865000000223517, 5928163.548000002279878 ], [ 566519.157000000588596, 5928162.977000001817942 ], [ 566519.350999999791384, 5928162.354000002145767 ] ] ] } },
{ "type": "Feature", "properties": { "gebaeude_id": "DEHHALKA10007htD", "dachneig": 0.0, "dachfl_2d": 2164.235, "dachfl_3d": 2164.235, "area_m2": 2164.2 }, "geometry": { "type": "Polygon", "coordinates": [ [ [ 566463.726999999955297, 5928210.934000002220273 ], [ 566464.609000001102686, 5928211.112000003457069 ], [ 566464.804999999701977, 5928211.140000000596046 ], [ 566465.400999999605119, 5928211.157999999821186 ], [ 566466.299000000581145, 5928211.094999998807907 ], [ 566467.182000000029802, 5928210.925000000745058 ], [ 566468.03899999987334, 5928210.650000000372529 ], [ 566468.856999999843538, 5928210.274000000208616 ], [ 566469.622999999672174, 5928209.803000001236796 ], [ 566470.32799999974668, 5928209.241999996826053 ], [ 566470.959999999962747, 5928208.602000003680587 ], [ 566471.611999999731779, 5928207.98200000077486 ], [ 566472.276999999769032, 5928207.375 ], [ 566472.298000001348555, 5928207.355999998748302 ], [ 566472.954000000841916, 5928206.781999999657273 ], [ 566473.641999999061227, 5928206.202000001445413 ], [ 566474.342000001110137, 5928205.636000001803041 ], [ 566475.052000000141561, 5928205.083000000566244 ], [ 566475.069000001065433, 5928205.070000002160668 ], [ 566475.773000000976026, 5928204.544000001624227 ], [ 566475.789000000804663, 5928204.532000003382564 ], [ 566476.504000000655651, 5928204.019000001251698 ], [ 566476.581000000238419, 5928203.965000001713634 ], [ 566477.243999999947846, 5928203.506999997422099 ], [ 566477.260000000707805, 5928203.496000001206994 ], [ 566477.994000000879169, 5928203.00899999961257 ], [ 566478.752000001259148, 5928202.524000000208616 ], [ 566478.760000000707805, 5928202.519000004976988 ], [ 566479.519000001251698, 5928202.053000003099442 ], [ 566479.521999999880791, 5928202.051000000908971 ], [ 566480.293000000528991, 5928201.594999998807907 ], [ 566481.0760000012815, 5928201.150000000372529 ], [ 566481.86600000038743, 5928200.718000002205372 ], [ 566482.662000000476837, 5928200.300000004470348 ], [ 566483.46999999973923, 5928199.892000002786517 ], [ 566484.298000001348555, 5928199.52900000102818 ], [ 566485.119000000879169, 5928199.160000000149012 ], [ 566485.937000001780689, 5928198.783999998122454 ], [ 566486.751000000163913, 5928198.400000000372529 ], [ 566487.561000001616776, 5928198.006999999284744 ], [ 566488.36600000038743, 5928197.605000000447035 ], [ 566489.166000000201166, 5928197.19400000013411 ], [ 566489.962000001221895, 5928196.773000003769994 ], [ 566490.751999999396503, 5928196.341 ], [ 566491.535000001080334, 5928195.899000000208616 ], [ 566492.311999999918044, 5928195.445000000298023 ], [ 566493.082000001333654, 5928194.979000002145767 ], [ 566493.091000000946224, 5928194.974000003188848 ], [ 566493.844000000506639, 5928194.500000001862645 ], [ 566494.598000001162291, 5928194.008000005036592 ], [ 566495.342000001110137, 5928193.501000000163913 ], [ 566496.075000000186265, 5928192.979000000283122 ], [ 566496.79700000025332, 5928192.44200000166893 ], [ 566497.506000000052154, 5928191.888000000268221 ], [ 566498.2010000012815, 5928191.315999999642372 ], [ 566498.879999998956919, 5928190.724999999627471 ], [ 566499.411000000312924, 5928190.237000001594424 ], [ 566500.060000001452863, 5928189.61400000192225 ], [ 566500.720000001601875, 5928189.002000000327826 ], [ 566501.391000000759959, 5928188.402000000700355 ], [ 566502.072999999858439, 5928187.814000001177192 ], [ 566502.765000000596046, 5928187.239 ], [ 566502.799000001512468, 5928187.210999999195337 ], [ 566503.468000000342727, 5928186.677000004798174 ], [ 566504.18099999986589, 5928186.127999998629093 ], [ 566504.904000000096858, 5928185.593000002205372 ], [ 566505.609000001102686, 5928185.091 ], [ 566505.638000001199543, 5928185.071000002324581 ], [ 566506.381000001914799, 5928184.563000002875924 ], [ 566507.13300000037998, 5928184.069000003859401 ], [ 566507.894999999552965, 5928183.588999999687076 ], [ 566508.665000000968575, 5928183.123999999836087 ], [ 566509.414000000804663, 5928182.690999999642372 ], [ 566509.44400000013411, 5928182.674000000581145 ], [ 566510.231999999843538, 5928182.238000001758337 ], [ 566511.027999999932945, 5928181.818000001832843 ], [ 566511.831000001169741, 5928181.412000002339482 ], [ 566512.642000000923872, 5928181.021999999880791 ], [ 566512.644999999552965, 5928181.019999999552965 ], [ 566513.459999999031425, 5928180.647000001743436 ], [ 566514.285000000149012, 5928180.287000004202127 ], [ 566515.11600000038743, 5928179.941999999806285 ], [ 566515.730999998748302, 5928179.699000002816319 ], [ 566516.560000001452863, 5928179.349999999627471 ], [ 566517.38399999961257, 5928178.987999999895692 ], [ 566518.20200000051409, 5928178.612999999895692 ], [ 566519.014000001363456, 5928178.223999999463558 ], [ 566519.81900000013411, 5928177.822000000625849 ], [ 566520.618000001646578, 5928177.406999999657273 ], [ 566521.409000000916421, 5928176.976999998092651 ], [ 566522.191999999806285, 5928176.535000003874302 ], [ 566522.968000000342727, 5928176.078000001609325 ], [ 566522.983, 5928176.069000001996756 ], [ 566523.735000000335276, 5928175.607999999076128 ], [ 566524.493999999947846, 5928175.124000001698732 ], [ 566525.222000000998378, 5928174.641000000759959 ], [ 566525.244000000879169, 5928174.626000003889203 ], [ 566525.985000001266599, 5928174.115000000223517 ], [ 566526.716000000946224, 5928173.591000001877546 ], [ 566527.438000001013279, 5928173.052999999374151 ], [ 566528.149000000208616, 5928172.502000000327826 ], [ 566528.850000000558794, 5928171.937000000849366 ], [ 566529.541000000201166, 5928171.360000003129244 ], [ 566529.682000000029802, 5928171.237999999895692 ], [ 566530.332000000402331, 5928170.615000000223517 ], [ 566530.993999999947846, 5928170.004999998956919 ], [ 566531.667999999597669, 5928169.409 ], [ 566532.354000001214445, 5928168.827000001445413 ], [ 566533.052000000141561, 5928168.25899999961257 ], [ 566533.760999999940395, 5928167.704000001773238 ], [ 566534.480999999679625, 5928167.164000000804663 ], [ 566535.209999999962747, 5928166.637000003829598 ], [ 566535.950000000186265, 5928166.124000003561378 ], [ 566536.699000000022352, 5928165.62500000372529 ], [ 566537.457000000402331, 5928165.139000004157424 ], [ 566538.223000001162291, 5928164.668000001460314 ], [ 566538.99800000153482, 5928164.209000000730157 ], [ 566539.780000001192093, 5928163.764000002294779 ], [ 566539.807000001892447, 5928163.749000001698732 ], [ 566540.570000000298023, 5928163.333000000566244 ], [ 566541.36600000038743, 5928162.914000000804663 ], [ 566542.169999999925494, 5928162.50900000333786 ], [ 566542.173000001348555, 5928162.507000001147389 ], [ 566542.979000000283122, 5928162.116000002250075 ], [ 566543.795000001788139, 5928161.735000001266599 ], [ 566544.597000000998378, 5928161.375 ], [ 566544.61600000038743, 5928161.367000000551343 ], [ 566545.44300000090152, 5928161.011000001803041 ], [ 566546.275000000372529, 5928160.666999999433756 ], [ 566547.111000001430511, 5928160.335000002756715 ], [ 566547.515000000596046, 5928160.179000001400709 ], [ 566548.361999999731779, 5928159.872000003233552 ], [ 566549.203000000678003, 5928159.552999997511506 ], [ 566550.03899999987334, 5928159.219000000506639 ], [ 566550.869000000879169, 5928158.872000001370907 ], [ 566551.69300000090152, 5928158.511 ], [ 566552.511000000871718, 5928158.134999997913837 ], [ 566553.322999999858439, 5928157.745000002905726 ], [ 566554.127000000327826, 5928157.341 ], [ 566554.923000000417233, 5928156.92200000025332 ], [ 566555.712000001221895, 5928156.48900000192225 ], [ 566556.492000000551343, 5928156.03999999910593 ], [ 566557.264000002294779, 5928155.576999999582767 ], [ 566558.027000000700355, 5928155.099999999627471 ], [ 566558.78000000026077, 5928154.60700000077486 ], [ 566559.523000000976026, 5928154.099000001326203 ], [ 566560.256000000052154, 5928153.577000001445413 ], [ 566560.977999999187887, 5928153.03999999910593 ], [ 566561.690000000409782, 5928152.487999999895692 ], [ 566562.269999999552965, 5928152.019999999552965 ], [ 566562.935000001452863, 5928151.414000002667308 ], [ 566563.608, 5928150.816000001505017 ], [ 566564.290000000037253, 5928150.229000002145767 ], [ 566564.980999998748302, 5928149.652000000700355 ], [ 566565.681000000797212, 5928149.085999999195337 ], [ 566566.389000002294779, 5928148.531000001356006 ], [ 566566.392000000923872, 5928148.528000002726912 ], [ 566567.106000000610948, 5928147.988000001758337 ], [ 566567.833000000566244, 5928147.456000000238419 ], [ 566567.837000000290573, 5928147.453000001609325 ], [ 566568.567999999970198, 5928146.936999998986721 ], [ 566569.311999999918044, 5928146.429999999701977 ], [ 566569.315999999642372, 5928146.427000001072884 ], [ 566570.064999999478459, 5928145.937000000849366 ], [ 566570.067999999970198, 5928145.934999998658895 ], [ 566570.826000000350177, 5928145.458000004291534 ], [ 566570.829000000841916, 5928145.456000002101064 ], [ 566571.597000000067055, 5928144.993000002577901 ], [ 566572.376000001095235, 5928144.542000003159046 ], [ 566573.162999999709427, 5928144.10700000077486 ], [ 566573.955000001005828, 5928143.688000001013279 ], [ 566573.959000000730157, 5928143.686000004410744 ], [ 566574.764000001363456, 5928143.282000001519918 ], [ 566575.566999999806285, 5928142.899000003933907 ], [ 566575.576000000350177, 5928142.894999999552965 ], [ 566576.396000000648201, 5928142.524000000208616 ], [ 566577.206000002101064, 5928142.177000001072884 ], [ 566577.223000001162291, 5928142.17 ], [ 566578.058000001125038, 5928141.833999998867512 ], [ 566578.900000001303852, 5928141.515000002458692 ], [ 566579.748000000603497, 5928141.215000003576279 ], [ 566579.786000001244247, 5928141.201999999582767 ], [ 566580.603000001050532, 5928140.934000000357628 ], [ 566580.862000000663102, 5928140.8530000038445 ], [ 566581.726999999955297, 5928140.603000000119209 ], [ 566582.586000001989305, 5928140.335999999195337 ], [ 566582.607999999076128, 5928140.329 ], [ 566583.440000000409782, 5928140.051000000908971 ], [ 566584.28800000064075, 5928139.748999999836087 ], [ 566585.128999999724329, 5928139.429999997839332 ], [ 566585.933000001125038, 5928139.106000002473593 ], [ 566585.963999999687076, 5928139.093000002205372 ], [ 566586.791000000201166, 5928138.740000002086163 ], [ 566587.612000001594424, 5928138.370000002905726 ], [ 566588.425000001676381, 5928137.983000000938773 ], [ 566589.23000000230968, 5928137.581000002101064 ], [ 566590.026000000536442, 5928137.162000002339482 ], [ 566590.815000000409782, 5928136.728000000119209 ], [ 566591.594000002369285, 5928136.278000000864267 ], [ 566592.364999999292195, 5928135.814000001177192 ], [ 566593.127000001259148, 5928135.334999999031425 ], [ 566593.880000000819564, 5928134.842000002041459 ], [ 566594.62400000076741, 5928134.335000002756715 ], [ 566594.932000001892447, 5928134.11600000038743 ], [ 566598.80900000128895, 5928131.316000001505017 ], [ 566598.418999999761581, 5928131.357000002637506 ], [ 566597.859000001102686, 5928131.377000000327826 ], [ 566597.291000001132488, 5928131.357000002637506 ], [ 566596.719000001437962, 5928131.296 ], [ 566596.148000000044703, 5928131.193000003695488 ], [ 566595.582000002264977, 5928131.048000004142523 ], [ 566595.026000000536442, 5928130.861999997869134 ], [ 566594.484000000171363, 5928130.635000001639128 ], [ 566593.96100000012666, 5928130.370000001043081 ], [ 566593.46100000012666, 5928130.068 ], [ 566592.987000000663102, 5928129.733000000938773 ], [ 566592.542000000365078, 5928129.368000002577901 ], [ 566592.130000000819564, 5928128.977 ], [ 566591.751000000163913, 5928128.563999999314547 ], [ 566591.407000000588596, 5928128.133000001311302 ], [ 566591.100000000558794, 5928127.688000001013279 ], [ 566590.828000000678003, 5928127.233000002801418 ], [ 566590.592000001110137, 5928126.770999999716878 ], [ 566590.392, 5928126.307 ], [ 566590.224000002257526, 5928125.844000000506639 ], [ 566590.088999999687076, 5928125.385000001639128 ], [ 566589.984000000171363, 5928124.931000001728535 ], [ 566589.559000002220273, 5928120.768000001087785 ], [ 566589.122000000439584, 5928121.558000000193715 ], [ 566588.557000000961125, 5928122.258000003173947 ], [ 566587.86400000192225, 5928122.832000002264977 ], [ 566587.070000000298023, 5928123.255000000819564 ], [ 566586.273000000976026, 5928123.58500000461936 ], [ 566585.389000001363456, 5928123.756000002846122 ], [ 566584.489000000059605, 5928123.76099999807775 ], [ 566583.599000000394881, 5928123.629000004380941 ], [ 566582.731000000610948, 5928123.392000000923872 ], [ 566581.889000000432134, 5928123.073000000789762 ], [ 566581.074000000953674, 5928122.691000003367662 ], [ 566562.714000001549721, 5928114.351000001654029 ], [ 566561.808000001125038, 5928114.041000001132488 ], [ 566560.935000000521541, 5928113.8260000012815 ], [ 566560.042999999597669, 5928113.7010000012815 ], [ 566559.144000001251698, 5928113.681000001728535 ], [ 566558.249000001698732, 5928113.777000000700355 ], [ 566557.375, 5928113.993000000715256 ], [ 566556.538999998942018, 5928114.326999999582767 ], [ 566555.754000000655651, 5928114.766000000759959 ], [ 566555.025000001303852, 5928115.295 ], [ 566554.784999999217689, 5928115.532000001519918 ], [ 566554.185999999754131, 5928116.203000001609325 ], [ 566553.658999999985099, 5928116.93300000205636 ], [ 566553.220999999903142, 5928117.719000002369285 ], [ 566552.887000001966953, 5928118.555000003427267 ], [ 566552.667999999597669, 5928119.428000001236796 ], [ 566552.56800000090152, 5928120.322000002488494 ], [ 566552.583000000566244, 5928121.222000000998378 ], [ 566554.554999999701977, 5928140.644000001251698 ], [ 566554.565000000409782, 5928140.985999999567866 ], [ 566554.515999999828637, 5928141.885000001639128 ], [ 566554.345999999903142, 5928142.769000001251698 ], [ 566554.041000000201166, 5928143.61600000038743 ], [ 566553.600000001490116, 5928144.400000002235174 ], [ 566553.034000000916421, 5928145.099999999627471 ], [ 566552.367000000551343, 5928145.704000001773238 ], [ 566551.61699999962002, 5928146.181000001728535 ], [ 566550.783000000752509, 5928146.52000000141561 ], [ 566549.900000002235174, 5928146.695000004023314 ], [ 566549.178000000305474, 5928146.709000000730157 ], [ 566549.000000000931323, 5928146.71200000308454 ], [ 566548.108000001870096, 5928146.593000004068017 ], [ 566547.237999999895692, 5928146.363000003620982 ], [ 566546.558000000193715, 5928146.109000001102686 ], [ 566529.150999999605119, 5928138.201000003144145 ], [ 566528.424999999813735, 5928137.96200000308454 ], [ 566527.549000001512468, 5928137.756000004708767 ], [ 566526.656000000424683, 5928137.642000000923872 ], [ 566525.756000000052154, 5928137.636000003665686 ], [ 566524.864000000990927, 5928137.751000003889203 ], [ 566523.996000001206994, 5928137.989999998360872 ], [ 566523.171000000089407, 5928138.351000001654029 ], [ 566522.403000000864267, 5928138.819000001996756 ], [ 566521.696999999694526, 5928139.377000004053116 ], [ 566521.230000001378357, 5928139.83500000089407 ], [ 566520.651999999769032, 5928140.525000002235174 ], [ 566520.166000000201166, 5928141.281999999657273 ], [ 566519.783999999985099, 5928142.097000000998378 ], [ 566519.517000000923872, 5928142.956000002101064 ], [ 566519.363000000827014, 5928143.843000002205372 ], [ 566519.314999999478459, 5928144.741999998688698 ], [ 566519.321999999694526, 5928144.877999998629093 ], [ 566520.918999999761581, 5928160.60500000230968 ], [ 566520.940999999642372, 5928160.892000002786517 ], [ 566520.936999999918044, 5928161.792000001296401 ], [ 566520.810000000521541, 5928162.682000003755093 ], [ 566520.543999999761581, 5928163.542000001296401 ], [ 566520.13300000037998, 5928164.343000002205372 ], [ 566519.591000001877546, 5928165.061000000685453 ], [ 566518.94300000090152, 5928165.686000002548099 ], [ 566518.868000000715256, 5928165.745000004768372 ], [ 566518.121000001206994, 5928166.246000001206994 ], [ 566517.297000001184642, 5928166.608000000938773 ], [ 566516.418999999761581, 5928166.809000002220273 ], [ 566515.697999998927116, 5928166.839000001549721 ], [ 566515.520000000484288, 5928166.847000000998378 ], [ 566514.626000001095235, 5928166.739 ], [ 566513.755000000819564, 5928166.514000000432134 ], [ 566512.914000001735985, 5928166.195000004023314 ], [ 566500.185000000521541, 5928160.41300000064075 ], [ 566499.743999999947846, 5928160.219999998807907 ], [ 566498.898000000044703, 5928159.914000000804663 ], [ 566498.03000000026077, 5928159.675000000745058 ], [ 566497.144000000320375, 5928159.516000000759959 ], [ 566496.246000001206994, 5928159.454000001773238 ], [ 566495.348000000230968, 5928159.505999999120831 ], [ 566494.466000000014901, 5928159.684000000357628 ], [ 566493.620000000111759, 5928159.99100000411272 ], [ 566492.828999999910593, 5928160.421 ], [ 566492.086000001989305, 5928160.930000001564622 ], [ 566491.404000000096858, 5928161.517000000923872 ], [ 566490.800000001676381, 5928162.184000000357628 ], [ 566490.292000001296401, 5928162.927000001072884 ], [ 566489.894000001251698, 5928163.734000002965331 ], [ 566489.609000001102686, 5928164.587999999523163 ], [ 566489.436000000685453, 5928165.471000004559755 ], [ 566489.363000000827014, 5928166.368000004440546 ], [ 566489.378000000491738, 5928167.188000002875924 ], [ 566490.640999998897314, 5928179.626000000163913 ], [ 566490.673000000417233, 5928180.525000002235174 ], [ 566490.605000000447035, 5928181.423000000417233 ], [ 566490.41399999987334, 5928182.302000002935529 ], [ 566490.07799999974668, 5928183.136999998241663 ], [ 566489.589000001549721, 5928183.89299999922514 ], [ 566488.961000001057982, 5928184.537999998778105 ], [ 566488.226999999955297, 5928185.059000004082918 ], [ 566488.071999999694526, 5928185.148 ], [ 566487.287999999709427, 5928185.589999999850988 ], [ 566486.438000001013279, 5928185.886 ], [ 566485.548000001348555, 5928186.015000000596046 ], [ 566484.648000000044703, 5928185.9780000038445 ], [ 566483.767000000923872, 5928185.796000001952052 ], [ 566482.918000000528991, 5928185.497999999672174 ], [ 566482.655999999493361, 5928185.382999999448657 ], [ 566471.48200000077486, 5928180.307000001892447 ], [ 566471.479000002145767, 5928180.30599999986589 ], [ 566470.820000001229346, 5928180.071000000461936 ], [ 566469.951000000350177, 5928179.838000001385808 ], [ 566469.061999999918044, 5928179.694999998435378 ], [ 566468.162999999709427, 5928179.658000001683831 ], [ 566467.267000000923872, 5928179.738000001758337 ], [ 566466.390000000596046, 5928179.940000001341105 ], [ 566465.548000000417233, 5928180.259000001475215 ], [ 566464.755000000819564, 5928180.684000002220273 ], [ 566463.997999999672174, 5928181.171 ], [ 566463.330000001005828, 5928181.775000002235174 ], [ 566462.753999999724329, 5928182.466 ], [ 566462.261000001803041, 5928183.219000002369285 ], [ 566461.842000000178814, 5928184.015999998897314 ], [ 566461.705000000074506, 5928184.333000002428889 ], [ 566458.718000000342727, 5928202.623000003397465 ], [ 566458.586000001057982, 5928203.49100000038743 ], [ 566458.537000000476837, 5928204.389000000432134 ], [ 566458.593000001274049, 5928205.287999998778105 ], [ 566458.765999999828637, 5928206.171000001952052 ], [ 566459.064000001177192, 5928207.020000003278255 ], [ 566459.485000000335276, 5928207.815999999642372 ], [ 566460.015000000596046, 5928208.543000001460314 ], [ 566460.606999999843538, 5928209.22100000269711 ], [ 566461.290000000037253, 5928209.807000001892447 ], [ 566462.050000000745058, 5928210.289000002667308 ], [ 566462.868999999947846, 5928210.66300000064075 ], [ 566463.726999999955297, 5928210.934000002220273 ] ], [ [ 566533.408000000752509, 5928145.484999999403954 ], [ 566534.550000000745058, 5928146.004000002518296 ], [ 566534.233, 5928146.703000003471971 ], [ 566533.090000000782311, 5928146.184000000357628 ], [ 566533.408000000752509, 5928145.484999999403954 ] ], [ [ 566509.378000000491738, 5928176.259000001475215 ], [ 566508.95299999974668, 5928176.473000003024936 ], [ 566508.529000000096858, 5928176.69000000320375 ], [ 566508.108000000938773, 5928176.910999998450279 ], [ 566507.688000001013279, 5928177.13599999807775 ], [ 566507.269000001251698, 5928177.36400000192225 ], [ 566506.853000001050532, 5928177.596000004559755 ], [ 566506.438000001013279, 5928177.832000000402331 ], [ 566506.026000000536442, 5928178.071000002324581 ], [ 566505.615000000223517, 5928178.314000001177192 ], [ 566505.206000000238419, 5928178.560000000521541 ], [ 566504.689000000245869, 5928178.878000000491738 ], [ 566504.266000000759959, 5928179.14299999922514 ], [ 566503.844000001437962, 5928179.412000004202127 ], [ 566503.424999999813735, 5928179.684999998658895 ], [ 566503.00800000037998, 5928179.960000002756715 ], [ 566502.593000000342727, 5928180.240000000223517 ], [ 566502.18099999986589, 5928180.523000001907349 ], [ 566501.771000000648201, 5928180.810000000521541 ], [ 566501.364000000059605, 5928181.099999999627471 ], [ 566500.959999999962747, 5928181.394000001251698 ], [ 566500.558000000193715, 5928181.691000003367662 ], [ 566500.159000000916421, 5928181.993000004440546 ], [ 566499.763000001199543, 5928182.298000000417233 ], [ 566499.370000001043081, 5928182.607000004500151 ], [ 566498.984000002034009, 5928182.925000004470348 ], [ 566498.55599999986589, 5928183.183000000193715 ], [ 566498.087000002153218, 5928183.356000002473593 ], [ 566497.592000002041459, 5928183.427000001072884 ], [ 566497.092999999411404, 5928183.391000000759959 ], [ 566496.610000000335276, 5928183.261 ], [ 566496.155999999493361, 5928183.038000002503395 ], [ 566495.751000001095235, 5928182.745000001043081 ], [ 566495.411000001244247, 5928182.378000000491738 ], [ 566495.155000002123415, 5928181.949000004678965 ], [ 566494.986000000499189, 5928181.479000002145767 ], [ 566493.584999999962747, 5928167.69200000166893 ], [ 566493.647000000812113, 5928167.218000000342727 ], [ 566493.84499999973923, 5928166.671000001952052 ], [ 566494.149000001139939, 5928166.190999999642372 ], [ 566494.558000001125038, 5928165.777000000700355 ], [ 566495.048999999649823, 5928165.460999999195337 ], [ 566495.582000000402331, 5928165.262999998405576 ], [ 566496.144999999552965, 5928165.183000003919005 ], [ 566496.727000000886619, 5928165.226000001654029 ], [ 566497.177000000141561, 5928165.362000001594424 ], [ 566510.56900000013411, 5928171.446000000461936 ], [ 566510.917000001296401, 5928171.619000000879169 ], [ 566511.241000001318753, 5928171.833999998867512 ], [ 566511.530999999493361, 5928172.097000000998378 ], [ 566511.776000001467764, 5928172.415000000968575 ], [ 566511.966000000946224, 5928172.792999999597669 ], [ 566512.074000000953674, 5928173.166000001132488 ], [ 566512.125000000931323, 5928173.574000002816319 ], [ 566512.083000001497567, 5928173.958999998867512 ], [ 566511.975999999791384, 5928174.341000001877546 ], [ 566511.802000001072884, 5928174.701999999582767 ], [ 566511.56900000013411, 5928175.023000001907349 ], [ 566511.290000000968575, 5928175.28999999910593 ], [ 566510.980000000447035, 5928175.494000000879169 ], [ 566510.664000000804663, 5928175.640000000596046 ], [ 566510.234000001102686, 5928175.843000000342727 ], [ 566509.805000000633299, 5928176.0489999987185 ], [ 566509.378000000491738, 5928176.259000001475215 ] ], [ [ 566469.750000000931323, 5928185.748000003397465 ], [ 566480.858, 5928190.794000003486872 ], [ 566481.222000000998378, 5928191.031000001356006 ], [ 566481.531999999657273, 5928191.344000000506639 ], [ 566481.774000001139939, 5928191.718000004068017 ], [ 566481.936999999918044, 5928192.139000000432134 ], [ 566482.015999999828637, 5928192.588000003248453 ], [ 566482.006000000983477, 5928193.047000002115965 ], [ 566481.907999999821186, 5928193.496000001206994 ], [ 566481.726999999955297, 5928193.916000001132488 ], [ 566481.469000000506639, 5928194.28999999910593 ], [ 566481.148000000044703, 5928194.466999998316169 ], [ 566480.728000000119209, 5928194.701000003144145 ], [ 566480.309000000357628, 5928194.938000001013279 ], [ 566479.890999999828637, 5928195.177000002935529 ], [ 566479.474000001326203, 5928195.416999999433756 ], [ 566479.05900000128895, 5928195.659999998286366 ], [ 566478.645000000484288, 5928195.90400000102818 ], [ 566478.230999999679625, 5928196.150000002235174 ], [ 566477.819000001065433, 5928196.399000000208616 ], [ 566477.408000000752509, 5928196.649000002071261 ], [ 566476.997999999672174, 5928196.901000002399087 ], [ 566476.589999999850988, 5928197.155000001192093 ], [ 566476.182000000961125, 5928197.410000000149012 ], [ 566475.775999999605119, 5928197.666999999433756 ], [ 566475.370000000111759, 5928197.925999999046326 ], [ 566474.966000000014901, 5928198.186999998986721 ], [ 566474.562000000849366, 5928198.448999999091029 ], [ 566474.156000001356006, 5928198.716000001877546 ], [ 566473.738000000827014, 5928199.006000000983477 ], [ 566473.330000001005828, 5928199.294000001624227 ], [ 566472.923000000417233, 5928199.58500000089407 ], [ 566472.517000000923872, 5928199.877000000327826 ], [ 566472.112999998964369, 5928200.17200000025332 ], [ 566471.711000001989305, 5928200.469000000506639 ], [ 566471.310999999754131, 5928200.769000004976988 ], [ 566470.912000000476837, 5928201.071000002324581 ], [ 566470.515999999828637, 5928201.375 ], [ 566470.121999999508262, 5928201.683000000193715 ], [ 566469.730000000447035, 5928201.993000000715256 ], [ 566469.340000001713634, 5928202.30599999986589 ], [ 566468.95200000051409, 5928202.622000001370907 ], [ 566468.566999999806285, 5928202.941999999806285 ], [ 566468.185000002384186, 5928203.264000002294779 ], [ 566467.806000000797212, 5928203.590000001713634 ], [ 566467.428999999538064, 5928203.918999999761581 ], [ 566467.05599999986589, 5928204.251000000163913 ], [ 566466.777000001631677, 5928204.454 ], [ 566466.332000000402331, 5928204.682000001892447 ], [ 566465.849000001326203, 5928204.811999998986721 ], [ 566465.349000000394881, 5928204.833999998867512 ], [ 566464.856000000610948, 5928204.754000004380941 ], [ 566464.467000000178814, 5928204.601000001654029 ], [ 566464.098000000230968, 5928204.405999999493361 ], [ 566463.75899999961257, 5928204.162000004202127 ], [ 566463.464000000618398, 5928203.867000000551343 ], [ 566463.229000002145767, 5928203.521999999880791 ], [ 566463.063000001013279, 5928203.139000002294779 ], [ 566462.965000000782311, 5928202.733000002801418 ], [ 566462.928000001236796, 5928202.31700000166893 ], [ 566462.94300000090152, 5928201.900000000372529 ], [ 566465.384000000543892, 5928186.952000001445413 ], [ 566465.483, 5928186.732999999076128 ], [ 566465.743999999947846, 5928186.307 ], [ 566466.06900000013411, 5928185.927000001072884 ], [ 566466.462000000290573, 5928185.618000000715256 ], [ 566466.914000001735985, 5928185.403000002726912 ], [ 566467.401000000536442, 5928185.290000000968575 ], [ 566467.900000002235174, 5928185.27000000141561 ], [ 566468.396999999880791, 5928185.324999999254942 ], [ 566468.884999999776483, 5928185.437000000849366 ], [ 566469.360000001266599, 5928185.592000002041459 ], [ 566469.750000000931323, 5928185.748000003397465 ] ], [ [ 566538.786999999545515, 5928157.718000002205372 ], [ 566538.376000000163913, 5928157.938000001013279 ], [ 566537.966999999247491, 5928158.164000000804663 ], [ 566537.560999999754131, 5928158.394000001251698 ], [ 566537.157999998889863, 5928158.628000000491738 ], [ 566536.757000000216067, 5928158.868000002577901 ], [ 566536.360000001266599, 5928159.111999999731779 ], [ 566535.964999998919666, 5928159.359999999403954 ], [ 566535.571999999694526, 5928159.596000000834465 ], [ 566535.15400000102818, 5928159.846000004559755 ], [ 566534.707000000402331, 5928160.109999999403954 ], [ 566534.248999999836087, 5928160.39299999922514 ], [ 566533.850999999791384, 5928160.650000000372529 ], [ 566533.445000000298023, 5928160.918000001460314 ], [ 566532.974000000394881, 5928161.237999999895692 ], [ 566532.562000000849366, 5928161.525000000372529 ], [ 566532.147000001743436, 5928161.818000001832843 ], [ 566531.775999999605119, 5928162.085000002756715 ], [ 566531.31800000090152, 5928162.419000001624227 ], [ 566530.936000001616776, 5928162.70100000500679 ], [ 566530.496000001206994, 5928163.030000003054738 ], [ 566530.109000000171363, 5928163.322000002488494 ], [ 566529.71100000012666, 5928163.625 ], [ 566529.275000001303852, 5928163.959999999031425 ], [ 566528.957000002264977, 5928164.148000001907349 ], [ 566528.594000001437962, 5928164.28999999910593 ], [ 566528.207000000402331, 5928164.372000001370907 ], [ 566527.812000001780689, 5928164.389000000432134 ], [ 566527.423999999649823, 5928164.341 ], [ 566527.08500000089407, 5928164.241000002250075 ], [ 566526.711000001057982, 5928164.102 ], [ 566526.334000001661479, 5928163.89299999922514 ], [ 566525.989000000990927, 5928163.609000002965331 ], [ 566525.704000000841916, 5928163.260000001639128 ], [ 566525.496000001206994, 5928162.869000000879169 ], [ 566525.362999999895692, 5928162.464000001549721 ], [ 566525.293999999761581, 5928162.072999998927116 ], [ 566523.974999999627471, 5928149.085999999195337 ], [ 566521.846000000834465, 5928148.73900000192225 ], [ 566521.888000001199543, 5928148.539000000804663 ], [ 566521.946000001393259, 5928148.338000003248453 ], [ 566522.021000001579523, 5928148.140000004321337 ], [ 566522.111999999731779, 5928147.946000000461936 ], [ 566522.220000001601875, 5928147.758000001311302 ], [ 566522.343000000342727, 5928147.578000003471971 ], [ 566522.480999999679625, 5928147.407999999821186 ], [ 566522.633000001311302, 5928147.249000001698732 ], [ 566522.79600000102073, 5928147.10500000230968 ], [ 566522.969000001437962, 5928146.973999999463558 ], [ 566523.150999999605119, 5928146.860000001266599 ], [ 566523.337999999523163, 5928146.76099999807775 ], [ 566523.530000001192093, 5928146.677999999374151 ], [ 566523.722999999299645, 5928146.611999999731779 ], [ 566523.689000001177192, 5928146.243999999016523 ], [ 566523.69300000090152, 5928145.815999999642372 ], [ 566523.752000000327826, 5928145.392000004649162 ], [ 566523.881999999284744, 5928144.968000000342727 ], [ 566524.099000000394881, 5928144.559999998658895 ], [ 566524.388000002130866, 5928144.213000001385808 ], [ 566524.714999999850988, 5928143.951000003144145 ], [ 566525.045000000856817, 5928143.705 ], [ 566525.484000000171363, 5928143.514000000432134 ], [ 566525.955000000074506, 5928143.428999999538064 ], [ 566526.391000000759959, 5928143.437000002712011 ], [ 566526.826000000350177, 5928143.513000003993511 ], [ 566527.191999999806285, 5928143.623000003397465 ], [ 566527.553000001236796, 5928143.767000000923872 ], [ 566544.391000000759959, 5928151.416000001132488 ], [ 566544.649000000208616, 5928151.631000002846122 ], [ 566544.915000000968575, 5928151.930000001564622 ], [ 566545.120000001043081, 5928152.251000000163913 ], [ 566545.277999999932945, 5928152.615000002086163 ], [ 566545.377000001259148, 5928152.973000003024936 ], [ 566545.433000000193715, 5928153.360000001266599 ], [ 566545.383000001311302, 5928153.665000000968575 ], [ 566545.28899999987334, 5928153.99100000038743 ], [ 566545.160000001080334, 5928154.28800000064075 ], [ 566545.003000000491738, 5928154.557 ], [ 566544.800999999977648, 5928154.820000002160668 ], [ 566544.56800000090152, 5928155.054000001400709 ], [ 566544.325000001117587, 5928155.244000002741814 ], [ 566544.103000000119209, 5928155.377000002190471 ], [ 566543.024000001139939, 5928155.787000002339482 ], [ 566542.591000001877546, 5928155.957000004127622 ], [ 566542.160000001080334, 5928156.132000001147389 ], [ 566541.731000000610948, 5928156.313000001013279 ], [ 566541.304000000469387, 5928156.499000001698732 ], [ 566540.878999999724329, 5928156.689000003039837 ], [ 566540.456000001169741, 5928156.884999999776483 ], [ 566540.036000000312924, 5928157.086000001057982 ], [ 566539.61699999962002, 5928157.291999999433756 ], [ 566539.201000000350177, 5928157.502000002190471 ], [ 566538.786999999545515, 5928157.718000002205372 ] ], [ [ 566567.385999999940395, 5928140.785000002011657 ], [ 566566.962000000290573, 5928141.049000000581145 ], [ 566566.541000001132488, 5928141.31699999794364 ], [ 566566.122000000439584, 5928141.590000001713634 ], [ 566565.705000001005828, 5928141.86600000038743 ], [ 566565.291000000201166, 5928142.146000001579523 ], [ 566564.879000000655651, 5928142.429000001400709 ], [ 566564.470000000670552, 5928142.716000001877546 ], [ 566564.064000001177192, 5928143.007000001147389 ], [ 566563.660000002011657, 5928143.302000004798174 ], [ 566563.258000001311302, 5928143.600000001490116 ], [ 566562.860000001266599, 5928143.901999998837709 ], [ 566562.395999998785555, 5928144.127999998629093 ], [ 566561.929999999701977, 5928144.252000000327826 ], [ 566561.419000000692904, 5928144.286999998614192 ], [ 566560.891000000759959, 5928144.217000000178814 ], [ 566560.418000000528991, 5928144.054000001400709 ], [ 566559.985000001266599, 5928143.803000001236796 ], [ 566559.586000001989305, 5928143.450000001117587 ], [ 566559.279000000096858, 5928143.041000004857779 ], [ 566559.06800000090152, 5928142.607000002637506 ], [ 566558.935000000521541, 5928142.107999999076128 ], [ 566557.787999999709427, 5928130.812000002712011 ], [ 566556.979000002145767, 5928130.894000004976988 ], [ 566556.847000000067055, 5928129.596000000834465 ], [ 566557.656000000424683, 5928129.514000002294779 ], [ 566557.051000000908971, 5928123.554999999701977 ], [ 566557.035000000149012, 5928123.105000000447035 ], [ 566557.033000000752509, 5928122.655000001192093 ], [ 566557.049999999813735, 5928122.205999998375773 ], [ 566557.088999998755753, 5928121.757000001147389 ], [ 566557.160000002011657, 5928121.313000002875924 ], [ 566557.274000001139939, 5928120.878000000491738 ], [ 566557.4510000012815, 5928120.464000003412366 ], [ 566557.719000001437962, 5928120.102000003680587 ], [ 566558.067999999038875, 5928119.818000001832843 ], [ 566558.462000000290573, 5928119.601000001654029 ], [ 566558.892000001855195, 5928119.468000000342727 ], [ 566559.340000000782311, 5928119.421000001952052 ], [ 566559.789000001735985, 5928119.452000003308058 ], [ 566560.229000002145767, 5928119.546 ], [ 566560.592000000178814, 5928119.664000002667308 ], [ 566583.49800000153482, 5928130.069000001996756 ], [ 566583.728000001981854, 5928130.212999999523163 ], [ 566583.944000001065433, 5928130.391000000759959 ], [ 566584.139000001363456, 5928130.598000004887581 ], [ 566584.307000001892447, 5928130.833000000566244 ], [ 566584.44300000090152, 5928131.08700000308454 ], [ 566584.545000000856817, 5928131.355000000447035 ], [ 566584.610000002197921, 5928131.629999997094274 ], [ 566584.639000000432134, 5928131.903000000864267 ], [ 566584.611999999731779, 5928132.298000002279878 ], [ 566584.513000000268221, 5928132.693 ], [ 566584.35700000077486, 5928133.041999999433756 ], [ 566584.136999999172986, 5928133.369000000879169 ], [ 566583.876000001095235, 5928133.640000002458692 ], [ 566583.557000000961125, 5928133.872000003233552 ], [ 566583.19400000013411, 5928134.046000001952052 ], [ 566582.820000001229346, 5928134.148000001907349 ], [ 566582.353000001050532, 5928134.276999998837709 ], [ 566581.880000000819564, 5928134.411000000312924 ], [ 566581.407000000588596, 5928134.550000000745058 ], [ 566580.935999999754131, 5928134.69200000166893 ], [ 566580.464999999850988, 5928134.838000001385808 ], [ 566579.995000000111759, 5928134.988000001758337 ], [ 566579.525999999605119, 5928135.141000000759959 ], [ 566579.058000000193715, 5928135.2989999987185 ], [ 566578.591000000946224, 5928135.46000000089407 ], [ 566578.125000001862645, 5928135.625000001862645 ], [ 566577.660000000149012, 5928135.795 ], [ 566577.196000000461936, 5928135.968000000342727 ], [ 566576.734000000171363, 5928136.14500000141561 ], [ 566576.271999999880791, 5928136.3260000012815 ], [ 566575.811999999918044, 5928136.511 ], [ 566575.354000001214445, 5928136.699999999254942 ], [ 566574.897000001743436, 5928136.89300000295043 ], [ 566574.441000000573695, 5928137.089999999850988 ], [ 566573.986999999731779, 5928137.291000002995133 ], [ 566573.533999999985099, 5928137.495000002905726 ], [ 566573.082999999634922, 5928137.704 ], [ 566572.63300000037998, 5928137.917000001296401 ], [ 566572.21999999973923, 5928138.118000004440546 ], [ 566572.203000000678003, 5928138.126000002026558 ], [ 566571.739000000990927, 5928138.35500000230968 ], [ 566571.295000000856817, 5928138.580000001937151 ], [ 566570.853000001050532, 5928138.809000000357628 ], [ 566570.41200000140816, 5928139.041999999433756 ], [ 566569.974000001326203, 5928139.279000002890825 ], [ 566569.53700000140816, 5928139.519999999552965 ], [ 566569.101999999955297, 5928139.765000002458692 ], [ 566568.670000000856817, 5928140.013999998569489 ], [ 566568.24000000115484, 5928140.267000000923872 ], [ 566567.811000000685453, 5928140.524000002071261 ], [ 566567.385999999940395, 5928140.785000002011657 ] ] ] } },
{ "type": "Feature", "properties": { "gebaeude_id": "DEHHALKA10007htD", "dachneig": 20.263, "dachfl_2d": 43.296, "dachfl_3d": 46.21, "area_m2": 43.3 }, "geometry": { "type": "Polygon", "coordinates": [ [ [ 566474.156000001356006, 5928198.716000001877546 ], [ 566474.562000000849366, 5928198.448999999091029 ], [ 566474.966000000014901, 5928198.186999998986721 ], [ 566475.370000000111759, 5928197.925999999046326 ], [ 566475.775999999605119, 5928197.666999999433756 ], [ 566476.182000000961125, 5928197.410000000149012 ], [ 566476.589999999850988, 5928197.155000001192093 ], [ 566476.997999999672174, 5928196.901000002399087 ], [ 566477.408000000752509, 5928196.649000002071261 ], [ 566477.819000001065433, 5928196.399000000208616 ], [ 566478.230999999679625, 5928196.150000002235174 ], [ 566478.645000000484288, 5928195.90400000102818 ], [ 566479.05900000128895, 5928195.659999998286366 ], [ 566479.474000001326203, 5928195.416999999433756 ], [ 566479.890999999828637, 5928195.177000002935529 ], [ 566480.309000000357628, 5928194.938000001013279 ], [ 566480.728000000119209, 5928194.701000003144145 ], [ 566481.148000000044703, 5928194.466999998316169 ], [ 566481.469000000506639, 5928194.28999999910593 ], [ 566481.726999999955297, 5928193.916000001132488 ], [ 566481.907999999821186, 5928193.496000001206994 ], [ 566482.006000000983477, 5928193.047000002115965 ], [ 566482.015999999828637, 5928192.588000003248453 ], [ 566481.936999999918044, 5928192.139000000432134 ], [ 566481.774000001139939, 5928191.718000004068017 ], [ 566481.531999999657273, 5928191.344000000506639 ], [ 566481.222000000998378, 5928191.031000001356006 ], [ 566480.858, 5928190.794000003486872 ], [ 566475.826000000350177, 5928188.509000001475215 ], [ 566474.156000001356006, 5928198.716000001877546 ] ] ] } },
{ "type": "Feature", "properties": { "gebaeude_id": "DEHHALKA10007htD", "dachneig": 0.0, "dachfl_2d": 38.743, "dachfl_3d": 38.743, "area_m2": 38.7 }, "geometry": { "type": "Polygon", "coordinates": [ [ [ 566472.517000000923872, 5928199.877000000327826 ], [ 566472.923000000417233, 5928199.58500000089407 ], [ 566473.330000001005828, 5928199.294000001624227 ], [ 566473.738000000827014, 5928199.006000000983477 ], [ 566474.156000001356006, 5928198.716000001877546 ], [ 566475.826000000350177, 5928188.509000001475215 ], [ 566469.750000000931323, 5928185.748000003397465 ], [ 566469.360000001266599, 5928185.592000002041459 ], [ 566468.884999999776483, 5928185.437000000849366 ], [ 566468.396999999880791, 5928185.324999999254942 ], [ 566467.900000002235174, 5928185.27000000141561 ], [ 566467.401000000536442, 5928185.290000000968575 ], [ 566466.914000001735985, 5928185.403000002726912 ], [ 566466.462000000290573, 5928185.618000000715256 ], [ 566466.06900000013411, 5928185.927000001072884 ], [ 566465.743999999947846, 5928186.307 ], [ 566465.483, 5928186.732999999076128 ], [ 566465.384000000543892, 5928186.952000001445413 ], [ 566462.94300000090152, 5928201.900000000372529 ], [ 566462.928000001236796, 5928202.31700000166893 ], [ 566462.965000000782311, 5928202.733000002801418 ], [ 566463.063000001013279, 5928203.139000002294779 ], [ 566463.229000002145767, 5928203.521999999880791 ], [ 566463.464000000618398, 5928203.867000000551343 ], [ 566463.75899999961257, 5928204.162000004202127 ], [ 566464.098000000230968, 5928204.405999999493361 ], [ 566464.467000000178814, 5928204.601000001654029 ], [ 566464.856000000610948, 5928204.754000004380941 ], [ 566465.349000000394881, 5928204.833999998867512 ], [ 566465.849000001326203, 5928204.811999998986721 ], [ 566466.332000000402331, 5928204.682000001892447 ], [ 566466.777000001631677, 5928204.454 ], [ 566467.05599999986589, 5928204.251000000163913 ], [ 566467.428999999538064, 5928203.918999999761581 ], [ 566467.806000000797212, 5928203.590000001713634 ], [ 566468.185000002384186, 5928203.264000002294779 ], [ 566468.566999999806285, 5928202.941999999806285 ], [ 566468.95200000051409, 5928202.622000001370907 ], [ 566469.340000001713634, 5928202.30599999986589 ], [ 566469.730000000447035, 5928201.993000000715256 ], [ 566470.121999999508262, 5928201.683000000193715 ], [ 566470.515999999828637, 5928201.375 ], [ 566470.912000000476837, 5928201.071000002324581 ], [ 566471.310999999754131, 5928200.769000004976988 ], [ 566471.711000001989305, 5928200.469000000506639 ], [ 566472.112999998964369, 5928200.17200000025332 ], [ 566472.517000000923872, 5928199.877000000327826 ] ], [ [ 566474.589999999850988, 5928194.611000001430511 ], [ 566474.441000000573695, 5928194.587000004947186 ], [ 566474.284000000916421, 5928195.552000001072884 ], [ 566474.432000000961125, 5928195.576000003144145 ], [ 566474.332000000402331, 5928196.188000001013279 ], [ 566473.712000001221895, 5928196.087000001221895 ], [ 566473.741000001318753, 5928195.907999999821186 ], [ 566472.893000002019107, 5928195.769000001251698 ], [ 566473.197999999858439, 5928193.905000003054738 ], [ 566474.04600000102073, 5928194.042999999597669 ], [ 566474.065999999642372, 5928193.921000001952052 ], [ 566474.686000000685453, 5928194.021999999880791 ], [ 566474.589999999850988, 5928194.611000001430511 ] ], [ [ 566474.101000000722706, 5928193.705000001937151 ], [ 566474.130000001750886, 5928193.526000004261732 ], [ 566473.281999999657273, 5928193.387000001966953 ], [ 566473.58699999935925, 5928191.523000001907349 ], [ 566474.435000001452863, 5928191.661000004038215 ], [ 566474.455000001937151, 5928191.539000000804663 ], [ 566475.075000001117587, 5928191.640000000596046 ], [ 566474.978999999351799, 5928192.229000002145767 ], [ 566474.830000001005828, 5928192.205 ], [ 566474.673000001348555, 5928193.170000001788139 ], [ 566474.821000000461936, 5928193.194000003859401 ], [ 566474.720999999903142, 5928193.806000001728535 ], [ 566474.101000000722706, 5928193.705000001937151 ] ], [ [ 566474.488000001758337, 5928191.333999998867512 ], [ 566474.517, 5928191.155000001192093 ], [ 566473.668999999761581, 5928191.017000000923872 ], [ 566473.974000000394881, 5928189.152000000700355 ], [ 566474.821999999694526, 5928189.291000002995133 ], [ 566474.842000000178814, 5928189.168000003322959 ], [ 566475.462000001221895, 5928189.269999999552965 ], [ 566475.36600000038743, 5928189.858999999240041 ], [ 566475.217000001110137, 5928189.834000000730157 ], [ 566475.060000001452863, 5928190.7989999987185 ], [ 566475.208000001497567, 5928190.824000000953674 ], [ 566475.108000000938773, 5928191.436000004410744 ], [ 566474.488000001758337, 5928191.333999998867512 ] ], [ [ 566467.020999999716878, 5928203.456000000238419 ], [ 566466.668999999761581, 5928203.77000000141561 ], [ 566466.45299999974668, 5928203.927000002935529 ], [ 566466.108, 5928204.103000001981854 ], [ 566465.754000001586974, 5928204.199000000953674 ], [ 566465.385999999940395, 5928204.214999999850988 ], [ 566465.020000000484288, 5928204.155000001192093 ], [ 566464.724999999627471, 5928204.039000000804663 ], [ 566464.4239999987185, 5928203.880000000819564 ], [ 566464.160000000149012, 5928203.691000001505017 ], [ 566463.942000000737607, 5928203.471999999135733 ], [ 566463.770999999716878, 5928203.222000000998378 ], [ 566463.650000000372529, 5928202.941999999806285 ], [ 566463.575000001117587, 5928202.633000003173947 ], [ 566463.546000000089407, 5928202.300999999046326 ], [ 566463.558000001125038, 5928201.960000002756715 ], [ 566465.98000000230968, 5928187.131999999284744 ], [ 566466.029000000096858, 5928187.023 ], [ 566466.244999999180436, 5928186.671000001952052 ], [ 566466.498000000603497, 5928186.375000001862645 ], [ 566466.790000000968575, 5928186.145999999716878 ], [ 566467.119000000879169, 5928185.989 ], [ 566467.483, 5928185.903999999165535 ], [ 566467.879000000655651, 5928185.888000002130866 ], [ 566468.294000000692904, 5928185.934000004082918 ], [ 566468.71999999973923, 5928186.031999999657273 ], [ 566469.149000000208616, 5928186.172000002115965 ], [ 566469.507000000216067, 5928186.315000005066395 ], [ 566473.692999999970198, 5928188.217000002041459 ], [ 566471.832000001333654, 5928199.61400000192225 ], [ 566471.74800000153482, 5928199.675000002607703 ], [ 566471.343000000342727, 5928199.973999999463558 ], [ 566470.939999999478459, 5928200.276000002399087 ], [ 566470.537999999709427, 5928200.58 ], [ 566470.138000002130866, 5928200.888000000268221 ], [ 566469.74100000038743, 5928201.198000000789762 ], [ 566469.34499999973923, 5928201.511 ], [ 566468.95200000051409, 5928201.827000001445413 ], [ 566468.560000001452863, 5928202.146000003442168 ], [ 566468.17200000025332, 5928202.468000002205372 ], [ 566467.786000000312924, 5928202.794000001624227 ], [ 566467.402000000700355, 5928203.122999997809529 ], [ 566467.020999999716878, 5928203.456000000238419 ] ] ] } },
{ "type": "Feature", "properties": { "gebaeude_id": "DEHHALKA10007htD", "dachneig": 0.0, "dachfl_2d": 122.091, "dachfl_3d": 122.091, "area_m2": 122.1 }, "geometry": { "type": "Polygon", "coordinates": [ [ [ 566466.244999999180436, 5928186.671000001952052 ], [ 566466.029000000096858, 5928187.023 ], [ 566465.98000000230968, 5928187.131999999284744 ], [ 566463.558000001125038, 5928201.960000002756715 ], [ 566463.546000000089407, 5928202.300999999046326 ], [ 566463.575000001117587, 5928202.633000003173947 ], [ 566463.650000000372529, 5928202.941999999806285 ], [ 566463.770999999716878, 5928203.222000000998378 ], [ 566463.942000000737607, 5928203.471999999135733 ], [ 566464.160000000149012, 5928203.691000001505017 ], [ 566464.4239999987185, 5928203.880000000819564 ], [ 566464.724999999627471, 5928204.039000000804663 ], [ 566465.020000000484288, 5928204.155000001192093 ], [ 566465.385999999940395, 5928204.214999999850988 ], [ 566465.754000001586974, 5928204.199000000953674 ], [ 566466.108, 5928204.103000001981854 ], [ 566466.45299999974668, 5928203.927000002935529 ], [ 566466.668999999761581, 5928203.77000000141561 ], [ 566467.020999999716878, 5928203.456000000238419 ], [ 566467.402000000700355, 5928203.122999997809529 ], [ 566467.786000000312924, 5928202.794000001624227 ], [ 566468.17200000025332, 5928202.468000002205372 ], [ 566468.560000001452863, 5928202.146000003442168 ], [ 566468.95200000051409, 5928201.827000001445413 ], [ 566469.34499999973923, 5928201.511 ], [ 566469.74100000038743, 5928201.198000000789762 ], [ 566470.138000002130866, 5928200.888000000268221 ], [ 566470.537999999709427, 5928200.58 ], [ 566470.939999999478459, 5928200.276000002399087 ], [ 566471.343000000342727, 5928199.973999999463558 ], [ 566471.74800000153482, 5928199.675000002607703 ], [ 566471.832000001333654, 5928199.61400000192225 ], [ 566473.692999999970198, 5928188.217000002041459 ], [ 566469.507000000216067, 5928186.315000005066395 ], [ 566469.149000000208616, 5928186.172000002115965 ], [ 566468.71999999973923, 5928186.031999999657273 ], [ 566468.294000000692904, 5928185.934000004082918 ], [ 566467.879000000655651, 5928185.888000002130866 ], [ 566467.483, 5928185.903999999165535 ], [ 566467.119000000879169, 5928185.989 ], [ 566466.790000000968575, 5928186.145999999716878 ], [ 566466.498000000603497, 5928186.375000001862645 ], [ 566466.244999999180436, 5928186.671000001952052 ] ], [ [ 566471.100999998860061, 5928190.082000002264977 ], [ 566470.995000001974404, 5928190.732000002637506 ], [ 566470.334000001661479, 5928190.623999999836087 ], [ 566470.440999999642372, 5928189.973999999463558 ], [ 566471.100999998860061, 5928190.082000002264977 ] ], [ [ 566470.276999999769032, 5928194.057 ], [ 566469.43300000205636, 5928193.918999999761581 ], [ 566469.644999999552965, 5928192.62300000153482 ], [ 566470.488000000827014, 5928192.76099999807775 ], [ 566470.511000001803041, 5928192.625 ], [ 566471.129999999888241, 5928192.725999999791384 ], [ 566471.030000001192093, 5928193.339000001549721 ], [ 566470.85700000077486, 5928193.311000000685453 ], [ 566470.798999999649823, 5928193.666000002995133 ], [ 566470.972000000998378, 5928193.695000000298023 ], [ 566470.872000000439584, 5928194.303999999538064 ], [ 566470.253000002354383, 5928194.20299999974668 ], [ 566470.276999999769032, 5928194.057 ] ] ] } },
{ "type": "Feature", "properties": { "gebaeude_id": "DEHHALKA10007htD", "dachneig": 18.962, "dachfl_2d": 46.222, "dachfl_3d": 48.897, "area_m2": 46.2 }, "geometry": { "type": "Polygon", "coordinates": [ [ [ 566506.438000001013279, 5928177.832000000402331 ], [ 566506.853000001050532, 5928177.596000004559755 ], [ 566507.269000001251698, 5928177.36400000192225 ], [ 566507.688000001013279, 5928177.13599999807775 ], [ 566508.108000000938773, 5928176.910999998450279 ], [ 566508.529000000096858, 5928176.69000000320375 ], [ 566508.95299999974668, 5928176.473000003024936 ], [ 566509.378000000491738, 5928176.259000001475215 ], [ 566509.805000000633299, 5928176.0489999987185 ], [ 566510.234000001102686, 5928175.843000000342727 ], [ 566510.664000000804663, 5928175.640000000596046 ], [ 566510.980000000447035, 5928175.494000000879169 ], [ 566511.290000000968575, 5928175.28999999910593 ], [ 566511.56900000013411, 5928175.023000001907349 ], [ 566511.802000001072884, 5928174.701999999582767 ], [ 566511.975999999791384, 5928174.341000001877546 ], [ 566512.083000001497567, 5928173.958999998867512 ], [ 566512.125000000931323, 5928173.574000002816319 ], [ 566512.074000000953674, 5928173.166000001132488 ], [ 566511.966000000946224, 5928172.792999999597669 ], [ 566511.776000001467764, 5928172.415000000968575 ], [ 566511.530999999493361, 5928172.097000000998378 ], [ 566511.241000001318753, 5928171.833999998867512 ], [ 566510.917000001296401, 5928171.619000000879169 ], [ 566510.56900000013411, 5928171.446000000461936 ], [ 566504.189000001177192, 5928168.548000000417233 ], [ 566505.206000000238419, 5928178.560000000521541 ], [ 566505.615000000223517, 5928178.314000001177192 ], [ 566506.026000000536442, 5928178.071000002324581 ], [ 566506.438000001013279, 5928177.832000000402331 ] ] ] } },
{ "type": "Feature", "properties": { "gebaeude_id": "DEHHALKA10007htD", "dachneig": 0.0, "dachfl_2d": 34.355, "dachfl_3d": 34.355, "area_m2": 34.4 }, "geometry": { "type": "Polygon", "coordinates": [ [ [ 566497.177000000141561, 5928165.362000001594424 ], [ 566496.727000000886619, 5928165.226000001654029 ], [ 566496.144999999552965, 5928165.183000003919005 ], [ 566495.582000000402331, 5928165.262999998405576 ], [ 566495.048999999649823, 5928165.460999999195337 ], [ 566494.558000001125038, 5928165.777000000700355 ], [ 566494.149000001139939, 5928166.190999999642372 ], [ 566493.84499999973923, 5928166.671000001952052 ], [ 566493.647000000812113, 5928167.218000000342727 ], [ 566493.584999999962747, 5928167.69200000166893 ], [ 566494.986000000499189, 5928181.479000002145767 ], [ 566495.155000002123415, 5928181.949000004678965 ], [ 566495.411000001244247, 5928182.378000000491738 ], [ 566495.751000001095235, 5928182.745000001043081 ], [ 566496.155999999493361, 5928183.038000002503395 ], [ 566496.610000000335276, 5928183.261 ], [ 566497.092999999411404, 5928183.391000000759959 ], [ 566497.592000002041459, 5928183.427000001072884 ], [ 566498.087000002153218, 5928183.356000002473593 ], [ 566498.55599999986589, 5928183.183000000193715 ], [ 566498.984000002034009, 5928182.925000004470348 ], [ 566499.370000001043081, 5928182.607000004500151 ], [ 566499.763000001199543, 5928182.298000000417233 ], [ 566500.159000000916421, 5928181.993000004440546 ], [ 566500.558000000193715, 5928181.691000003367662 ], [ 566500.959999999962747, 5928181.394000001251698 ], [ 566501.364000000059605, 5928181.099999999627471 ], [ 566501.771000000648201, 5928180.810000000521541 ], [ 566502.18099999986589, 5928180.523000001907349 ], [ 566502.593000000342727, 5928180.240000000223517 ], [ 566503.00800000037998, 5928179.960000002756715 ], [ 566503.424999999813735, 5928179.684999998658895 ], [ 566503.844000001437962, 5928179.412000004202127 ], [ 566504.266000000759959, 5928179.14299999922514 ], [ 566504.689000000245869, 5928178.878000000491738 ], [ 566505.206000000238419, 5928178.560000000521541 ], [ 566504.189000001177192, 5928168.548000000417233 ], [ 566497.177000000141561, 5928165.362000001594424 ] ], [ [ 566503.785000002011657, 5928172.530000001192093 ], [ 566503.767000000923872, 5928172.349000001326203 ], [ 566502.91200000140816, 5928172.436000000685453 ], [ 566502.721000000834465, 5928170.55600000359118 ], [ 566503.576000000350177, 5928170.469000000506639 ], [ 566503.563000001013279, 5928170.346000000834465 ], [ 566504.189000001177192, 5928170.282999999821186 ], [ 566504.248999999836087, 5928170.876000000163913 ], [ 566504.099000002257526, 5928170.891000002622604 ], [ 566504.197999998927116, 5928171.864000003784895 ], [ 566504.348000001162291, 5928171.849000001326203 ], [ 566504.410000001080334, 5928172.466 ], [ 566503.785000002011657, 5928172.530000001192093 ] ], [ [ 566504.73200000077486, 5928175.633000003173947 ], [ 566504.582000001333654, 5928175.648 ], [ 566504.681000000797212, 5928176.621000001206994 ], [ 566504.831000000238419, 5928176.605999998748302 ], [ 566504.893000000156462, 5928177.223000001162291 ], [ 566504.268000001087785, 5928177.287000000476837 ], [ 566504.250000000931323, 5928177.106000000610948 ], [ 566503.395000000484288, 5928177.193000003695488 ], [ 566503.203999999910593, 5928175.313000001013279 ], [ 566504.05900000128895, 5928175.226000001654029 ], [ 566504.046000000089407, 5928175.1030000038445 ], [ 566504.67200000025332, 5928175.040000000968575 ], [ 566504.73200000077486, 5928175.633000003173947 ] ], [ [ 566504.428000002168119, 5928172.636000001803041 ], [ 566504.487999999895692, 5928173.230000004172325 ], [ 566504.338000000454485, 5928173.245000001043081 ], [ 566504.436999999918044, 5928174.218000002205372 ], [ 566504.587000001221895, 5928174.20299999974668 ], [ 566504.649000002071261, 5928174.820000002160668 ], [ 566504.024000000208616, 5928174.883000003173947 ], [ 566504.005999999120831, 5928174.70299999974668 ], [ 566503.150999999605119, 5928174.78999999910593 ], [ 566502.96000000089407, 5928172.910000002011657 ], [ 566503.815000000409782, 5928172.822999998927116 ], [ 566503.802000001072884, 5928172.699999999254942 ], [ 566504.428000002168119, 5928172.636000001803041 ] ], [ [ 566494.368000001646578, 5928166.927000001072884 ], [ 566494.604000001214445, 5928166.552999999374151 ], [ 566494.924000000581145, 5928166.229000002145767 ], [ 566495.30900000128895, 5928165.981000000610948 ], [ 566495.724999999627471, 5928165.827000001445413 ], [ 566496.164000000804663, 5928165.764000000432134 ], [ 566496.621000000275671, 5928165.798000000417233 ], [ 566496.973000001162291, 5928165.905000001192093 ], [ 566502.054999999701977, 5928168.213000001385808 ], [ 566503.138000000268221, 5928179.181999998167157 ], [ 566502.686999999918044, 5928179.480000000447035 ], [ 566502.268000000156462, 5928179.762000000104308 ], [ 566501.851999999955297, 5928180.048000004142523 ], [ 566501.438000001013279, 5928180.337000001221895 ], [ 566501.025999999605119, 5928180.630000002682209 ], [ 566500.618000000715256, 5928180.927999999374151 ], [ 566500.212000001221895, 5928181.227999998256564 ], [ 566499.80800000205636, 5928181.532999999821186 ], [ 566499.407999998889863, 5928181.841000001877546 ], [ 566499.007000000216067, 5928182.156999999657273 ], [ 566498.650000001303852, 5928182.451999999582767 ], [ 566498.305000000633299, 5928182.659000001847744 ], [ 566497.94400000013411, 5928182.791999999433756 ], [ 566497.571000000461936, 5928182.844999998807907 ], [ 566497.189999999478459, 5928182.818000001832843 ], [ 566496.814000001177192, 5928182.717000003904104 ], [ 566496.455000000074506, 5928182.541000004857779 ], [ 566496.135999999009073, 5928182.309999998658895 ], [ 566495.877000001259148, 5928182.030000001192093 ], [ 566495.680000000633299, 5928181.701000003144145 ], [ 566495.554000000469387, 5928181.350000001490116 ], [ 566494.167000001296401, 5928167.700000001117587 ], [ 566494.212000000290573, 5928167.355000000447035 ], [ 566494.368000001646578, 5928166.927000001072884 ] ] ] } },
{ "type": "Feature", "properties": { "gebaeude_id": "DEHHALKA10007htD", "dachneig": 0.0, "dachfl_2d": 112.771, "dachfl_3d": 112.771, "area_m2": 112.8 }, "geometry": { "type": "Polygon", "coordinates": [ [ [ 566496.455000000074506, 5928182.541000004857779 ], [ 566496.814000001177192, 5928182.717000003904104 ], [ 566497.189999999478459, 5928182.818000001832843 ], [ 566497.571000000461936, 5928182.844999998807907 ], [ 566497.94400000013411, 5928182.791999999433756 ], [ 566498.305000000633299, 5928182.659000001847744 ], [ 566498.650000001303852, 5928182.451999999582767 ], [ 566499.007000000216067, 5928182.156999999657273 ], [ 566499.407999998889863, 5928181.841000001877546 ], [ 566499.80800000205636, 5928181.532999999821186 ], [ 566500.212000001221895, 5928181.227999998256564 ], [ 566500.618000000715256, 5928180.927999999374151 ], [ 566501.025999999605119, 5928180.630000002682209 ], [ 566501.438000001013279, 5928180.337000001221895 ], [ 566501.851999999955297, 5928180.048000004142523 ], [ 566502.268000000156462, 5928179.762000000104308 ], [ 566502.686999999918044, 5928179.480000000447035 ], [ 566503.138000000268221, 5928179.181999998167157 ], [ 566502.054999999701977, 5928168.213000001385808 ], [ 566496.973000001162291, 5928165.905000001192093 ], [ 566496.621000000275671, 5928165.798000000417233 ], [ 566496.164000000804663, 5928165.764000000432134 ], [ 566495.724999999627471, 5928165.827000001445413 ], [ 566495.30900000128895, 5928165.981000000610948 ], [ 566494.924000000581145, 5928166.229000002145767 ], [ 566494.604000001214445, 5928166.552999999374151 ], [ 566494.368000001646578, 5928166.927000001072884 ], [ 566494.212000000290573, 5928167.355000000447035 ], [ 566494.167000001296401, 5928167.700000001117587 ], [ 566495.554000000469387, 5928181.350000001490116 ], [ 566495.680000000633299, 5928181.701000003144145 ], [ 566495.877000001259148, 5928182.030000001192093 ], [ 566496.135999999009073, 5928182.309999998658895 ], [ 566496.455000000074506, 5928182.541000004857779 ] ], [ [ 566499.206000000238419, 5928169.881000004708767 ], [ 566499.142000000923872, 5928169.256999999284744 ], [ 566499.791000000201166, 5928169.190999999642372 ], [ 566499.854000001214445, 5928169.815000005066395 ], [ 566499.206000000238419, 5928169.881000004708767 ] ], [ [ 566500.742000001482666, 5928173.331000002101064 ], [ 566500.116999998688698, 5928173.39500000141561 ], [ 566500.101999999955297, 5928173.247000003233552 ], [ 566499.252000000327826, 5928173.334000000730157 ], [ 566499.118999999947846, 5928172.026999998837709 ], [ 566499.969000001437962, 5928171.940999999642372 ], [ 566499.956000001169741, 5928171.802999999374151 ], [ 566500.580000000074506, 5928171.740000002086163 ], [ 566500.643000001087785, 5928172.358000002801418 ], [ 566500.469000002369285, 5928172.376000002026558 ], [ 566500.505000000819564, 5928172.734000002965331 ], [ 566500.678999999538064, 5928172.717000003904104 ], [ 566500.742000001482666, 5928173.331000002101064 ] ] ] } },
{ "type": "Feature", "properties": { "gebaeude_id": "DEHHALKA10007htD", "dachneig": 0.0, "dachfl_2d": 134.751, "dachfl_3d": 134.751, "area_m2": 134.8 }, "geometry": { "type": "Polygon", "coordinates": [ [ [ 566532.416000001132488, 5928148.784000001847744 ], [ 566533.203000001609325, 5928147.002000000327826 ], [ 566527.314999999478459, 5928144.326999999582767 ], [ 566526.992000001482666, 5928144.197999998927116 ], [ 566526.685000001452863, 5928144.105999998748302 ], [ 566526.332000001333654, 5928144.043999999761581 ], [ 566526.004000000655651, 5928144.03799999691546 ], [ 566525.66200000140816, 5928144.100000003352761 ], [ 566525.353000001050532, 5928144.235000001266599 ], [ 566525.087999999523163, 5928144.433000000193715 ], [ 566524.816000001505017, 5928144.650000000372529 ], [ 566524.606999999843538, 5928144.902000000700355 ], [ 566524.447000001557171, 5928145.201999999582767 ], [ 566524.348000002093613, 5928145.523999998345971 ], [ 566524.301000000908971, 5928145.860999999567866 ], [ 566524.298000000417233, 5928146.219000000506639 ], [ 566524.328999999910593, 5928146.552999999374151 ], [ 566525.896999999880791, 5928161.990000000223517 ], [ 566525.955000000074506, 5928162.31500000320375 ], [ 566526.05800000205636, 5928162.629000002518296 ], [ 566526.212999999523163, 5928162.921 ], [ 566526.422000001184642, 5928163.177000002935529 ], [ 566526.678000000305474, 5928163.387000001966953 ], [ 566526.967000000178814, 5928163.548000002279878 ], [ 566527.277000000700355, 5928163.662999998778105 ], [ 566527.548000000417233, 5928163.743000004440546 ], [ 566527.83699999935925, 5928163.778000002726912 ], [ 566528.131000000052154, 5928163.766000000759959 ], [ 566528.419000000692904, 5928163.705000001937151 ], [ 566528.690000000409782, 5928163.599000001326203 ], [ 566528.933000000193715, 5928163.455000003799796 ], [ 566529.341000001877546, 5928163.142000002786517 ], [ 566529.741000001318753, 5928162.83700000308454 ], [ 566530.131000000052154, 5928162.543000001460314 ], [ 566530.573000000789762, 5928162.212000001221895 ], [ 566530.957000000402331, 5928161.929000001400709 ], [ 566531.419000000692904, 5928161.592000000178814 ], [ 566531.793999999761581, 5928161.323000000789762 ], [ 566532.212000000290573, 5928161.026000000536442 ], [ 566532.628999999724329, 5928160.737000003457069 ], [ 566533.105999999679625, 5928160.41300000064075 ], [ 566533.518000000156462, 5928160.140000002458692 ], [ 566533.567000000737607, 5928160.109000001102686 ], [ 566532.416000001132488, 5928148.784000001847744 ] ], [ [ 566529.560000001452863, 5928149.901999998837709 ], [ 566529.493999999947846, 5928149.253999998793006 ], [ 566530.156999999657273, 5928149.186000002548099 ], [ 566530.223000002093613, 5928149.83500000089407 ], [ 566529.560000001452863, 5928149.901999998837709 ] ], [ [ 566531.381000000052154, 5928151.806000001728535 ], [ 566532.043999999761581, 5928151.73900000192225 ], [ 566532.109999999403954, 5928152.388000000268221 ], [ 566531.446999999694526, 5928152.455000001937151 ], [ 566531.381000000052154, 5928151.806000001728535 ] ], [ [ 566530.841000000946224, 5928153.561999998986721 ], [ 566531.015000000596046, 5928153.543999999761581 ], [ 566531.07799999974668, 5928154.159 ], [ 566530.45299999974668, 5928154.222000000998378 ], [ 566530.438000000081956, 5928154.074999999254942 ], [ 566529.588000001385808, 5928154.16100000217557 ], [ 566529.455000000074506, 5928152.855000004172325 ], [ 566530.306000000797212, 5928152.769000001251698 ], [ 566530.292000000365078, 5928152.631000000983477 ], [ 566530.916000001132488, 5928152.568 ], [ 566530.979000000283122, 5928153.186000002548099 ], [ 566530.805000000633299, 5928153.203000003471971 ], [ 566530.841000000946224, 5928153.561999998986721 ] ] ] } },
{ "type": "Feature", "properties": { "gebaeude_id": "DEHHALKA10007htD", "dachneig": 0.0, "dachfl_2d": 38.097, "dachfl_3d": 38.097, "area_m2": 38.1 }, "geometry": { "type": "Polygon", "coordinates": [ [ [ 566534.274000001139939, 5928146.820000000298023 ], [ 566527.553000001236796, 5928143.767000000923872 ], [ 566527.191999999806285, 5928143.623000003397465 ], [ 566526.826000000350177, 5928143.513000003993511 ], [ 566526.391000000759959, 5928143.437000002712011 ], [ 566525.955000000074506, 5928143.428999999538064 ], [ 566525.484000000171363, 5928143.514000000432134 ], [ 566525.045000000856817, 5928143.705 ], [ 566524.714999999850988, 5928143.951000003144145 ], [ 566524.388000002130866, 5928144.213000001385808 ], [ 566524.099000000394881, 5928144.559999998658895 ], [ 566523.881999999284744, 5928144.968000000342727 ], [ 566523.752000000327826, 5928145.392000004649162 ], [ 566523.69300000090152, 5928145.815999999642372 ], [ 566523.689000001177192, 5928146.243999999016523 ], [ 566523.722999999299645, 5928146.611999999731779 ], [ 566525.293999999761581, 5928162.072999998927116 ], [ 566525.362999999895692, 5928162.464000001549721 ], [ 566525.496000001206994, 5928162.869000000879169 ], [ 566525.704000000841916, 5928163.260000001639128 ], [ 566525.989000000990927, 5928163.609000002965331 ], [ 566526.334000001661479, 5928163.89299999922514 ], [ 566526.711000001057982, 5928164.102 ], [ 566527.08500000089407, 5928164.241000002250075 ], [ 566527.423999999649823, 5928164.341 ], [ 566527.812000001780689, 5928164.389000000432134 ], [ 566528.207000000402331, 5928164.372000001370907 ], [ 566528.594000001437962, 5928164.28999999910593 ], [ 566528.957000002264977, 5928164.148000001907349 ], [ 566529.275000001303852, 5928163.959999999031425 ], [ 566529.71100000012666, 5928163.625 ], [ 566530.109000000171363, 5928163.322000002488494 ], [ 566530.496000001206994, 5928163.030000003054738 ], [ 566530.936000001616776, 5928162.70100000500679 ], [ 566531.31800000090152, 5928162.419000001624227 ], [ 566531.775999999605119, 5928162.085000002756715 ], [ 566532.147000001743436, 5928161.818000001832843 ], [ 566532.562000000849366, 5928161.525000000372529 ], [ 566532.974000000394881, 5928161.237999999895692 ], [ 566533.445000000298023, 5928160.918000001460314 ], [ 566533.850999999791384, 5928160.650000000372529 ], [ 566534.248999999836087, 5928160.39299999922514 ], [ 566534.707000000402331, 5928160.109999999403954 ], [ 566535.15400000102818, 5928159.846000004559755 ], [ 566535.571999999694526, 5928159.596000000834465 ], [ 566534.274000001139939, 5928146.820000000298023 ] ], [ [ 566533.894000001251698, 5928150.940999997779727 ], [ 566533.874999999068677, 5928150.759999997913837 ], [ 566533.021000000648201, 5928150.847000000998378 ], [ 566532.829999999143183, 5928148.967000000178814 ], [ 566533.684000000357628, 5928148.880000000819564 ], [ 566533.671999999321997, 5928148.757000001147389 ], [ 566534.297000002115965, 5928148.69400000013411 ], [ 566534.356999999843538, 5928149.287000002339482 ], [ 566534.208000001497567, 5928149.302000002935529 ], [ 566534.307000000961125, 5928150.275000000372529 ], [ 566534.456000001169741, 5928150.260000003501773 ], [ 566534.519000000320375, 5928150.877000000327826 ], [ 566533.894000001251698, 5928150.940999997779727 ] ], [ [ 566535.087000000290573, 5928156.464999999850988 ], [ 566534.937000000849366, 5928156.480000000447035 ], [ 566535.036000000312924, 5928157.453000001609325 ], [ 566535.185000001452863, 5928157.437999999150634 ], [ 566535.248000000603497, 5928158.055000003427267 ], [ 566534.623000000603497, 5928158.118000004440546 ], [ 566534.604000001214445, 5928157.938000001013279 ], [ 566533.75, 5928158.024999998509884 ], [ 566533.55900000128895, 5928156.14500000141561 ], [ 566534.41300000064075, 5928156.058000003919005 ], [ 566534.400999999605119, 5928155.934999998658895 ], [ 566535.025999999605119, 5928155.871000001206994 ], [ 566535.087000000290573, 5928156.464999999850988 ] ], [ [ 566534.599000001326203, 5928151.668000001460314 ], [ 566534.450000000186265, 5928151.68300000205636 ], [ 566534.548000000417233, 5928152.655999999493361 ], [ 566534.698000000789762, 5928152.641000002622604 ], [ 566534.760999999940395, 5928153.258000005036592 ], [ 566534.135000000707805, 5928153.322000002488494 ], [ 566534.117000000551343, 5928153.140999998897314 ], [ 566533.262000001035631, 5928153.228000001981854 ], [ 566533.072000000625849, 5928151.348000003024936 ], [ 566533.925999999977648, 5928151.261 ], [ 566533.914000000804663, 5928151.138000002130866 ], [ 566534.539000000804663, 5928151.074999999254942 ], [ 566534.599000001326203, 5928151.668000001460314 ] ], [ [ 566534.939999999478459, 5928155.024000003933907 ], [ 566535.003000000491738, 5928155.641000000759959 ], [ 566534.377000000327826, 5928155.704000001773238 ], [ 566534.358999999240041, 5928155.524000000208616 ], [ 566533.503999999724329, 5928155.611000003293157 ], [ 566533.314000002108514, 5928153.731000000610948 ], [ 566534.168000000528991, 5928153.644000001251698 ], [ 566534.155999999493361, 5928153.521000001579523 ], [ 566534.780999999493361, 5928153.457000000402331 ], [ 566534.841000000014901, 5928154.051000002771616 ], [ 566534.69200000166893, 5928154.065999999642372 ], [ 566534.790000000037253, 5928155.039000000804663 ], [ 566534.939999999478459, 5928155.024000003933907 ] ], [ [ 566533.105999999679625, 5928160.41300000064075 ], [ 566532.628999999724329, 5928160.737000003457069 ], [ 566532.212000000290573, 5928161.026000000536442 ], [ 566531.793999999761581, 5928161.323000000789762 ], [ 566531.419000000692904, 5928161.592000000178814 ], [ 566530.957000000402331, 5928161.929000001400709 ], [ 566530.573000000789762, 5928162.212000001221895 ], [ 566530.131000000052154, 5928162.543000001460314 ], [ 566529.741000001318753, 5928162.83700000308454 ], [ 566529.341000001877546, 5928163.142000002786517 ], [ 566528.933000000193715, 5928163.455000003799796 ], [ 566528.690000000409782, 5928163.599000001326203 ], [ 566528.419000000692904, 5928163.705000001937151 ], [ 566528.131000000052154, 5928163.766000000759959 ], [ 566527.83699999935925, 5928163.778000002726912 ], [ 566527.548000000417233, 5928163.743000004440546 ], [ 566527.277000000700355, 5928163.662999998778105 ], [ 566526.967000000178814, 5928163.548000002279878 ], [ 566526.678000000305474, 5928163.387000001966953 ], [ 566526.422000001184642, 5928163.177000002935529 ], [ 566526.212999999523163, 5928162.921 ], [ 566526.05800000205636, 5928162.629000002518296 ], [ 566525.955000000074506, 5928162.31500000320375 ], [ 566525.896999999880791, 5928161.990000000223517 ], [ 566524.328999999910593, 5928146.552999999374151 ], [ 566524.298000000417233, 5928146.219000000506639 ], [ 566524.301000000908971, 5928145.860999999567866 ], [ 566524.348000002093613, 5928145.523999998345971 ], [ 566524.447000001557171, 5928145.201999999582767 ], [ 566524.606999999843538, 5928144.902000000700355 ], [ 566524.816000001505017, 5928144.650000000372529 ], [ 566525.087999999523163, 5928144.433000000193715 ], [ 566525.353000001050532, 5928144.235000001266599 ], [ 566525.66200000140816, 5928144.100000003352761 ], [ 566526.004000000655651, 5928144.03799999691546 ], [ 566526.332000001333654, 5928144.043999999761581 ], [ 566526.685000001452863, 5928144.105999998748302 ], [ 566526.992000001482666, 5928144.197999998927116 ], [ 566527.314999999478459, 5928144.326999999582767 ], [ 566533.203000001609325, 5928147.002000000327826 ], [ 566532.416000001132488, 5928148.784000001847744 ], [ 566533.567000000737607, 5928160.109000001102686 ], [ 566533.518000000156462, 5928160.140000002458692 ], [ 566533.105999999679625, 5928160.41300000064075 ] ] ] } },
{ "type": "Feature", "properties": { "gebaeude_id": "DEHHALKA10007htD", "dachneig": 13.729, "dachfl_2d": 79.419, "dachfl_3d": 81.752, "area_m2": 79.4 }, "geometry": { "type": "Polygon", "coordinates": [ [ [ 566537.966999999247491, 5928158.164000000804663 ], [ 566538.376000000163913, 5928157.938000001013279 ], [ 566538.786999999545515, 5928157.718000002205372 ], [ 566539.201000000350177, 5928157.502000002190471 ], [ 566539.61699999962002, 5928157.291999999433756 ], [ 566540.036000000312924, 5928157.086000001057982 ], [ 566540.456000001169741, 5928156.884999999776483 ], [ 566540.878999999724329, 5928156.689000003039837 ], [ 566541.304000000469387, 5928156.499000001698732 ], [ 566541.731000000610948, 5928156.313000001013279 ], [ 566542.160000001080334, 5928156.132000001147389 ], [ 566542.591000001877546, 5928155.957000004127622 ], [ 566543.024000001139939, 5928155.787000002339482 ], [ 566543.605000001378357, 5928155.566000001505017 ], [ 566544.103000000119209, 5928155.377000002190471 ], [ 566544.325000001117587, 5928155.244000002741814 ], [ 566544.56800000090152, 5928155.054000001400709 ], [ 566544.800999999977648, 5928154.820000002160668 ], [ 566545.003000000491738, 5928154.557 ], [ 566545.160000001080334, 5928154.28800000064075 ], [ 566545.28899999987334, 5928153.99100000038743 ], [ 566545.383000001311302, 5928153.665000000968575 ], [ 566545.433000000193715, 5928153.360000001266599 ], [ 566545.377000001259148, 5928152.973000003024936 ], [ 566545.277999999932945, 5928152.615000002086163 ], [ 566545.120000001043081, 5928152.251000000163913 ], [ 566544.915000000968575, 5928151.930000001564622 ], [ 566544.649000000208616, 5928151.631000002846122 ], [ 566544.391000000759959, 5928151.416000001132488 ], [ 566534.274000001139939, 5928146.820000000298023 ], [ 566535.571999999694526, 5928159.596000000834465 ], [ 566535.964999998919666, 5928159.359999999403954 ], [ 566536.360000001266599, 5928159.111999999731779 ], [ 566536.757000000216067, 5928158.868000002577901 ], [ 566537.157999998889863, 5928158.628000000491738 ], [ 566537.560999999754131, 5928158.394000001251698 ], [ 566537.966999999247491, 5928158.164000000804663 ] ] ] } },
{ "type": "Feature", "properties": { "gebaeude_id": "DEHHALKA10007htD", "dachneig": 11.11, "dachfl_2d": 106.279, "dachfl_3d": 108.304, "area_m2": 106.3 }, "geometry": { "type": "Polygon", "coordinates": [ [ [ 566574.441000000573695, 5928137.089999999850988 ], [ 566574.897000001743436, 5928136.89300000295043 ], [ 566575.354000001214445, 5928136.699999999254942 ], [ 566575.811999999918044, 5928136.511 ], [ 566576.271999999880791, 5928136.3260000012815 ], [ 566576.734000000171363, 5928136.14500000141561 ], [ 566577.196000000461936, 5928135.968000000342727 ], [ 566577.660000000149012, 5928135.795 ], [ 566578.125000001862645, 5928135.625000001862645 ], [ 566578.591000000946224, 5928135.46000000089407 ], [ 566579.058000000193715, 5928135.2989999987185 ], [ 566579.525999999605119, 5928135.141000000759959 ], [ 566579.995000000111759, 5928134.988000001758337 ], [ 566580.464999999850988, 5928134.838000001385808 ], [ 566580.935999999754131, 5928134.69200000166893 ], [ 566581.407000000588596, 5928134.550000000745058 ], [ 566581.880000000819564, 5928134.411000000312924 ], [ 566582.353000001050532, 5928134.276999998837709 ], [ 566582.820000001229346, 5928134.148000001907349 ], [ 566583.19400000013411, 5928134.046000001952052 ], [ 566583.557000000961125, 5928133.872000003233552 ], [ 566583.876000001095235, 5928133.640000002458692 ], [ 566584.136999999172986, 5928133.369000000879169 ], [ 566584.35700000077486, 5928133.041999999433756 ], [ 566584.513000000268221, 5928132.693 ], [ 566584.611999999731779, 5928132.298000002279878 ], [ 566584.639000000432134, 5928131.903000000864267 ], [ 566584.610000002197921, 5928131.629999997094274 ], [ 566584.545000000856817, 5928131.355000000447035 ], [ 566584.44300000090152, 5928131.08700000308454 ], [ 566584.307000001892447, 5928130.833000000566244 ], [ 566584.139000001363456, 5928130.598000004887581 ], [ 566583.944000001065433, 5928130.391000000759959 ], [ 566583.728000001981854, 5928130.212999999523163 ], [ 566583.49800000153482, 5928130.069000001996756 ], [ 566570.816999999806285, 5928124.309000004082918 ], [ 566572.203000000678003, 5928138.126000002026558 ], [ 566572.21999999973923, 5928138.118000004440546 ], [ 566572.63300000037998, 5928137.917000001296401 ], [ 566573.082999999634922, 5928137.704 ], [ 566573.533999999985099, 5928137.495000002905726 ], [ 566573.986999999731779, 5928137.291000002995133 ], [ 566574.441000000573695, 5928137.089999999850988 ] ] ] } },
{ "type": "Feature", "properties": { "gebaeude_id": "DEHHALKA10007htD", "dachneig": 0.0, "dachfl_2d": 47.395, "dachfl_3d": 47.395, "area_m2": 47.4 }, "geometry": { "type": "Polygon", "coordinates": [ [ [ 566560.592000000178814, 5928119.664000002667308 ], [ 566560.229000002145767, 5928119.546 ], [ 566559.789000001735985, 5928119.452000003308058 ], [ 566559.340000000782311, 5928119.421000001952052 ], [ 566558.892000001855195, 5928119.468000000342727 ], [ 566558.462000000290573, 5928119.601000001654029 ], [ 566558.067999999038875, 5928119.818000001832843 ], [ 566557.719000001437962, 5928120.102000003680587 ], [ 566557.4510000012815, 5928120.464000003412366 ], [ 566557.274000001139939, 5928120.878000000491738 ], [ 566557.160000002011657, 5928121.313000002875924 ], [ 566557.088999998755753, 5928121.757000001147389 ], [ 566557.049999999813735, 5928122.205999998375773 ], [ 566557.033000000752509, 5928122.655000001192093 ], [ 566557.035000000149012, 5928123.105000000447035 ], [ 566557.051000000908971, 5928123.554999999701977 ], [ 566558.935000000521541, 5928142.107999999076128 ], [ 566559.06800000090152, 5928142.607000002637506 ], [ 566559.279000000096858, 5928143.041000004857779 ], [ 566559.586000001989305, 5928143.450000001117587 ], [ 566559.985000001266599, 5928143.803000001236796 ], [ 566560.418000000528991, 5928144.054000001400709 ], [ 566560.891000000759959, 5928144.217000000178814 ], [ 566561.419000000692904, 5928144.286999998614192 ], [ 566561.929999999701977, 5928144.252000000327826 ], [ 566562.395999998785555, 5928144.127999998629093 ], [ 566562.860000001266599, 5928143.901999998837709 ], [ 566563.258000001311302, 5928143.600000001490116 ], [ 566563.660000002011657, 5928143.302000004798174 ], [ 566564.064000001177192, 5928143.007000001147389 ], [ 566564.470000000670552, 5928142.716000001877546 ], [ 566564.879000000655651, 5928142.429000001400709 ], [ 566565.291000000201166, 5928142.146000001579523 ], [ 566565.705000001005828, 5928141.86600000038743 ], [ 566566.122000000439584, 5928141.590000001713634 ], [ 566566.541000001132488, 5928141.31699999794364 ], [ 566566.962000000290573, 5928141.049000000581145 ], [ 566567.385999999940395, 5928140.785000002011657 ], [ 566567.811000000685453, 5928140.524000002071261 ], [ 566568.24000000115484, 5928140.267000000923872 ], [ 566568.670000000856817, 5928140.013999998569489 ], [ 566569.101999999955297, 5928139.765000002458692 ], [ 566569.53700000140816, 5928139.519999999552965 ], [ 566569.974000001326203, 5928139.279000002890825 ], [ 566570.41200000140816, 5928139.041999999433756 ], [ 566570.853000001050532, 5928138.809000000357628 ], [ 566571.295000000856817, 5928138.580000001937151 ], [ 566571.739000000990927, 5928138.35500000230968 ], [ 566572.203000000678003, 5928138.126000002026558 ], [ 566570.816999999806285, 5928124.309000004082918 ], [ 566560.592000000178814, 5928119.664000002667308 ] ], [ [ 566571.604000000283122, 5928134.030999999493361 ], [ 566571.664000000804663, 5928134.625000001862645 ], [ 566571.514000001363456, 5928134.640000002458692 ], [ 566571.613000000827014, 5928135.612999999895692 ], [ 566571.763000000268221, 5928135.597000000998378 ], [ 566571.825000000186265, 5928136.213999999687076 ], [ 566571.200000001117587, 5928136.278000000864267 ], [ 566571.182000000961125, 5928136.097000000998378 ], [ 566570.32700000051409, 5928136.184000000357628 ], [ 566570.135999999940395, 5928134.304999999701977 ], [ 566570.991000001318753, 5928134.218000000342727 ], [ 566570.978000000119209, 5928134.095000002533197 ], [ 566571.604000000283122, 5928134.030999999493361 ] ], [ [ 566571.100000000558794, 5928129.072999998927116 ], [ 566570.475000000558794, 5928129.136 ], [ 566570.456000001169741, 5928128.956000002101064 ], [ 566569.601999999955297, 5928129.041999999433756 ], [ 566569.411000001244247, 5928127.162999998778105 ], [ 566570.265000000596046, 5928127.07600000500679 ], [ 566570.253000001423061, 5928126.95299999974668 ], [ 566570.878000001423061, 5928126.889000002294779 ], [ 566570.939000000245869, 5928127.483000000938773 ], [ 566570.789000000804663, 5928127.49800000153482 ], [ 566570.888000000268221, 5928128.47100000269711 ], [ 566571.03700000140816, 5928128.455 ], [ 566571.100000000558794, 5928129.072999998927116 ] ], [ [ 566571.275000000372529, 5928130.795000001788139 ], [ 566571.337999999523163, 5928131.412000000476837 ], [ 566570.712000001221895, 5928131.475000001490116 ], [ 566570.694000001065433, 5928131.295000003650784 ], [ 566569.839000000618398, 5928131.382000001147389 ], [ 566569.648000000044703, 5928129.502000000327826 ], [ 566570.503000002354383, 5928129.415000000968575 ], [ 566570.490000000223517, 5928129.292000001296401 ], [ 566571.11600000038743, 5928129.228000000119209 ], [ 566571.176000000908971, 5928129.822000002488494 ], [ 566571.025999999605119, 5928129.83700000308454 ], [ 566571.125000000931323, 5928130.810000000521541 ], [ 566571.275000000372529, 5928130.795000001788139 ] ], [ [ 566571.419999999925494, 5928132.221000000834465 ], [ 566571.270000000484288, 5928132.235999997705221 ], [ 566571.368999999947846, 5928133.208999998867512 ], [ 566571.51900000218302, 5928133.193000001832843 ], [ 566571.581000002101064, 5928133.811000000685453 ], [ 566570.956000000238419, 5928133.874000001698732 ], [ 566570.937999999150634, 5928133.694000001996756 ], [ 566570.082999999634922, 5928133.780000001192093 ], [ 566569.892000000923872, 5928131.901000004261732 ], [ 566570.747000000439584, 5928131.814000001177192 ], [ 566570.734000001102686, 5928131.691000001505017 ], [ 566571.359000001102686, 5928131.62699999846518 ], [ 566571.337999999523163, 5928131.412000000476837 ], [ 566571.419999999925494, 5928132.221000000834465 ] ], [ [ 566568.708000001497567, 5928123.999000003561378 ], [ 566570.13399999961257, 5928138.522000001743436 ], [ 566569.691000000573695, 5928138.762000001966953 ], [ 566569.25, 5928139.004999997094274 ], [ 566568.810000001452863, 5928139.252999998629093 ], [ 566568.372999999672174, 5928139.504000002518296 ], [ 566567.938000000081956, 5928139.760000001639128 ], [ 566567.506000000983477, 5928140.019000004976988 ], [ 566567.075000001117587, 5928140.282999997958541 ], [ 566566.647000001743436, 5928140.550000000745058 ], [ 566566.220999999903142, 5928140.821000002324581 ], [ 566565.798000001348555, 5928141.09600000269711 ], [ 566565.377000002190471, 5928141.375 ], [ 566564.958000000566244, 5928141.657999999821186 ], [ 566564.541999999433756, 5928141.945000000298023 ], [ 566564.128999999724329, 5928142.235000001266599 ], [ 566563.718000000342727, 5928142.528999999165535 ], [ 566563.310000000521541, 5928142.827000001445413 ], [ 566562.90400000102818, 5928143.127999998629093 ], [ 566562.550000000745058, 5928143.397000001743436 ], [ 566562.189000000245869, 5928143.573000000789762 ], [ 566561.832999999634922, 5928143.667999999597669 ], [ 566561.438000000081956, 5928143.695000000298023 ], [ 566561.028000000864267, 5928143.640000002458692 ], [ 566560.665000000037253, 5928143.515000000596046 ], [ 566560.332000001333654, 5928143.322000002488494 ], [ 566560.021999999880791, 5928143.04700000025332 ], [ 566559.785000000149012, 5928142.731999998912215 ], [ 566559.623999999836087, 5928142.400000004097819 ], [ 566559.518000000156462, 5928142.002000004053116 ], [ 566557.639999999664724, 5928123.515000000596046 ], [ 566557.625000000931323, 5928123.09400000423193 ], [ 566557.623000000603497, 5928122.66499999910593 ], [ 566557.639000001363456, 5928122.243000000715256 ], [ 566557.674999999813735, 5928121.830000003799796 ], [ 566557.738000000827014, 5928121.435000002384186 ], [ 566557.833999999798834, 5928121.070000004023314 ], [ 566557.967000000178814, 5928120.760000003501773 ], [ 566558.150000002235174, 5928120.513000003993511 ], [ 566558.399000001139939, 5928120.309000002220273 ], [ 566558.69400000013411, 5928120.146999999880791 ], [ 566559.012000000104308, 5928120.0489999987185 ], [ 566559.351000000722706, 5928120.014000004157424 ], [ 566559.707000001333654, 5928120.03800000064075 ], [ 566560.0760000012815, 5928120.115999998524785 ], [ 566560.378000000491738, 5928120.215000001713634 ], [ 566568.708000001497567, 5928123.999000003561378 ] ] ] } },
{ "type": "Feature", "properties": { "gebaeude_id": "DEHHALKA10007htD", "dachneig": 0.0, "dachfl_2d": 215.37, "dachfl_3d": 215.37, "area_m2": 215.4 }, "geometry": { "type": "Polygon", "coordinates": [ [ [ 566560.378000000491738, 5928120.215000001713634 ], [ 566560.0760000012815, 5928120.115999998524785 ], [ 566559.707000001333654, 5928120.03800000064075 ], [ 566559.351000000722706, 5928120.014000004157424 ], [ 566559.012000000104308, 5928120.0489999987185 ], [ 566558.69400000013411, 5928120.146999999880791 ], [ 566558.399000001139939, 5928120.309000002220273 ], [ 566558.150000002235174, 5928120.513000003993511 ], [ 566557.967000000178814, 5928120.760000003501773 ], [ 566557.833999999798834, 5928121.070000004023314 ], [ 566557.738000000827014, 5928121.435000002384186 ], [ 566557.674999999813735, 5928121.830000003799796 ], [ 566557.639000001363456, 5928122.243000000715256 ], [ 566557.623000000603497, 5928122.66499999910593 ], [ 566557.625000000931323, 5928123.09400000423193 ], [ 566557.639999999664724, 5928123.515000000596046 ], [ 566559.518000000156462, 5928142.002000004053116 ], [ 566559.623999999836087, 5928142.400000004097819 ], [ 566559.785000000149012, 5928142.731999998912215 ], [ 566560.021999999880791, 5928143.04700000025332 ], [ 566560.332000001333654, 5928143.322000002488494 ], [ 566560.665000000037253, 5928143.515000000596046 ], [ 566561.028000000864267, 5928143.640000002458692 ], [ 566561.438000000081956, 5928143.695000000298023 ], [ 566561.832999999634922, 5928143.667999999597669 ], [ 566562.189000000245869, 5928143.573000000789762 ], [ 566562.550000000745058, 5928143.397000001743436 ], [ 566562.90400000102818, 5928143.127999998629093 ], [ 566563.310000000521541, 5928142.827000001445413 ], [ 566563.718000000342727, 5928142.528999999165535 ], [ 566564.128999999724329, 5928142.235000001266599 ], [ 566564.541999999433756, 5928141.945000000298023 ], [ 566564.958000000566244, 5928141.657999999821186 ], [ 566565.377000002190471, 5928141.375 ], [ 566565.798000001348555, 5928141.09600000269711 ], [ 566566.220999999903142, 5928140.821000002324581 ], [ 566566.647000001743436, 5928140.550000000745058 ], [ 566567.075000001117587, 5928140.282999997958541 ], [ 566567.506000000983477, 5928140.019000004976988 ], [ 566567.938000000081956, 5928139.760000001639128 ], [ 566568.372999999672174, 5928139.504000002518296 ], [ 566568.810000001452863, 5928139.252999998629093 ], [ 566569.25, 5928139.004999997094274 ], [ 566569.691000000573695, 5928138.762000001966953 ], [ 566570.13399999961257, 5928138.522000001743436 ], [ 566568.708000001497567, 5928123.999000003561378 ], [ 566560.378000000491738, 5928120.215000001713634 ] ], [ [ 566567.791000001132488, 5928131.048000004142523 ], [ 566568.454000000841916, 5928130.980999998748302 ], [ 566568.519000000320375, 5928131.629999997094274 ], [ 566567.85700000077486, 5928131.697000002488494 ], [ 566567.791000001132488, 5928131.048000004142523 ] ], [ [ 566566.45299999974668, 5928129.094000002369285 ], [ 566566.387000000104308, 5928128.445000004023314 ], [ 566567.049999999813735, 5928128.377999998629093 ], [ 566567.115999999456108, 5928129.026000000536442 ], [ 566566.45299999974668, 5928129.094000002369285 ] ], [ [ 566564.811999999918044, 5928132.23000000230968 ], [ 566565.662000002339482, 5928132.144000003114343 ], [ 566565.648000000976026, 5928132.006000002846122 ], [ 566566.273000000976026, 5928131.943000001832843 ], [ 566566.33600000012666, 5928132.561000000685453 ], [ 566566.162000000476837, 5928132.579000001773238 ], [ 566566.198000000789762, 5928132.937000000849366 ], [ 566566.372000000439584, 5928132.920000001788139 ], [ 566566.435000001452863, 5928133.534000001847744 ], [ 566565.810000001452863, 5928133.596999999135733 ], [ 566565.794999999925494, 5928133.450000001117587 ], [ 566564.945000000298023, 5928133.536000000312924 ], [ 566564.811999999918044, 5928132.23000000230968 ] ] ] } },
{ "type": "Feature", "properties": { "gebaeude_id": "DEHHALKA4mZ000Lj", "dachneig": 0.0, "dachfl_2d": 382.341, "dachfl_3d": 382.341, "area_m2": 382.3 }, "geometry": { "type": "Polygon", "coordinates": [ [ [ 566374.332999999634922, 5928186.663999998942018 ], [ 566374.28800000064075, 5928186.353000001981854 ], [ 566373.125, 5928184.011000001803041 ], [ 566363.085000001825392, 5928188.83500000089407 ], [ 566379.386000001803041, 5928222.766000000759959 ], [ 566392.332000000402331, 5928213.387000001966953 ], [ 566390.495000001974404, 5928209.505000000819564 ], [ 566390.015999999828637, 5928209.23200000077486 ], [ 566383.53999999910593, 5928209.374000001698732 ], [ 566382.951000000350177, 5928208.148 ], [ 566380.825000000186265, 5928209.17 ], [ 566380.06800000090152, 5928207.594000002369285 ], [ 566379.665000000037253, 5928207.788000002503395 ], [ 566379.006000001914799, 5928206.416000004857779 ], [ 566381.535000001080334, 5928205.20100000500679 ], [ 566373.682000000029802, 5928188.854000002145767 ], [ 566374.332999999634922, 5928186.663999998942018 ] ], [ [ 566374.936000001616776, 5928201.332000002264977 ], [ 566374.817999999970198, 5928201.080000001937151 ], [ 566375.203000000678003, 5928200.899000002071261 ], [ 566375.322000000625849, 5928201.150000000372529 ], [ 566374.936000001616776, 5928201.332000002264977 ] ], [ [ 566377.985000001266599, 5928199.279999999329448 ], [ 566377.841000000946224, 5928198.95299999974668 ], [ 566378.166000001132488, 5928198.811000004410744 ], [ 566378.309000000357628, 5928199.138000000268221 ], [ 566377.985000001266599, 5928199.279999999329448 ] ], [ [ 566383.853000001050532, 5928210.690000001341105 ], [ 566383.53700000140816, 5928210.84600000269711 ], [ 566383.364000000059605, 5928210.493000002577901 ], [ 566383.678999999538064, 5928210.337000001221895 ], [ 566383.853000001050532, 5928210.690000001341105 ] ], [ [ 566382.81700000166893, 5928211.164000002667308 ], [ 566382.648000000044703, 5928210.798000002279878 ], [ 566382.984000000171363, 5928210.642000000923872 ], [ 566383.154000000096858, 5928211.006999999284744 ], [ 566382.81700000166893, 5928211.164000002667308 ] ], [ [ 566372.861000000499189, 5928188.890999998897314 ], [ 566372.936000000685453, 5928188.462999999523163 ], [ 566373.331000000238419, 5928188.531999997794628 ], [ 566373.256000000052154, 5928188.960999999195337 ], [ 566372.861000000499189, 5928188.890999998897314 ] ], [ [ 566375.586000001989305, 5928194.390000002458692 ], [ 566375.355999999679625, 5928193.922000002115965 ], [ 566375.685999999754131, 5928193.761 ], [ 566375.915000001899898, 5928194.229000000283122 ], [ 566375.586000001989305, 5928194.390000002458692 ] ], [ [ 566386.349000000394881, 5928210.098000001162291 ], [ 566385.861000000499189, 5928210.040000000968575 ], [ 566385.910000001080334, 5928209.635000001639128 ], [ 566386.396999999880791, 5928209.694000003859401 ], [ 566386.349000000394881, 5928210.098000001162291 ] ], [ [ 566369.127000000327826, 5928190.978000001981854 ], [ 566368.794000001624227, 5928190.242999998852611 ], [ 566369.531999999657273, 5928189.909000001847744 ], [ 566369.86500000115484, 5928190.643000001087785 ], [ 566369.127000000327826, 5928190.978000001981854 ] ], [ [ 566371.053000000305474, 5928195.696000000461936 ], [ 566370.717000000178814, 5928194.96000000089407 ], [ 566371.455000000074506, 5928194.624000001698732 ], [ 566371.790000001899898, 5928195.359000002965331 ], [ 566371.053000000305474, 5928195.696000000461936 ] ], [ [ 566382.576999999582767, 5928213.213000001385808 ], [ 566381.782000000588596, 5928213.598000001162291 ], [ 566381.41200000140816, 5928212.831000002101064 ], [ 566382.206000000238419, 5928212.447000004351139 ], [ 566382.576999999582767, 5928213.213000001385808 ] ], [ [ 566378.099999998696148, 5928208.548000002279878 ], [ 566377.310000000521541, 5928208.94400000013411 ], [ 566376.928000000305474, 5928208.18299999833107 ], [ 566377.718000001274049, 5928207.787000000476837 ], [ 566378.099999998696148, 5928208.548000002279878 ] ], [ [ 566386.773000000044703, 5928212.224000001326203 ], [ 566387.158000000752509, 5928212.99800000153482 ], [ 566386.360000000335276, 5928213.39500000141561 ], [ 566385.974999999627471, 5928212.620000004768372 ], [ 566386.773000000044703, 5928212.224000001326203 ] ], [ [ 566376.736999999731779, 5928205.740000000223517 ], [ 566377.132000001147389, 5928206.552000002935529 ], [ 566376.337000001221895, 5928206.938000001013279 ], [ 566375.941999999806285, 5928206.126000002026558 ], [ 566376.736999999731779, 5928205.740000000223517 ] ], [ [ 566377.987999999895692, 5928204.75 ], [ 566379.339000000618398, 5928204.089000001549721 ], [ 566379.781999999657273, 5928204.993000004440546 ], [ 566378.429999999701977, 5928205.654000002890825 ], [ 566377.987999999895692, 5928204.75 ] ] ] } },
{ "type": "Feature", "properties": { "gebaeude_id": "DEHHALKA4mZ000Lj", "dachneig": 0.0, "dachfl_2d": 48.713, "dachfl_3d": 48.713, "area_m2": 48.7 }, "geometry": { "type": "Polygon", "coordinates": [ [ [ 566393.714999999850988, 5928212.744000000879169 ], [ 566393.763000002130866, 5928212.58 ], [ 566393.791000001132488, 5928212.438000002875924 ], [ 566391.620000000111759, 5928207.784000001847744 ], [ 566391.199000000953674, 5928207.518000001087785 ], [ 566390.990000002086163, 5928207.475999999791384 ], [ 566384.979000000283122, 5928207.542999999597669 ], [ 566384.862000000663102, 5928207.524000003933907 ], [ 566384.655999999493361, 5928207.387000003829598 ], [ 566384.447999999858439, 5928207.091000003740191 ], [ 566377.235000000335276, 5928192.148 ], [ 566376.983, 5928191.969999998807907 ], [ 566375.203000000678003, 5928191.571000002324581 ], [ 566383.66300000064075, 5928209.180000001564622 ], [ 566390.04600000102073, 5928209.071000004187226 ], [ 566390.574000000953674, 5928209.365000002086163 ], [ 566392.582000000402331, 5928213.530000003054738 ], [ 566393.714999999850988, 5928212.744000000879169 ] ] ] } },
{ "type": "Feature", "properties": { "gebaeude_id": "DEHHALKA4mZ000Lm", "dachneig": 0.0, "dachfl_2d": 421.445, "dachfl_3d": 421.445, "area_m2": 421.4 }, "geometry": { "type": "Polygon", "coordinates": [ [ [ 566396.259000001475215, 5928188.575000001117587 ], [ 566401.996999999508262, 5928200.453000001609325 ], [ 566402.003999999724329, 5928200.793000001460314 ], [ 566401.354000001214445, 5928202.434000004082918 ], [ 566401.349999999627471, 5928202.946000002324581 ], [ 566402.783999999985099, 5928205.935000000521541 ], [ 566411.739000000059605, 5928199.487999999895692 ], [ 566399.44400000013411, 5928171.34600000269711 ], [ 566375.587999999523163, 5928182.785000000149012 ], [ 566377.439000001177192, 5928186.412000000476837 ], [ 566381.613000001758337, 5928190.824999997392297 ], [ 566381.842000000178814, 5928190.925000000745058 ], [ 566382.196000001393259, 5928190.966000001877546 ], [ 566382.514999999664724, 5928190.912000000476837 ], [ 566385.391000001691282, 5928189.521999998018146 ], [ 566385.728000000119209, 5928189.195000004023314 ], [ 566386.113000000827014, 5928187.510000001639128 ], [ 566386.236000000499189, 5928187.26799999922514 ], [ 566393.727000000886619, 5928183.769000003114343 ], [ 566393.894999998621643, 5928183.693000001832843 ], [ 566395.2010000012815, 5928186.350999999791384 ], [ 566398.278999999165535, 5928184.883000003173947 ], [ 566399.339999999850988, 5928187.100999999791384 ], [ 566396.259000001475215, 5928188.575000001117587 ] ], [ [ 566404.641999999061227, 5928195.653000000864267 ], [ 566404.790000001899898, 5928195.93300000205636 ], [ 566404.487999999895692, 5928196.092000002041459 ], [ 566404.341000000946224, 5928195.812000000849366 ], [ 566404.641999999061227, 5928195.653000000864267 ] ], [ [ 566399.442000000737607, 5928192.378000000491738 ], [ 566399.11400000192225, 5928192.545 ], [ 566398.950000001117587, 5928192.221999999135733 ], [ 566399.277000000700355, 5928192.054999999701977 ], [ 566399.442000000737607, 5928192.378000000491738 ] ], [ [ 566402.494000000879169, 5928194.832000002264977 ], [ 566402.235999999567866, 5928194.965000001713634 ], [ 566402.016000000759959, 5928194.540000000968575 ], [ 566402.274000000208616, 5928194.407000001519918 ], [ 566402.494000000879169, 5928194.832000002264977 ] ], [ [ 566398.526999999769032, 5928191.780999999493361 ], [ 566398.777000000700355, 5928192.182000003755093 ], [ 566398.504999999888241, 5928192.352 ], [ 566398.254999999888241, 5928191.9510000012815 ], [ 566398.526999999769032, 5928191.780999999493361 ] ], [ [ 566383.745000001043081, 5928184.82600000500679 ], [ 566383.55900000128895, 5928184.478000001981854 ], [ 566383.901000000536442, 5928184.295 ], [ 566384.087000001221895, 5928184.642999997362494 ], [ 566384.067999999970198, 5928184.653000004589558 ], [ 566383.745000001043081, 5928184.82600000500679 ] ], [ [ 566382.576999999582767, 5928184.119000000879169 ], [ 566382.898000000044703, 5928183.962999999523163 ], [ 566383.088000000454485, 5928184.357000004500151 ], [ 566382.767, 5928184.512000000104308 ], [ 566382.755000000819564, 5928184.485999999567866 ], [ 566382.576999999582767, 5928184.119000000879169 ] ], [ [ 566390.040000001899898, 5928181.997999999672174 ], [ 566389.726000001654029, 5928182.151000002399087 ], [ 566389.531000000424683, 5928181.75 ], [ 566389.845000000670552, 5928181.597000000998378 ], [ 566390.040000001899898, 5928181.997999999672174 ] ], [ [ 566404.697999999858439, 5928199.276000000536442 ], [ 566405.018000000156462, 5928199.123999997973442 ], [ 566405.206000000238419, 5928199.523 ], [ 566404.886000000871718, 5928199.674000000581145 ], [ 566404.697999999858439, 5928199.276000000536442 ] ], [ [ 566383.343000001274049, 5928184.201999999582767 ], [ 566383.208000001497567, 5928183.813999999314547 ], [ 566383.61600000038743, 5928183.671000001952052 ], [ 566383.751000001095235, 5928184.059000002220273 ], [ 566383.343000001274049, 5928184.201999999582767 ] ], [ [ 566380.742000000551343, 5928188.655999999493361 ], [ 566381.032999999821186, 5928189.012000001966953 ], [ 566380.587999999523163, 5928189.375000001862645 ], [ 566380.29700000025332, 5928189.01799999922514 ], [ 566380.742000000551343, 5928188.655999999493361 ] ], [ [ 566382.565000001341105, 5928186.773000001907349 ], [ 566382.2010000012815, 5928186.012000001966953 ], [ 566382.951999999582767, 5928185.653000000864267 ], [ 566383.316000000573695, 5928186.414000002667308 ], [ 566382.565000001341105, 5928186.773000001907349 ] ], [ [ 566407.710999999195337, 5928199.886 ], [ 566408.093000001274049, 5928200.68099999986589 ], [ 566407.325000000186265, 5928201.050000002607703 ], [ 566406.944000001065433, 5928200.254999998956919 ], [ 566407.710999999195337, 5928199.886 ] ], [ [ 566399.434999999590218, 5928184.089000001549721 ], [ 566399.816000000573695, 5928184.842000002041459 ], [ 566399.014000001363456, 5928185.247000001370907 ], [ 566398.718000001274049, 5928184.66100000217557 ], [ 566398.63300000037998, 5928184.493999999016523 ], [ 566399.434999999590218, 5928184.089000001549721 ] ], [ [ 566393.301000001840293, 5928180.02900000102818 ], [ 566394.11400000192225, 5928179.668999999761581 ], [ 566394.475000000558794, 5928180.484999997541308 ], [ 566393.662000000476837, 5928180.845000000670552 ], [ 566393.301000001840293, 5928180.02900000102818 ] ], [ [ 566395.496000000275671, 5928183.451000003144145 ], [ 566395.050999999977648, 5928182.546 ], [ 566396.435000000521541, 5928181.865000000223517 ], [ 566396.880000001750886, 5928182.769999999552965 ], [ 566395.496000000275671, 5928183.451000003144145 ] ], [ [ 566395.804999999701977, 5928174.091000003740191 ], [ 566396.226000001654029, 5928174.949999999254942 ], [ 566395.938000001013279, 5928175.091 ], [ 566396.42200000025332, 5928176.079000001773238 ], [ 566389.96000000089407, 5928179.248999999836087 ], [ 566389.436999999918044, 5928179.264000002294779 ], [ 566389.540000000968575, 5928179.464000003412366 ], [ 566390.317000000737607, 5928180.984000002965331 ], [ 566388.61699999962002, 5928181.818000001832843 ], [ 566387.241000002250075, 5928178.757000003010035 ], [ 566387.390999999828637, 5928178.331000000238419 ], [ 566387.571999999694526, 5928178.179999999701977 ], [ 566395.804999999701977, 5928174.091000003740191 ] ] ] } },
{ "type": "Feature", "properties": { "gebaeude_id": "DEHHALKA4mZ000Lm", "dachneig": 0.0, "dachfl_2d": 29.418, "dachfl_3d": 29.418, "area_m2": 29.4 }, "geometry": { "type": "Polygon", "coordinates": [ [ [ 566388.58500000089407, 5928186.451999999582767 ], [ 566389.899000000208616, 5928187.275000000372529 ], [ 566390.090000000782311, 5928187.322000004351139 ], [ 566390.439999999478459, 5928187.301000000908971 ], [ 566392.831000000238419, 5928186.157000001519918 ], [ 566392.955000000074506, 5928186.152000000700355 ], [ 566393.135999999940395, 5928186.199000002816319 ], [ 566393.262000000104308, 5928186.282999997958541 ], [ 566393.334999999962747, 5928186.386 ], [ 566399.082999999634922, 5928198.316999999806285 ], [ 566399.240000002086163, 5928198.381999999284744 ], [ 566400.899000001139939, 5928198.756999999284744 ], [ 566393.78800000064075, 5928183.89500000141561 ], [ 566388.58500000089407, 5928186.451999999582767 ] ] ] } },
{ "type": "Feature", "properties": { "gebaeude_id": "DEHHALKAJ0000wi9", "dachneig": 2.936, "dachfl_2d": 68.375, "dachfl_3d": 68.417, "area_m2": 68.4 }, "geometry": { "type": "Polygon", "coordinates": [ [ [ 566534.13399999961257, 5928325.509000001475215 ], [ 566529.267, 5928320.995999999344349 ], [ 566529.297000001184642, 5928329.166999999433756 ], [ 566529.32700000051409, 5928337.338000001385808 ], [ 566534.201999999582767, 5928337.300000002607703 ], [ 566534.13399999961257, 5928325.509000001475215 ] ] ] } },
{ "type": "Feature", "properties": { "gebaeude_id": "DEHHALKAJ0000wi9", "dachneig": 0.0, "dachfl_2d": 23.509, "dachfl_3d": 23.509, "area_m2": 23.5 }, "geometry": { "type": "Polygon", "coordinates": [ [ [ 566539.060000001452863, 5928310.17 ], [ 566531.380000000819564, 5928310.359000002965331 ], [ 566531.438000001944602, 5928313.350000003352761 ], [ 566539.07799999974668, 5928313.315999999642372 ], [ 566539.060000001452863, 5928310.17 ] ] ] } },
{ "type": "Feature", "properties": { "gebaeude_id": "DEHHALKAJ0000wi9", "dachneig": 8.758, "dachfl_2d": 96.426, "dachfl_3d": 97.49, "area_m2": 96.4 }, "geometry": { "type": "Polygon", "coordinates": [ [ [ 566534.250000000931323, 5928290.798000000417233 ], [ 566536.643000001087785, 5928289.388000000268221 ], [ 566536.600000000558794, 5928282.051000002771616 ], [ 566528.945000001229346, 5928282.072000000625849 ], [ 566529.144999999552965, 5928288.083999998867512 ], [ 566529.095000000670552, 5928297.158000001683831 ], [ 566534.150999999605119, 5928297.073000000789762 ], [ 566534.250000000931323, 5928290.798000000417233 ] ] ] } },
{ "type": "Feature", "properties": { "gebaeude_id": "DEHHALKAJ0000wi9", "dachneig": 0.0, "dachfl_2d": 1548.039, "dachfl_3d": 1548.039, "area_m2": 1548.0 }, "geometry": { "type": "Polygon", "coordinates": [ [ [ 566515.945000001229346, 5928316.560000000521541 ], [ 566524.869000000879169, 5928316.580000001937151 ], [ 566525.242999999783933, 5928316.646000001579523 ], [ 566525.683000000193715, 5928316.923000000417233 ], [ 566525.995000000111759, 5928317.252999998629093 ], [ 566526.200000000186265, 5928317.69200000166893 ], [ 566526.261000001803041, 5928318.310000000521541 ], [ 566526.247999999672174, 5928326.695000002160668 ], [ 566525.184000000357628, 5928326.706000000238419 ], [ 566525.207999999634922, 5928324.700000001117587 ], [ 566525.061999999918044, 5928324.355000000447035 ], [ 566525.098000000230968, 5928319.74100000038743 ], [ 566524.60600000154227, 5928319.333000002428889 ], [ 566524.584000001661479, 5928318.254000002518296 ], [ 566515.576999999582767, 5928318.273000003769994 ], [ 566515.123000000603497, 5928318.083999998867512 ], [ 566514.276000000536442, 5928316.925000002607703 ], [ 566514.334000000730157, 5928315.810000000521541 ], [ 566514.321999999694526, 5928315.206000002101064 ], [ 566513.00899999961257, 5928315.232000002637506 ], [ 566512.810000001452863, 5928304.993999999016523 ], [ 566524.277999999932945, 5928304.770999999716878 ], [ 566524.349999999627471, 5928308.485000003129244 ], [ 566527.096000000834465, 5928308.432000001892447 ], [ 566527.100999999791384, 5928308.660000000149012 ], [ 566528.817000000737607, 5928308.626000002026558 ], [ 566528.642000000923872, 5928288.502999998629093 ], [ 566498.829000001773238, 5928288.622999999672174 ], [ 566498.966000001877546, 5928322.081000002101064 ], [ 566512.920999999158084, 5928321.922000002115965 ], [ 566513.33799999859184, 5928321.918000003322959 ], [ 566513.583000000566244, 5928363.842000000178814 ], [ 566536.162000002339482, 5928363.73200000077486 ], [ 566536.072000000625849, 5928342.57799999974668 ], [ 566534.486000000499189, 5928342.591 ], [ 566527.480999999679625, 5928342.64500000141561 ], [ 566527.440000000409782, 5928337.352000001817942 ], [ 566527.783000000752509, 5928337.348999997600913 ], [ 566527.730000001378357, 5928313.895999999716878 ], [ 566527.730000001378357, 5928313.887000000104308 ], [ 566527.202000001445413, 5928313.897000001743436 ], [ 566527.20299999974668, 5928313.920999998226762 ], [ 566523.658999999985099, 5928313.990000002086163 ], [ 566523.680000000633299, 5928315.025000002235174 ], [ 566516.011000000871718, 5928315.173000000417233 ], [ 566516.022999999113381, 5928315.776999998837709 ], [ 566515.945000001229346, 5928316.560000000521541 ] ], [ [ 566531.855000001378357, 5928343.133000003173947 ], [ 566530.928000000305474, 5928343.126000000163913 ], [ 566530.931000000797212, 5928342.792999997735023 ], [ 566531.858, 5928342.800000000745058 ], [ 566531.855000001378357, 5928343.133000003173947 ] ], [ [ 566521.930000000633299, 5928334.426000000908971 ], [ 566522.484000000171363, 5928334.421 ], [ 566522.490000002086163, 5928335.018000001087785 ], [ 566521.935000001452863, 5928335.021999999880791 ], [ 566521.930000000633299, 5928334.426000000908971 ] ], [ [ 566523.315000000409782, 5928338.427000002935529 ], [ 566523.317000000737607, 5928337.870000002905726 ], [ 566523.923000001348555, 5928337.872000005096197 ], [ 566523.92100000102073, 5928338.428999999538064 ], [ 566523.315000000409782, 5928338.427000002935529 ] ], [ [ 566517.942999999970198, 5928328.024000002071261 ], [ 566517.569000001065433, 5928328.037000000476837 ], [ 566517.535000000149012, 5928327.080000003799796 ], [ 566517.910000000149012, 5928327.066999999806285 ], [ 566517.942999999970198, 5928328.024000002071261 ] ], [ [ 566530.68400000128895, 5928344.497000001370907 ], [ 566530.690000000409782, 5928345.170000001788139 ], [ 566529.427000001072884, 5928345.182000001892447 ], [ 566529.420000000856817, 5928344.50899999961257 ], [ 566530.68400000128895, 5928344.497000001370907 ] ], [ [ 566508.167000000365078, 5928310.485000001266599 ], [ 566508.03000000026077, 5928300.354000002145767 ], [ 566512.03700000140816, 5928300.300000000745058 ], [ 566512.043000000528991, 5928300.713999999687076 ], [ 566512.166000000201166, 5928309.843000000342727 ], [ 566512.173999999649823, 5928310.43099999986589 ], [ 566510.771999999880791, 5928310.450000001117587 ], [ 566510.709000001661479, 5928310.451000003144145 ], [ 566508.167000000365078, 5928310.485000001266599 ] ] ] } },
{ "type": "Feature", "properties": { "gebaeude_id": "20211007143813_40", "dachneig": 0.0, "dachfl_2d": 37.223, "dachfl_3d": 37.223, "area_m2": 37.2 }, "geometry": { "type": "Polygon", "coordinates": [ [ [ 566398.587000000290573, 5928849.025000000372529 ], [ 566404.57700000051409, 5928848.464000001549721 ], [ 566404.314000000245869, 5928845.221000000834465 ], [ 566404.462000000290573, 5928845.226000001654029 ], [ 566404.19400000013411, 5928842.394000003114343 ], [ 566397.996000001206994, 5928842.981000002473593 ], [ 566398.587000000290573, 5928849.025000000372529 ] ] ] } },
{ "type": "Feature", "properties": { "gebaeude_id": "DEHHALKAJ0000wi9", "dachneig": 0.0, "dachfl_2d": 272.034, "dachfl_3d": 272.034, "area_m2": 272.0 }, "geometry": { "type": "Polygon", "coordinates": [ [ [ 566515.235000000335276, 5928270.346999999135733 ], [ 566515.228000000119209, 5928270.346999999135733 ], [ 566513.097000000998378, 5928270.35500000230968 ], [ 566513.187000000849366, 5928288.136000001803041 ], [ 566528.632000002078712, 5928288.079000003635883 ], [ 566528.543000001460314, 5928270.297000002115965 ], [ 566515.235000000335276, 5928270.346999999135733 ] ], [ [ 566525.224000000394881, 5928281.586000001057982 ], [ 566525.343000000342727, 5928281.658000001683831 ], [ 566525.41100000217557, 5928281.780000001192093 ], [ 566525.412999999709427, 5928281.92 ], [ 566525.346000000834465, 5928282.042000001296401 ], [ 566525.33500000089407, 5928282.061000002548099 ], [ 566525.315999999642372, 5928282.072000000625849 ], [ 566525.194000001065433, 5928282.139000002294779 ], [ 566525.054000000469387, 5928282.136000003665686 ], [ 566524.932000000029802, 5928282.069000001996756 ], [ 566524.860000001266599, 5928281.949000000953674 ], [ 566524.849000001326203, 5928281.929999999701977 ], [ 566524.849000001326203, 5928281.909000001847744 ], [ 566524.851999999955297, 5928281.769000003114343 ], [ 566524.924000000581145, 5928281.650000004097819 ], [ 566525.043999999761581, 5928281.578000001609325 ], [ 566525.183000001125038, 5928281.574999999254942 ], [ 566525.205000001005828, 5928281.574999999254942 ], [ 566525.224000000394881, 5928281.586000001057982 ] ], [ [ 566525.448000001721084, 5928270.647000003606081 ], [ 566525.585000001825392, 5928270.708000002428889 ], [ 566525.673999999649823, 5928270.83 ], [ 566525.696000002324581, 5928270.980000000447035 ], [ 566525.640000001527369, 5928271.120000002905726 ], [ 566525.631000000983477, 5928271.141000002622604 ], [ 566525.49000000115484, 5928271.243999999016523 ], [ 566525.339999999850988, 5928271.260000001639128 ], [ 566525.200000001117587, 5928271.203999998047948 ], [ 566525.105999999679625, 5928271.085000002756715 ], [ 566525.092000001110137, 5928271.06699999794364 ], [ 566525.089000000618398, 5928271.043000001460314 ], [ 566525.074000000953674, 5928270.893000001087785 ], [ 566525.099000001326203, 5928270.83700000308454 ], [ 566525.134999999776483, 5928270.755000000819564 ], [ 566525.253999999724329, 5928270.662000000476837 ], [ 566525.426000001840293, 5928270.637000001966953 ], [ 566525.448000001721084, 5928270.647000003606081 ] ], [ [ 566526.203000000678003, 5928270.6739999987185 ], [ 566526.360999999567866, 5928270.632000001147389 ], [ 566526.385999999940395, 5928270.626000000163913 ], [ 566526.410000000149012, 5928270.633000003173947 ], [ 566526.566999999806285, 5928270.682000001892447 ], [ 566526.678000000305474, 5928270.802999999374151 ], [ 566526.720000000670552, 5928270.962000004947186 ], [ 566526.677000000141561, 5928271.120000002905726 ], [ 566526.671000000089407, 5928271.14500000141561 ], [ 566526.530999999493361, 5928271.273000001907349 ], [ 566526.371000001206994, 5928271.309000002220273 ], [ 566526.212000001221895, 5928271.265999998897314 ], [ 566526.07799999974668, 5928271.132000001147389 ], [ 566526.074000000022352, 5928271.112999999895692 ], [ 566526.037000000476837, 5928270.947000002488494 ], [ 566526.071000001393259, 5928270.839000001549721 ], [ 566526.086000001057982, 5928270.790000000968575 ], [ 566526.203000000678003, 5928270.6739999987185 ] ], [ [ 566524.548999999649823, 5928270.592000002041459 ], [ 566524.661000001244247, 5928270.728000000119209 ], [ 566524.696000000461936, 5928270.901000000536442 ], [ 566524.639999999664724, 5928271.068 ], [ 566524.631000000052154, 5928271.09400000423193 ], [ 566524.474000001326203, 5928271.222999999299645 ], [ 566524.299999999813735, 5928271.251000002026558 ], [ 566524.133000001311302, 5928271.195000004023314 ], [ 566524.016000000759959, 5928271.064000001177192 ], [ 566523.998000000603497, 5928271.043000001460314 ], [ 566523.992999999783933, 5928271.016000000759959 ], [ 566523.965000000782311, 5928270.841999998316169 ], [ 566523.972000000998378, 5928270.822999997064471 ], [ 566524.027000000700355, 5928270.677000002935529 ], [ 566524.159000000916421, 5928270.560000000521541 ], [ 566524.332000001333654, 5928270.525000000372529 ], [ 566524.358000000938773, 5928270.519999999552965 ], [ 566524.384000000543892, 5928270.528999999165535 ], [ 566524.548999999649823, 5928270.592000002041459 ] ], [ [ 566523.510999999940395, 5928270.605000000447035 ], [ 566523.669999999925494, 5928270.746000001206994 ], [ 566523.728000000119209, 5928270.921000003814697 ], [ 566523.698000001721084, 5928271.103000000119209 ], [ 566523.563000001013279, 5928271.268000001087785 ], [ 566523.361000000499189, 5928271.33500000089407 ], [ 566523.181000001728535, 5928271.298000000417233 ], [ 566523.037999999709427, 5928271.181000001728535 ], [ 566522.962999999523163, 5928270.981000000610948 ], [ 566523.006000000983477, 5928270.773 ], [ 566523.128999999724329, 5928270.634999999776483 ], [ 566523.300999999977648, 5928270.570000000298023 ], [ 566523.510999999940395, 5928270.605000000447035 ] ], [ [ 566524.188000001013279, 5928281.411999998614192 ], [ 566524.192000000737607, 5928281.935000000521541 ], [ 566524.192000000737607, 5928281.99800000153482 ], [ 566522.708999999798834, 5928282.010000001639128 ], [ 566522.704000001773238, 5928281.4239999987185 ], [ 566524.188000001013279, 5928281.411999998614192 ] ] ] } },
{ "type": "Feature", "properties": { "gebaeude_id": "DEHHALKAJ0000wi9", "dachneig": 0.0, "dachfl_2d": 15.78, "dachfl_3d": 15.78, "area_m2": 15.8 }, "geometry": { "type": "Polygon", "coordinates": [ [ [ 566543.99800000153482, 5928337.727000001817942 ], [ 566538.834000000730157, 5928337.798999996855855 ], [ 566538.830000001005828, 5928337.798999996855855 ], [ 566538.853000000119209, 5928340.822000002488494 ], [ 566544.012000000104308, 5928340.816000001505017 ], [ 566543.99800000153482, 5928337.727000001817942 ] ] ] } },
{ "type": "Feature", "properties": { "gebaeude_id": "DEHHALKAJ0000wH1", "dachneig": 0.003, "dachfl_2d": 1220.688, "dachfl_3d": 1220.69, "area_m2": 1220.7 }, "geometry": { "type": "Polygon", "coordinates": [ [ [ 566440.097000000067055, 5928287.121999999508262 ], [ 566440.571000001393259, 5928287.129999998956919 ], [ 566440.582000001333654, 5928286.572999998927116 ], [ 566394.591000000946224, 5928285.723999999463558 ], [ 566394.580000001005828, 5928286.312999999150634 ], [ 566395.036000000312924, 5928286.323000000789762 ], [ 566394.798999999649823, 5928299.205000001937151 ], [ 566394.79600000102073, 5928299.346999999135733 ], [ 566394.559000000357628, 5928312.315000001341105 ], [ 566394.103000001981854, 5928312.307000001892447 ], [ 566394.094000001437962, 5928312.784000001847744 ], [ 566394.381000000983477, 5928312.78999999910593 ], [ 566440.063000001013279, 5928313.629000002518296 ], [ 566440.072999999858439, 5928313.106000002473593 ], [ 566440.071000000461936, 5928313.106000002473593 ], [ 566439.620000000111759, 5928313.098999999463558 ], [ 566439.864000000990927, 5928299.85500000230968 ], [ 566440.097000000067055, 5928287.121999999508262 ] ] ] } },
{ "type": "Feature", "properties": { "gebaeude_id": "DEHHALKAJ0000wH1", "dachneig": 2.76, "dachfl_2d": 179.086, "dachfl_3d": 179.294, "area_m2": 179.1 }, "geometry": { "type": "Polygon", "coordinates": [ [ [ 566445.685999998822808, 5928318.017000002786517 ], [ 566446.279000000096858, 5928286.611000001430511 ], [ 566440.582999999634922, 5928286.503000000491738 ], [ 566440.582000001333654, 5928286.572999998927116 ], [ 566440.053999998606741, 5928314.107000004500151 ], [ 566439.981999999843538, 5928317.909000001847744 ], [ 566445.685999998822808, 5928318.017000002786517 ] ] ] } },
{ "type": "Feature", "properties": { "gebaeude_id": "DEHHALKAJ0000wH1", "dachneig": 0.211, "dachfl_2d": 216.882, "dachfl_3d": 216.918, "area_m2": 216.9 }, "geometry": { "type": "Polygon", "coordinates": [ [ [ 566413.317000000737607, 5928317.675000000745058 ], [ 566413.31900000013411, 5928317.675000000745058 ], [ 566414.57700000051409, 5928317.699999999254942 ], [ 566414.573000001721084, 5928317.899000000208616 ], [ 566414.565000000409782, 5928318.320000002160668 ], [ 566414.438000001013279, 5928324.810000000521541 ], [ 566419.24199999962002, 5928324.900000002235174 ], [ 566419.377000000327826, 5928317.967000002041459 ], [ 566419.378000000491738, 5928317.918000001460314 ], [ 566419.382000000216067, 5928317.7010000012815 ], [ 566434.29600000102073, 5928317.980999998748302 ], [ 566434.29600000102073, 5928318.156000001356006 ], [ 566439.611000000499189, 5928318.256000002846122 ], [ 566439.687000000849366, 5928314.101000001654029 ], [ 566394.372000001370907, 5928313.26799999922514 ], [ 566394.292999999597669, 5928317.304000001400709 ], [ 566413.317000000737607, 5928317.675000000745058 ] ], [ [ 566437.261000000871718, 5928315.548000000417233 ], [ 566437.83500000089407, 5928315.535000000149012 ], [ 566437.847000000998378, 5928316.075000001117587 ], [ 566437.273000000044703, 5928316.087000004947186 ], [ 566437.261000000871718, 5928315.548000000417233 ] ] ] } },
{ "type": "Feature", "properties": { "gebaeude_id": "DEHHALKAJ0000wDi", "dachneig": 0.194, "dachfl_2d": 1275.9, "dachfl_3d": 1275.907, "area_m2": 1275.9 }, "geometry": { "type": "Polygon", "coordinates": [ [ [ 566459.054000000469387, 5928331.002000002190471 ], [ 566459.691999999806285, 5928331.014000000432134 ], [ 566459.695000000298023, 5928331.011000001803041 ], [ 566447.963000000454485, 5928330.129999998956919 ], [ 566447.946999999694526, 5928330.129999998956919 ], [ 566413.941000001505017, 5928329.467000000178814 ], [ 566413.817000000737607, 5928329.464000001549721 ], [ 566413.628000002354383, 5928329.46000000089407 ], [ 566413.615000000223517, 5928330.102000003680587 ], [ 566414.268000001087785, 5928330.115000002086163 ], [ 566414.003000001423061, 5928343.699000002816319 ], [ 566413.734000000171363, 5928357.476000001654029 ], [ 566413.081000001169741, 5928357.463999999687076 ], [ 566413.063000000081956, 5928357.985999999567866 ], [ 566413.071000001393259, 5928357.985999999567866 ], [ 566458.509999999776483, 5928358.872000001370907 ], [ 566459.304000000469387, 5928358.888000000268221 ], [ 566459.308000000193715, 5928358.888000000268221 ], [ 566459.317000000737607, 5928358.239 ], [ 566459.313000001013279, 5928358.239 ], [ 566458.522999999113381, 5928358.232999999076128 ], [ 566458.790000000968575, 5928344.561000002548099 ], [ 566459.054000000469387, 5928331.002000002190471 ] ] ] } },
{ "type": "Feature", "properties": { "gebaeude_id": "DEHHALKAJ0000wDi", "dachneig": 0.0, "dachfl_2d": 401.207, "dachfl_3d": 401.207, "area_m2": 401.2 }, "geometry": { "type": "Polygon", "coordinates": [ [ [ 566465.332000001333654, 5928325.965000001713634 ], [ 566439.477000000886619, 5928325.515999998897314 ], [ 566439.156000000424683, 5928325.510000001639128 ], [ 566439.293000000528991, 5928318.252000000327826 ], [ 566439.611000000499189, 5928318.256000002846122 ], [ 566434.561999999918044, 5928318.16100000217557 ], [ 566434.424999999813735, 5928325.439000001177192 ], [ 566419.23200000077486, 5928325.152000002563 ], [ 566419.24199999962002, 5928324.900000002235174 ], [ 566414.438000001013279, 5928324.810000000521541 ], [ 566414.433000000193715, 5928325.045000001788139 ], [ 566414.027000000700355, 5928325.037000002339482 ], [ 566413.949000000022352, 5928329.049000000581145 ], [ 566459.709999999962747, 5928329.94200000166893 ], [ 566459.695000000298023, 5928331.011000001803041 ], [ 566459.695000000298023, 5928331.014000000432134 ], [ 566459.308000000193715, 5928358.888000000268221 ], [ 566459.308000000193715, 5928358.917999999597669 ], [ 566464.742999999783933, 5928358.993000004440546 ], [ 566465.332000001333654, 5928325.965000001713634 ] ], [ [ 566440.476000001654029, 5928328.570000000298023 ], [ 566440.929999999701977, 5928328.583000004291534 ], [ 566440.917000000365078, 5928329.028000002726912 ], [ 566440.462999999523163, 5928329.014000002294779 ], [ 566440.476000001654029, 5928328.570000000298023 ] ], [ [ 566432.513000001199543, 5928328.39500000141561 ], [ 566433.004999999888241, 5928328.406999999657273 ], [ 566432.993999999947846, 5928328.868000000715256 ], [ 566432.502000001259148, 5928328.855999998748302 ], [ 566432.513000001199543, 5928328.39500000141561 ] ] ] } },
{ "type": "Feature", "properties": { "gebaeude_id": "DEHHALKAJ0000wC9", "dachneig": 3.652, "dachfl_2d": 365.224, "dachfl_3d": 365.979, "area_m2": 365.2 }, "geometry": { "type": "Polygon", "coordinates": [ [ [ 566288.987999998964369, 5928367.26800000295043 ], [ 566281.741000001318753, 5928360.111999999731779 ], [ 566256.378000000491738, 5928385.865000000223517 ], [ 566263.537000000476837, 5928392.89300000295043 ], [ 566288.987999998964369, 5928367.26800000295043 ] ] ] } },
{ "type": "Feature", "properties": { "gebaeude_id": "DEHHALKAJ0000wC9", "dachneig": 3.652, "dachfl_2d": 366.244, "dachfl_3d": 366.997, "area_m2": 366.2 }, "geometry": { "type": "Polygon", "coordinates": [ [ [ 566281.741000001318753, 5928360.111999999731779 ], [ 566274.495000000111759, 5928352.957000004127622 ], [ 566249.189999999478459, 5928378.806999998167157 ], [ 566256.241999998688698, 5928385.730999998748302 ], [ 566256.378000000491738, 5928385.865000000223517 ], [ 566281.741000001318753, 5928360.111999999731779 ] ] ] } },
{ "type": "Feature", "properties": { "gebaeude_id": "DEHHALKAJ0000wC9", "dachneig": 6.04, "dachfl_2d": 60.756, "dachfl_3d": 61.043, "area_m2": 60.8 }, "geometry": { "type": "Polygon", "coordinates": [ [ [ 566249.189999999478459, 5928378.806999998167157 ], [ 566244.860000000335276, 5928383.218000000342727 ], [ 566251.836000001057982, 5928390.066999999806285 ], [ 566256.241999998688698, 5928385.730999998748302 ], [ 566249.189999999478459, 5928378.806999998167157 ] ] ] } },
{ "type": "Feature", "properties": { "gebaeude_id": "DEHHALKAJ0000wC9", "dachneig": 6.965, "dachfl_2d": 63.511, "dachfl_3d": 63.791, "area_m2": 63.5 }, "geometry": { "type": "Polygon", "coordinates": [ [ [ 566256.378000000491738, 5928385.865000000223517 ], [ 566256.241999998688698, 5928385.730999998748302 ], [ 566251.836000001057982, 5928390.066999999806285 ], [ 566259.207000001333654, 5928397.303000003099442 ], [ 566263.537000000476837, 5928392.89300000295043 ], [ 566256.378000000491738, 5928385.865000000223517 ] ] ] } },
{ "type": "Feature", "properties": { "gebaeude_id": "DEHHALKAJ0000w52", "dachneig": 2.414, "dachfl_2d": 1065.472, "dachfl_3d": 1065.709, "area_m2": 1065.5 }, "geometry": { "type": "Polygon", "coordinates": [ [ [ 566641.369000000879169, 5928450.669000001624227 ], [ 566638.796000000089407, 5928448.143999999389052 ], [ 566638.792999998666346, 5928448.141000002622604 ], [ 566618.535000001080334, 5928428.256000000983477 ], [ 566616.745000001043081, 5928430.08 ], [ 566610.560000000521541, 5928436.382000001147389 ], [ 566604.664000000804663, 5928430.42 ], [ 566602.684000000357628, 5928432.427000001072884 ], [ 566599.863000000827014, 5928435.287999998778105 ], [ 566599.596000001765788, 5928435.559000000357628 ], [ 566592.600999998860061, 5928428.65400000102818 ], [ 566585.791000001132488, 5928435.552000001072884 ], [ 566585.767000000923872, 5928435.528000000864267 ], [ 566583.736000000499189, 5928437.524000003933907 ], [ 566583.733, 5928437.527000002563 ], [ 566580.871000001206994, 5928440.338000003248453 ], [ 566614.997999999672174, 5928474.137000001966953 ], [ 566617.729000002145767, 5928471.336000002920628 ], [ 566617.73200000077486, 5928471.333000004291534 ], [ 566620.063000000081956, 5928468.943 ], [ 566613.16200000140816, 5928462.089999999850988 ], [ 566587.344000000506639, 5928436.449999999254942 ], [ 566589.24000000115484, 5928434.541000002995133 ], [ 566614.365000000223517, 5928459.492000000551343 ], [ 566621.941999998874962, 5928467.017000000923872 ], [ 566623.113000001758337, 5928465.81700000166893 ], [ 566606.750000001862645, 5928449.549000000581145 ], [ 566590.450000000186265, 5928433.345000000670552 ], [ 566592.456000000238419, 5928431.327000001445413 ], [ 566602.576999999582767, 5928441.389000002294779 ], [ 566625.099000001326203, 5928463.780000003054738 ], [ 566626.765999999828637, 5928462.071000004187226 ], [ 566626.270999999716878, 5928461.592000002041459 ], [ 566625.908999999985099, 5928461.243000002577901 ], [ 566626.230000001378357, 5928460.91100000217557 ], [ 566626.233, 5928460.908000003546476 ], [ 566628.866000001318753, 5928458.183000000193715 ], [ 566628.901000000536442, 5928458.146999999880791 ], [ 566628.904000001959503, 5928458.144000001251698 ], [ 566630.161000001244247, 5928456.843000002205372 ], [ 566635.589999999850988, 5928462.089999999850988 ], [ 566639.684000002220273, 5928457.853000001981854 ], [ 566637.411000000312924, 5928455.655000003054738 ], [ 566637.098000001162291, 5928455.353000001981854 ], [ 566636.888000001199543, 5928455.150000002235174 ], [ 566637.164000000804663, 5928454.875000001862645 ], [ 566639.621000001206994, 5928452.416000002995133 ], [ 566639.623999998904765, 5928452.41300000064075 ], [ 566641.369000000879169, 5928450.669000001624227 ] ], [ [ 566621.451999999582767, 5928454.656999999657273 ], [ 566621.967000000178814, 5928455.17 ], [ 566621.429000001400709, 5928455.709000000730157 ], [ 566620.915000000037253, 5928455.196000000461936 ], [ 566621.451999999582767, 5928454.656999999657273 ] ], [ [ 566624.659000000916421, 5928459.416000004857779 ], [ 566624.626999999396503, 5928459.449000002816319 ], [ 566623.687000000849366, 5928458.514000004157424 ], [ 566623.699000000022352, 5928458.502000000327826 ], [ 566623.728000000119209, 5928458.473000003024936 ], [ 566624.613000001758337, 5928457.582000000402331 ], [ 566625.554000001400709, 5928458.517000002786517 ], [ 566624.679000001400709, 5928459.397000003606081 ], [ 566624.659000000916421, 5928459.416000004857779 ] ], [ [ 566623.103000000119209, 5928457.987000003457069 ], [ 566622.584000000730157, 5928457.440999999642372 ], [ 566622.167000001296401, 5928457.002000002190471 ], [ 566622.189999999478459, 5928456.98000000230968 ], [ 566623.112000000663102, 5928456.104000002145767 ], [ 566624.048000002279878, 5928457.089000001549721 ], [ 566623.166000001132488, 5928457.926999999210238 ], [ 566623.130000000819564, 5928457.960999999195337 ], [ 566623.103000000119209, 5928457.987000003457069 ] ], [ [ 566620.06800000090152, 5928452.789000000804663 ], [ 566621.17200000025332, 5928453.877999998629093 ], [ 566620.154999999329448, 5928454.909 ], [ 566619.050999999977648, 5928453.819000001996756 ], [ 566620.06800000090152, 5928452.789000000804663 ] ], [ [ 566617.814000000245869, 5928431.680000001564622 ], [ 566626.543000000528991, 5928440.381000000983477 ], [ 566624.564000001177192, 5928442.366999998688698 ], [ 566615.83500000089407, 5928433.665000000968575 ], [ 566617.814000000245869, 5928431.680000001564622 ] ], [ [ 566635.795000001788139, 5928459.449999999254942 ], [ 566612.768000001087785, 5928436.773000003769994 ], [ 566614.643000000156462, 5928434.868999999016523 ], [ 566637.670000000856817, 5928457.545999998226762 ], [ 566635.795000001788139, 5928459.449999999254942 ] ] ] } },
{ "type": "Feature", "properties": { "gebaeude_id": "DEHHALKAJ0000xL6", "dachneig": 2.779, "dachfl_2d": 110.101, "dachfl_3d": 110.231, "area_m2": 110.1 }, "geometry": { "type": "Polygon", "coordinates": [ [ [ 566371.093000000342727, 5928943.745999999344349 ], [ 566370.222000000067055, 5928930.2989999987185 ], [ 566370.066999999806285, 5928930.296 ], [ 566361.980999999679625, 5928930.831000002101064 ], [ 566362.860000002197921, 5928944.271999999880791 ], [ 566371.093000000342727, 5928943.745999999344349 ] ], [ [ 566367.361000000499189, 5928935.640000002458692 ], [ 566367.273000000044703, 5928934.469999998807907 ], [ 566368.254000000655651, 5928934.395999999716878 ], [ 566368.341000000946224, 5928935.565999999642372 ], [ 566367.361000000499189, 5928935.640000002458692 ] ] ] } },
{ "type": "Feature", "properties": { "gebaeude_id": "DEHHALKAJ0000wuq", "dachneig": 0.0, "dachfl_2d": 11.275, "dachfl_3d": 11.275, "area_m2": 11.3 }, "geometry": { "type": "Polygon", "coordinates": [ [ [ 566513.481999998912215, 5928457.897000001743436 ], [ 566511.391000000759959, 5928454.306999998167157 ], [ 566509.042999998666346, 5928455.684000002220273 ], [ 566510.918999998830259, 5928458.883000001311302 ], [ 566510.852999999187887, 5928458.92200000025332 ], [ 566511.047000001184642, 5928459.287000004202127 ], [ 566513.481999998912215, 5928457.897000001743436 ] ] ] } },
{ "type": "Feature", "properties": { "gebaeude_id": "DEHHALKAJ0000xL6", "dachneig": 2.42, "dachfl_2d": 152.329, "dachfl_3d": 152.45, "area_m2": 152.3 }, "geometry": { "type": "Polygon", "coordinates": [ [ [ 566353.977000000886619, 5928931.359000002965331 ], [ 566353.67200000025332, 5928931.379999997094274 ], [ 566353.656000000424683, 5928930.997000003233552 ], [ 566350.639000001363456, 5928931.204000003635883 ], [ 566351.476999999955297, 5928944.202000001445413 ], [ 566353.399000001139939, 5928944.06900000013411 ], [ 566353.462000000290573, 5928944.872999999672174 ], [ 566362.860000002197921, 5928944.271999999880791 ], [ 566361.980999999679625, 5928930.831000002101064 ], [ 566353.977000000886619, 5928931.359000002965331 ] ] ] } },
{ "type": "Feature", "properties": { "gebaeude_id": "DEHHALKAJ0000whx", "dachneig": 3.573, "dachfl_2d": 450.709, "dachfl_3d": 451.589, "area_m2": 450.7 }, "geometry": { "type": "Polygon", "coordinates": [ [ [ 566369.286000000312924, 5928853.771000001579523 ], [ 566368.595999999903142, 5928843.608000000938773 ], [ 566324.376000001095235, 5928846.414000000804663 ], [ 566325.092000002041459, 5928856.552999999374151 ], [ 566369.286000000312924, 5928853.771000001579523 ] ] ] } },
{ "type": "Feature", "properties": { "gebaeude_id": "DEHHALKAJ0000whx", "dachneig": 3.533, "dachfl_2d": 451.275, "dachfl_3d": 452.153, "area_m2": 451.3 }, "geometry": { "type": "Polygon", "coordinates": [ [ [ 566369.285000000149012, 5928853.774000000208616 ], [ 566369.286000000312924, 5928853.771000001579523 ], [ 566325.092000002041459, 5928856.552999999374151 ], [ 566325.816999999806285, 5928866.829000001773238 ], [ 566369.967000001110137, 5928863.835999999195337 ], [ 566369.285000000149012, 5928853.774000000208616 ] ] ] } },
{ "type": "Feature", "properties": { "gebaeude_id": "DEHHALKAJ0000wbZ", "dachneig": 2.039, "dachfl_2d": 70.011, "dachfl_3d": 70.056, "area_m2": 70.0 }, "geometry": { "type": "Polygon", "coordinates": [ [ [ 566314.765999999828637, 5928850.488000001758337 ], [ 566314.007000001147389, 5928838.077000003308058 ], [ 566308.269999999552965, 5928838.421000001952052 ], [ 566308.8260000012815, 5928845.377999998629093 ], [ 566309.24800000153482, 5928850.648000001907349 ], [ 566309.261000000871718, 5928850.816000001505017 ], [ 566314.765999999828637, 5928850.488000001758337 ] ] ] } },
{ "type": "Feature", "properties": { "gebaeude_id": "DEHHALKAJ0000wbZ", "dachneig": 2.176, "dachfl_2d": 59.819, "dachfl_3d": 59.862, "area_m2": 59.8 }, "geometry": { "type": "Polygon", "coordinates": [ [ [ 566308.269999999552965, 5928838.421000001952052 ], [ 566303.33500000089407, 5928838.748999997973442 ], [ 566303.337000000290573, 5928838.775000002235174 ], [ 566303.34499999973923, 5928838.901000000536442 ], [ 566304.138000001199543, 5928850.983000000938773 ], [ 566304.184999999590218, 5928850.98000000230968 ], [ 566309.24800000153482, 5928850.648000001907349 ], [ 566308.8260000012815, 5928845.377999998629093 ], [ 566308.269999999552965, 5928838.421000001952052 ] ], [ [ 566304.138000001199543, 5928839.017999997362494 ], [ 566304.16200000140816, 5928839.571000004187226 ], [ 566303.622999999672174, 5928839.594000000506639 ], [ 566303.599000001326203, 5928839.041000002995133 ], [ 566304.138000001199543, 5928839.017999997362494 ] ], [ [ 566306.985999999567866, 5928844.058000000193715 ], [ 566308.231000000610948, 5928843.998000003397465 ], [ 566308.293000000528991, 5928845.282000001519918 ], [ 566307.048000002279878, 5928845.342000003904104 ], [ 566306.985999999567866, 5928844.058000000193715 ] ] ] } },
{ "type": "Feature", "properties": { "gebaeude_id": "DEHHALKAJ0000xOw", "dachneig": 11.002, "dachfl_2d": 35.285, "dachfl_3d": 35.945, "area_m2": 35.3 }, "geometry": { "type": "Polygon", "coordinates": [ [ [ 566571.503000001423061, 5928958.434000000357628 ], [ 566559.464000001549721, 5928958.715999998152256 ], [ 566559.561000000685453, 5928961.630000000819564 ], [ 566569.876000000163913, 5928961.412000000476837 ], [ 566571.608, 5928961.375000001862645 ], [ 566571.503000001423061, 5928958.434000000357628 ] ] ] } },
{ "type": "Feature", "properties": { "gebaeude_id": "DEHHALKAJ0000xOw", "dachneig": 16.149, "dachfl_2d": 23.929, "dachfl_3d": 24.907, "area_m2": 23.9 }, "geometry": { "type": "Polygon", "coordinates": [ [ [ 566571.608, 5928961.375000001862645 ], [ 566579.691000001505017, 5928961.204 ], [ 566579.629999999888241, 5928958.243999999016523 ], [ 566571.503000001423061, 5928958.434000000357628 ], [ 566571.608, 5928961.375000001862645 ] ] ] } },
{ "type": "Feature", "properties": { "gebaeude_id": "DEHHALKAJ0000wuq", "dachneig": 0.0, "dachfl_2d": 1933.686, "dachfl_3d": 1933.686, "area_m2": 1933.7 }, "geometry": { "type": "Polygon", "coordinates": [ [ [ 566529.303000001236796, 5928409.127999998629093 ], [ 566529.378000000491738, 5928409.146999999880791 ], [ 566529.532000000588596, 5928409.155999999493361 ], [ 566529.609000000171363, 5928409.146000003442168 ], [ 566529.684000002220273, 5928409.127000002190471 ], [ 566529.787999999709427, 5928409.08500000461936 ], [ 566529.878000001423061, 5928409.053000003099442 ], [ 566529.950000000186265, 5928409.013000002130866 ], [ 566530.08500000089407, 5928408.927000001072884 ], [ 566530.156999999657273, 5928408.858000002801418 ], [ 566530.216000001877546, 5928408.787000002339482 ], [ 566532.71100000012666, 5928406.273000001907349 ], [ 566537.179000000469387, 5928406.256000002846122 ], [ 566537.082999999634922, 5928381.490000000223517 ], [ 566507.523000000976026, 5928381.616000002250075 ], [ 566507.595000000670552, 5928398.515000004321337 ], [ 566484.566000000573695, 5928411.881999999284744 ], [ 566484.220000000670552, 5928412.083000000566244 ], [ 566483.824000000953674, 5928411.54900000244379 ], [ 566483.78700000140816, 5928411.520999999716878 ], [ 566483.196000000461936, 5928411.144999999552965 ], [ 566482.781999998725951, 5928410.876000000163913 ], [ 566482.110999999567866, 5928410.664000000804663 ], [ 566481.447999999858439, 5928410.552000002935529 ], [ 566480.858, 5928410.562000000849366 ], [ 566480.435999999754131, 5928410.634000001475215 ], [ 566479.746999999508262, 5928410.832000000402331 ], [ 566479.353000001050532, 5928411.040000000968575 ], [ 566478.807000000961125, 5928411.311000002548099 ], [ 566478.429999999701977, 5928411.592000000178814 ], [ 566478.091000000946224, 5928411.980000000447035 ], [ 566477.749000001698732, 5928412.378000000491738 ], [ 566477.474000000394881, 5928412.794000001624227 ], [ 566477.253000000491738, 5928413.241999998688698 ], [ 566477.090000000782311, 5928413.714000001549721 ], [ 566476.986999999731779, 5928414.201999999582767 ], [ 566476.946999998763204, 5928414.700000002980232 ], [ 566476.969000001437962, 5928415.199000002816319 ], [ 566477.054000000469387, 5928415.690999999642372 ], [ 566477.199000001884997, 5928416.167999999597669 ], [ 566477.379000000655651, 5928416.571000000461936 ], [ 566477.478000000119209, 5928416.739 ], [ 566477.348000000230968, 5928416.993999999016523 ], [ 566477.148000000976026, 5928417.286000004038215 ], [ 566476.980000001378357, 5928417.83500000089407 ], [ 566476.927000001072884, 5928418.125000001862645 ], [ 566476.911000001244247, 5928418.278000000864267 ], [ 566476.946999998763204, 5928418.853000001981854 ], [ 566476.986000000499189, 5928419.22100000269711 ], [ 566477.066999999806285, 5928419.564000001177192 ], [ 566477.189999999478459, 5928419.89500000141561 ], [ 566477.346000000834465, 5928420.19200000166893 ], [ 566477.553000000305474, 5928420.447000000625849 ], [ 566477.819000001065433, 5928420.730000000447035 ], [ 566478.088000000454485, 5928420.977 ], [ 566478.356000000610948, 5928421.15400000102818 ], [ 566478.668999999761581, 5928421.297000002115965 ], [ 566479.028000000864267, 5928421.42200000397861 ], [ 566479.379000000655651, 5928421.532999999821186 ], [ 566479.801999999210238, 5928421.592000000178814 ], [ 566480.16300000064075, 5928421.629999998956919 ], [ 566480.532000000588596, 5928421.594999998807907 ], [ 566480.775000000372529, 5928421.54700000025332 ], [ 566481.393000000156462, 5928421.380000000819564 ], [ 566481.53000000026077, 5928421.344000000506639 ], [ 566482.03000000026077, 5928421.054000001400709 ], [ 566484.137000000104308, 5928424.683000003919005 ], [ 566482.410000000149012, 5928425.690999999642372 ], [ 566503.303000001236796, 5928461.350000003352761 ], [ 566503.159000000916421, 5928461.434000002220273 ], [ 566503.790000000037253, 5928462.509999999776483 ], [ 566510.326000000350177, 5928458.679000001400709 ], [ 566508.530999999493361, 5928455.618000002577901 ], [ 566516.752000001259148, 5928450.798000002279878 ], [ 566514.974000000394881, 5928447.765999997034669 ], [ 566515.339000000618398, 5928447.553000001236796 ], [ 566516.691000000573695, 5928446.759999999776483 ], [ 566516.046000000089407, 5928445.661000000312924 ], [ 566505.879999999888241, 5928428.150000002235174 ], [ 566507.118000000715256, 5928427.24800000153482 ], [ 566501.941000000573695, 5928418.168000001460314 ], [ 566501.761000001803041, 5928418.271000003442168 ], [ 566500.744000000879169, 5928416.486999999731779 ], [ 566515.611999999731779, 5928408.011 ], [ 566516.628999999724329, 5928409.795000001788139 ], [ 566516.519000000320375, 5928409.857000002637506 ], [ 566518.117000001482666, 5928412.551000000908971 ], [ 566518.322999999858439, 5928412.918000001460314 ], [ 566518.4510000012815, 5928413.121000001206994 ], [ 566518.984000000171363, 5928413.63599999807775 ], [ 566519.226000000722706, 5928413.78800000064075 ], [ 566519.603000000119209, 5928413.931000001728535 ], [ 566519.946999999694526, 5928414.027000000700355 ], [ 566520.275999999605119, 5928414.057 ], [ 566520.644999999552965, 5928414.028000002726912 ], [ 566520.985000001266599, 5928413.92 ], [ 566521.32799999974668, 5928413.761 ], [ 566521.649000000208616, 5928413.559999998658895 ], [ 566521.941999999806285, 5928413.320000000298023 ], [ 566522.202000001445413, 5928413.046 ], [ 566522.418000000528991, 5928412.752000002190471 ], [ 566522.577999998815358, 5928412.412000004202127 ], [ 566522.661000000312924, 5928412.016000000759959 ], [ 566522.67200000025332, 5928411.55800000205636 ], [ 566522.646000000648201, 5928411.377999998629093 ], [ 566522.591000000946224, 5928411.091 ], [ 566522.43099999986589, 5928410.699000000953674 ], [ 566521.340000000782311, 5928408.881999999284744 ], [ 566521.123000000603497, 5928408.514000002294779 ], [ 566521.491000001318753, 5928408.300000000745058 ], [ 566522.310000000521541, 5928407.82600000500679 ], [ 566520.592000002041459, 5928404.75899999961257 ], [ 566523.048000000417233, 5928403.294000001624227 ], [ 566524.816999999806285, 5928406.368000000715256 ], [ 566525.841000000946224, 5928405.799000000581145 ], [ 566528.810999999754131, 5928408.792999999597669 ], [ 566528.859999999403954, 5928408.837999999523163 ], [ 566528.980999999679625, 5928408.928000001236796 ], [ 566529.082999999634922, 5928409.004999998956919 ], [ 566529.162999999709427, 5928409.063000004738569 ], [ 566529.303000001236796, 5928409.127999998629093 ] ], [ [ 566517.67200000025332, 5928384.717000000178814 ], [ 566518.029000001959503, 5928384.709000002592802 ], [ 566518.046999999321997, 5928385.628000002354383 ], [ 566517.690000000409782, 5928385.634999999776483 ], [ 566517.67200000025332, 5928384.717000000178814 ] ], [ [ 566497.802000002004206, 5928428.752000002190471 ], [ 566497.12599999923259, 5928429.152000000700355 ], [ 566496.768000002019107, 5928428.54700000025332 ], [ 566497.444000001996756, 5928428.146000001579523 ], [ 566497.802000002004206, 5928428.752000002190471 ] ], [ [ 566496.933999999426305, 5928427.341000001877546 ], [ 566497.31900000013411, 5928428.022000001743436 ], [ 566496.668000001460314, 5928428.390000002458692 ], [ 566496.283000000752509, 5928427.708999997004867 ], [ 566496.933999999426305, 5928427.341000001877546 ] ], [ [ 566526.93099999986589, 5928404.253000002354383 ], [ 566527.586000001057982, 5928404.235000001266599 ], [ 566527.70399999897927, 5928404.231000002473593 ], [ 566527.725999998860061, 5928405.023000001907349 ], [ 566526.95299999974668, 5928405.044000001624227 ], [ 566526.93099999986589, 5928404.253000002354383 ] ], [ [ 566527.558000001125038, 5928387.337000001221895 ], [ 566527.538000001572073, 5928386.513000003993511 ], [ 566528.337000000290573, 5928386.493000000715256 ], [ 566528.35700000077486, 5928387.317000003531575 ], [ 566527.558000001125038, 5928387.337000001221895 ] ], [ [ 566512.178999999538064, 5928399.068 ], [ 566512.253000001423061, 5928398.855000004172325 ], [ 566512.417000001296401, 5928398.701000003144145 ], [ 566512.67100000102073, 5928398.642000002786517 ], [ 566512.917000000365078, 5928398.726999998092651 ], [ 566513.065000000409782, 5928398.898000001907349 ], [ 566513.11600000038743, 5928399.118000000715256 ], [ 566513.040000001899898, 5928399.366999998688698 ], [ 566512.843000001274049, 5928399.537000000476837 ], [ 566512.621000000275671, 5928399.579000001773238 ], [ 566512.40500000026077, 5928399.513999998569489 ], [ 566512.228000000119209, 5928399.322999998927116 ], [ 566512.178999999538064, 5928399.068 ] ], [ [ 566526.735000000335276, 5928403.514000000432134 ], [ 566526.736999999731779, 5928402.717000003904104 ], [ 566527.569000001065433, 5928402.719000000506639 ], [ 566527.566000000573695, 5928403.517000002786517 ], [ 566526.735000000335276, 5928403.514000000432134 ] ], [ [ 566497.986000000499189, 5928428.745000004768372 ], [ 566498.459000000730157, 5928429.608000000938773 ], [ 566497.628000000491738, 5928430.063000001013279 ], [ 566497.15500000026077, 5928429.199999999254942 ], [ 566497.986000000499189, 5928428.745000004768372 ] ], [ [ 566506.619000000879169, 5928451.865000000223517 ], [ 566505.983000000938773, 5928452.238000001758337 ], [ 566505.326999999582767, 5928451.119000000879169 ], [ 566505.96299999859184, 5928450.745999999344349 ], [ 566506.619000000879169, 5928451.865000000223517 ] ], [ [ 566514.257999999448657, 5928450.510000001639128 ], [ 566514.053000000305474, 5928450.333999998867512 ], [ 566513.98100000154227, 5928450.197999998927116 ], [ 566513.949000000022352, 5928450.041000001132488 ], [ 566513.963000001385808, 5928449.881000000983477 ], [ 566514.018000001087785, 5928449.737000001594424 ], [ 566514.201000000350177, 5928449.539000002667308 ], [ 566514.455000000074506, 5928449.449999997392297 ], [ 566514.609000002034009, 5928449.456000000238419 ], [ 566514.761000000871718, 5928449.507000003010035 ], [ 566514.893000001087785, 5928449.598000001162291 ], [ 566514.990000000223517, 5928449.718000000342727 ], [ 566515.070000001229346, 5928449.975000001490116 ], [ 566515.019999999552965, 5928450.240000002086163 ], [ 566514.938000001944602, 5928450.370000002905726 ], [ 566514.81800000090152, 5928450.477 ], [ 566514.673000001348555, 5928450.545000001788139 ], [ 566514.520999999716878, 5928450.56900000013411 ], [ 566514.257999999448657, 5928450.510000001639128 ] ], [ [ 566500.929000000469387, 5928441.218000002205372 ], [ 566500.88399999961257, 5928441.061000000685453 ], [ 566500.88399999961257, 5928440.905000003054738 ], [ 566500.985999999567866, 5928440.651000002399087 ], [ 566501.19400000013411, 5928440.474000001326203 ], [ 566501.342000000178814, 5928440.424000000581145 ], [ 566501.504999999888241, 5928440.417000001296401 ], [ 566501.66300000064075, 5928440.456000000238419 ], [ 566501.798000001348555, 5928440.535000000149012 ], [ 566501.967000000178814, 5928440.749999998137355 ], [ 566502.015999999828637, 5928441.019000003114343 ], [ 566501.985000000335276, 5928441.172000002115965 ], [ 566501.910000000149012, 5928441.315999999642372 ], [ 566501.79700000025332, 5928441.43300000205636 ], [ 566501.662000002339482, 5928441.511 ], [ 566501.391000000759959, 5928441.550000004470348 ], [ 566501.133000001311302, 5928441.458000000566244 ], [ 566501.016000000759959, 5928441.35500000230968 ], [ 566500.929000000469387, 5928441.218000002205372 ] ], [ [ 566507.896000000648201, 5928407.873000003397465 ], [ 566508.166000001132488, 5928407.805000001564622 ], [ 566508.437000000849366, 5928407.871000001206994 ], [ 566508.565999999642372, 5928407.964000001549721 ], [ 566508.669000000692904, 5928408.094000002369285 ], [ 566508.731000000610948, 5928408.247000001370907 ], [ 566508.746999999508262, 5928408.406000001356006 ], [ 566508.671000000089407, 5928408.673000002279878 ], [ 566508.478000000119209, 5928408.875000001862645 ], [ 566508.333000000566244, 5928408.941000001505017 ], [ 566508.168999999761581, 5928408.965000003576279 ], [ 566508.004999999888241, 5928408.94200000166893 ], [ 566507.860000000335276, 5928408.876000002026558 ], [ 566507.666000001132488, 5928408.676000000908971 ], [ 566507.588000000454485, 5928408.409 ], [ 566507.604000000283122, 5928408.25 ], [ 566507.665000000037253, 5928408.096000000834465 ], [ 566507.767, 5928407.966000001877546 ], [ 566507.896000000648201, 5928407.873000003397465 ] ], [ [ 566490.601000001654029, 5928421.936000000685453 ], [ 566490.768000000156462, 5928421.94400000013411 ], [ 566490.926000001840293, 5928421.997999999672174 ], [ 566491.057000000029802, 5928422.091 ], [ 566491.21000000089407, 5928422.3260000012815 ], [ 566491.235999999567866, 5928422.605999998748302 ], [ 566491.190000000409782, 5928422.760000001639128 ], [ 566491.100000000558794, 5928422.901000002399087 ], [ 566490.973000000230968, 5928423.009999999776483 ], [ 566490.828000000678003, 5928423.077000001445413 ], [ 566490.54700000025332, 5928423.092000003904104 ], [ 566490.292000001296401, 5928422.973999999463558 ], [ 566490.182000000029802, 5928422.857999999076128 ], [ 566490.105000000447035, 5928422.709000000730157 ], [ 566490.074000000022352, 5928422.545 ], [ 566490.088000000454485, 5928422.385000003501773 ], [ 566490.216000000946224, 5928422.134999999776483 ], [ 566490.445000000298023, 5928421.973000001162291 ], [ 566490.601000001654029, 5928421.936000000685453 ] ], [ [ 566510.337000000290573, 5928407.493999999016523 ], [ 566510.2010000012815, 5928407.406999999657273 ], [ 566510.090000000782311, 5928407.281999999657273 ], [ 566510.018000000156462, 5928407.130000002682209 ], [ 566509.993000001646578, 5928406.97100000269711 ], [ 566510.054999998770654, 5928406.696000000461936 ], [ 566510.238000000827014, 5928406.480999998748302 ], [ 566510.381000000052154, 5928406.406000003218651 ], [ 566510.545000000856817, 5928406.372999999672174 ], [ 566510.713000001385808, 5928406.387000001966953 ], [ 566510.863000000827014, 5928406.445000002160668 ], [ 566511.070000000298023, 5928406.636000003665686 ], [ 566511.164000000804663, 5928406.901999998837709 ], [ 566511.157999999821186, 5928407.063000001013279 ], [ 566511.10500000230968, 5928407.222000000998378 ], [ 566511.009000000543892, 5928407.360000001266599 ], [ 566510.88399999961257, 5928407.461000001057982 ], [ 566510.614000000990927, 5928407.545000001788139 ], [ 566510.337000000290573, 5928407.493999999016523 ] ], [ [ 566505.644000000320375, 5928410.410000003874302 ], [ 566505.488000000827014, 5928410.370000002905726 ], [ 566505.25899999961257, 5928410.205000001937151 ], [ 566505.134000000543892, 5928409.951999999582767 ], [ 566505.121000001206994, 5928409.791000002995133 ], [ 566505.15400000102818, 5928409.627000002190471 ], [ 566505.233, 5928409.479000000283122 ], [ 566505.34499999973923, 5928409.362999998033047 ], [ 566505.603000001050532, 5928409.247000001370907 ], [ 566505.885000000707805, 5928409.265000002458692 ], [ 566506.029999999329448, 5928409.335000002756715 ], [ 566506.155999999493361, 5928409.446000002324581 ], [ 566506.245000000111759, 5928409.587999997660518 ], [ 566506.28899999987334, 5928409.743000002577901 ], [ 566506.259999999776483, 5928410.024000002071261 ], [ 566506.104000001214445, 5928410.259000001475215 ], [ 566505.971000000834465, 5928410.351000001654029 ], [ 566505.812000000849366, 5928410.40400000102818 ], [ 566505.644000000320375, 5928410.410000003874302 ] ], [ [ 566503.15300000179559, 5928410.684000002220273 ], [ 566503.437000000849366, 5928410.686000000685453 ], [ 566503.587000000290573, 5928410.747000005096197 ], [ 566503.719000002369285, 5928410.852000003680587 ], [ 566503.817000000737607, 5928410.990000000223517 ], [ 566503.870000000111759, 5928411.14300000295043 ], [ 566503.85700000077486, 5928411.425999999046326 ], [ 566503.713000000454485, 5928411.671 ], [ 566503.58500000089407, 5928411.77000000141561 ], [ 566503.428000000305474, 5928411.832000002264977 ], [ 566503.260000000707805, 5928411.848000001162291 ], [ 566503.101000000722706, 5928411.816999999806285 ], [ 566502.861999999731779, 5928411.664000002667308 ], [ 566502.722000000998378, 5928411.417999999597669 ], [ 566502.700000001117587, 5928411.257000001147389 ], [ 566502.724999999627471, 5928411.090000001713634 ], [ 566502.795000001788139, 5928410.936999998986721 ], [ 566502.900999999605119, 5928410.814000001177192 ], [ 566503.15300000179559, 5928410.684000002220273 ] ], [ [ 566500.766000000759959, 5928412.056000001728535 ], [ 566501.049000000581145, 5928412.087000001221895 ], [ 566501.192000000737607, 5928412.163000002503395 ], [ 566501.314000001177192, 5928412.281000001356006 ], [ 566501.396999999880791, 5928412.428000001236796 ], [ 566501.435000000521541, 5928412.586000001057982 ], [ 566501.393000000156462, 5928412.866999998688698 ], [ 566501.225000000558794, 5928413.096999999135733 ], [ 566501.087000001221895, 5928413.183000000193715 ], [ 566500.925000000745058, 5928413.229000002145767 ], [ 566500.755000000819564, 5928413.228000001981854 ], [ 566500.600000000558794, 5928413.18099999986589 ], [ 566500.377000000327826, 5928413.004999998956919 ], [ 566500.262000000104308, 5928412.743999999016523 ], [ 566500.256000000983477, 5928412.582000000402331 ], [ 566500.298000001348555, 5928412.417999999597669 ], [ 566500.38300000037998, 5928412.271999999880791 ], [ 566500.502000002190471, 5928412.161000000312924 ], [ 566500.766000000759959, 5928412.056000001728535 ] ], [ [ 566485.473000001162291, 5928422.471000000834465 ], [ 566485.225000000558794, 5928422.329 ], [ 566485.124000001698732, 5928422.200999999418855 ], [ 566485.060000001452863, 5928422.043000001460314 ], [ 566485.042999999597669, 5928421.873999999836087 ], [ 566485.072000000625849, 5928421.713999999687076 ], [ 566485.224000002257526, 5928421.472000000998378 ], [ 566485.471000001765788, 5928421.328000001609325 ], [ 566485.63300000037998, 5928421.305000001564622 ], [ 566485.800999999977648, 5928421.328000001609325 ], [ 566485.956000000238419, 5928421.398000001907349 ], [ 566486.081000002101064, 5928421.503000000491738 ], [ 566486.213999999687076, 5928421.756000000983477 ], [ 566486.215000000782311, 5928422.041999999433756 ], [ 566486.153999999165535, 5928422.193000001832843 ], [ 566486.049999999813735, 5928422.32799999974668 ], [ 566485.912000000476837, 5928422.427000001072884 ], [ 566485.759000000543892, 5928422.482000002637506 ], [ 566485.473000001162291, 5928422.471000000834465 ] ], [ [ 566512.834999999962747, 5928451.551000000908971 ], [ 566512.67200000025332, 5928451.531999999657273 ], [ 566512.419999999925494, 5928451.395999999716878 ], [ 566512.260000001639128, 5928451.156999999657273 ], [ 566512.226000000722706, 5928450.997000003233552 ], [ 566512.238000001758337, 5928450.827000001445413 ], [ 566512.297000001184642, 5928450.666999999433756 ], [ 566512.394999999552965, 5928450.53600000217557 ], [ 566512.639000000432134, 5928450.385000001639128 ], [ 566512.925000001676381, 5928450.36600000038743 ], [ 566513.081000000238419, 5928450.417000001296401 ], [ 566513.222000000067055, 5928450.512000000104308 ], [ 566513.331000001169741, 5928450.644000003114343 ], [ 566513.395999999716878, 5928450.793999999761581 ], [ 566513.40400000102818, 5928451.081000003963709 ], [ 566513.278000000864267, 5928451.337999999523163 ], [ 566513.156000000424683, 5928451.447999998927116 ], [ 566513.003000002354383, 5928451.522000001743436 ], [ 566512.834999999962747, 5928451.551000000908971 ] ], [ [ 566497.961000001989305, 5928414.417000001296401 ], [ 566497.845000000670552, 5928414.153999999165535 ], [ 566497.839000001549721, 5928413.990000000223517 ], [ 566497.881000000983477, 5928413.824000000953674 ], [ 566497.967000001110137, 5928413.676999999210238 ], [ 566498.087000002153218, 5928413.564000001177192 ], [ 566498.354000001214445, 5928413.458000002428889 ], [ 566498.640000000596046, 5928413.488000001758337 ], [ 566498.785000002011657, 5928413.56500000320375 ], [ 566498.908000000752509, 5928413.684000002220273 ], [ 566498.992000000551343, 5928413.833000000566244 ], [ 566499.030000001192093, 5928413.993000002577901 ], [ 566498.988000001758337, 5928414.276999998837709 ], [ 566498.81900000013411, 5928414.509000001475215 ], [ 566498.680000000633299, 5928414.597000000998378 ], [ 566498.515000001527369, 5928414.644000003114343 ], [ 566498.344000000506639, 5928414.642000000923872 ], [ 566498.186999999918044, 5928414.594999998807907 ], [ 566497.961000001989305, 5928414.417000001296401 ] ], [ [ 566497.28800000064075, 5928435.070000002160668 ], [ 566497.244000000879169, 5928434.903000002726912 ], [ 566497.24900000076741, 5928434.736999999731779 ], [ 566497.364000000990927, 5928434.472000000998378 ], [ 566497.589000000618398, 5928434.28999999910593 ], [ 566497.748000000603497, 5928434.242000000551343 ], [ 566497.920000000856817, 5928434.23900000192225 ], [ 566498.086000001057982, 5928434.285000003874302 ], [ 566498.226999999955297, 5928434.371000001206994 ], [ 566498.399000000208616, 5928434.604000000283122 ], [ 566498.444000001065433, 5928434.890000002458692 ], [ 566498.406999998725951, 5928435.051000000908971 ], [ 566498.323000001721084, 5928435.202000001445413 ], [ 566498.200000000186265, 5928435.322000002488494 ], [ 566498.055000000633299, 5928435.401000000536442 ], [ 566497.767, 5928435.435000000521541 ], [ 566497.496999999508262, 5928435.33 ], [ 566497.376000000163913, 5928435.217000002041459 ], [ 566497.28800000064075, 5928435.070000002160668 ] ], [ [ 566493.69200000166893, 5928428.955000001937151 ], [ 566493.631000000052154, 5928428.800999999046326 ], [ 566493.632000001147389, 5928428.509999999776483 ], [ 566493.768000000156462, 5928428.254000004380941 ], [ 566493.89500000141561, 5928428.146000001579523 ], [ 566494.053000000305474, 5928428.076000003144145 ], [ 566494.224000000394881, 5928428.053000001236796 ], [ 566494.388000001199543, 5928428.076999999582767 ], [ 566494.639999999664724, 5928428.223000003024936 ], [ 566494.794000000692904, 5928428.469999998807907 ], [ 566494.823000000789762, 5928428.633000003173947 ], [ 566494.805000000633299, 5928428.805000001564622 ], [ 566494.740000000223517, 5928428.964999999850988 ], [ 566494.637000001035631, 5928429.095000000670552 ], [ 566494.38399999961257, 5928429.238999998196959 ], [ 566494.094000001437962, 5928429.250000001862645 ], [ 566493.938000000081956, 5928429.193000001832843 ], [ 566493.798000001348555, 5928429.092000002041459 ], [ 566493.69200000166893, 5928428.955000001937151 ] ], [ [ 566516.190999999642372, 5928391.184000004082918 ], [ 566516.088000000454485, 5928391.323000000789762 ], [ 566515.955000000074506, 5928391.425000000745058 ], [ 566515.673999999649823, 5928391.503000000491738 ], [ 566515.388000001199543, 5928391.440999999642372 ], [ 566515.25, 5928391.346999999135733 ], [ 566515.139000001363456, 5928391.214000001549721 ], [ 566515.070000001229346, 5928391.054000001400709 ], [ 566515.048999999649823, 5928390.889000000432134 ], [ 566515.122000000439584, 5928390.606000000610948 ], [ 566515.318000001832843, 5928390.390000000596046 ], [ 566515.468000001274049, 5928390.31700000166893 ], [ 566515.639000000432134, 5928390.287000004202127 ], [ 566515.812000000849366, 5928390.307000001892447 ], [ 566515.966000000014901, 5928390.372000005096197 ], [ 566516.174000000581145, 5928390.5760000012815 ], [ 566516.263000001199543, 5928390.854000000283122 ], [ 566516.251000000163913, 5928391.020999999716878 ], [ 566516.190999999642372, 5928391.184000004082918 ] ], [ [ 566511.46999999973923, 5928452.428999999538064 ], [ 566511.316000000573695, 5928452.495000002905726 ], [ 566511.143000000156462, 5928452.517000002786517 ], [ 566510.9720000019297, 5928452.48900000192225 ], [ 566510.820000002160668, 5928452.416999999433756 ], [ 566510.621000002138317, 5928452.203000003471971 ], [ 566510.545000000856817, 5928451.920000001788139 ], [ 566510.565000001341105, 5928451.754000000655651 ], [ 566510.632000002078712, 5928451.59400000423193 ], [ 566510.742999999783933, 5928451.459000000730157 ], [ 566510.879999999888241, 5928451.363999998196959 ], [ 566511.165000000037253, 5928451.299000000581145 ], [ 566511.447999999858439, 5928451.373999999836087 ], [ 566511.582000001333654, 5928451.473999997600913 ], [ 566511.687000000849366, 5928451.612999999895692 ], [ 566511.74900000076741, 5928451.776000000536442 ], [ 566511.762000000104308, 5928451.943 ], [ 566511.676000000908971, 5928452.221999999135733 ], [ 566511.46999999973923, 5928452.428999999538064 ] ], [ [ 566519.747999999672174, 5928411.452000001445413 ], [ 566519.946000000461936, 5928411.236000003293157 ], [ 566520.098000000230968, 5928411.164000000804663 ], [ 566520.270000000484288, 5928411.134999999776483 ], [ 566520.44300000090152, 5928411.156000001356006 ], [ 566520.597000000067055, 5928411.222000002861023 ], [ 566520.805000000633299, 5928411.429000001400709 ], [ 566520.893000000156462, 5928411.708999998867512 ], [ 566520.879999999888241, 5928411.876000002026558 ], [ 566520.819000001065433, 5928412.039999997243285 ], [ 566520.713999999687076, 5928412.178999999538064 ], [ 566520.580000001005828, 5928412.280000003054738 ], [ 566520.29700000025332, 5928412.35700000077486 ], [ 566520.010000000707805, 5928412.292000003159046 ], [ 566519.871999999508262, 5928412.198000000789762 ], [ 566519.761000001803041, 5928412.063000002875924 ], [ 566519.692999999970198, 5928411.902000000700355 ], [ 566519.672000001184642, 5928411.735999999567866 ], [ 566519.747999999672174, 5928411.452000001445413 ] ], [ [ 566524.263000000268221, 5928390.850000001490116 ], [ 566524.32799999974668, 5928390.564000001177192 ], [ 566524.423000001348555, 5928390.426000000908971 ], [ 566524.559000000357628, 5928390.315000001341105 ], [ 566524.719000001437962, 5928390.247999999672174 ], [ 566524.886000000871718, 5928390.228000001981854 ], [ 566525.169000000692904, 5928390.304000003263354 ], [ 566525.385000000707805, 5928390.504000004380941 ], [ 566525.456000000238419, 5928390.656000001356006 ], [ 566525.484000000171363, 5928390.828000001609325 ], [ 566525.463000001385808, 5928391.001000002026558 ], [ 566525.396000000648201, 5928391.155000001192093 ], [ 566525.189000001177192, 5928391.363000001758337 ], [ 566524.908000000752509, 5928391.449000002816319 ], [ 566524.741000001318753, 5928391.434999998658895 ], [ 566524.57799999974668, 5928391.373999999836087 ], [ 566524.439000000245869, 5928391.26799999922514 ], [ 566524.338000000454485, 5928391.134000001475215 ], [ 566524.263000000268221, 5928390.850000001490116 ] ], [ [ 566517.887999999336898, 5928408.517000000923872 ], [ 566517.96100000012666, 5928408.35500000230968 ], [ 566518.073000001721084, 5928408.225000001490116 ], [ 566518.338999999687076, 5928408.085999999195337 ], [ 566518.638000001199543, 5928408.085999999195337 ], [ 566518.797000001184642, 5928408.150000000372529 ], [ 566518.938000000081956, 5928408.259999999776483 ], [ 566519.041000002063811, 5928408.405000004917383 ], [ 566519.098000001162291, 5928408.567000003531575 ], [ 566519.08600000012666, 5928408.866999998688698 ], [ 566518.935000001452863, 5928409.126000000163913 ], [ 566518.799999998882413, 5928409.230999998748302 ], [ 566518.634999999776483, 5928409.298000000417233 ], [ 566518.457999999634922, 5928409.31500000320375 ], [ 566518.289000000804663, 5928409.284 ], [ 566518.035999999381602, 5928409.12300000153482 ], [ 566517.887000001035631, 5928408.863000001758337 ], [ 566517.863000001758337, 5928408.694000001996756 ], [ 566517.887999999336898, 5928408.517000000923872 ] ], [ [ 566516.974999999627471, 5928391.872000001370907 ], [ 566518.541000001132488, 5928391.859999999403954 ], [ 566518.568000001832843, 5928395.438000002875924 ], [ 566517.003000000491738, 5928395.450000001117587 ], [ 566516.974999999627471, 5928391.872000001370907 ] ] ] } },
{ "type": "Feature", "properties": { "gebaeude_id": "DEHHALKAJ0000wuq", "dachneig": 0.0, "dachfl_2d": 205.931, "dachfl_3d": 205.931, "area_m2": 205.9 }, "geometry": { "type": "Polygon", "coordinates": [ [ [ 566533.321000000461936, 5928380.930000001564622 ], [ 566533.19200000166893, 5928364.182 ], [ 566518.413000001572073, 5928364.236000001430511 ], [ 566518.506000000983477, 5928381.026000000536442 ], [ 566533.321000000461936, 5928380.930000001564622 ] ], [ [ 566531.30900000128895, 5928371.77000000141561 ], [ 566531.300000000745058, 5928376.252000002190471 ], [ 566528.169000000692904, 5928376.246000001206994 ], [ 566528.178000000305474, 5928371.764000000432134 ], [ 566531.30900000128895, 5928371.77000000141561 ] ], [ [ 566526.230000001378357, 5928372.258000003173947 ], [ 566526.208999999798834, 5928376.977000003680587 ], [ 566520.239000000059605, 5928376.951000003144145 ], [ 566520.259000000543892, 5928372.232000004500151 ], [ 566526.230000001378357, 5928372.258000003173947 ] ] ] } },
{ "type": "Feature", "properties": { "gebaeude_id": "20211007143813_10", "dachneig": 5.876, "dachfl_2d": 14.86, "dachfl_3d": 14.938, "area_m2": 14.9 }, "geometry": { "type": "Polygon", "coordinates": [ [ [ 566295.62400000076741, 5928404.206000003963709 ], [ 566299.211000001989305, 5928400.552000002935529 ], [ 566297.140000000596046, 5928398.519000003114343 ], [ 566293.553000002168119, 5928402.173000002279878 ], [ 566295.62400000076741, 5928404.206000003963709 ] ] ] } },
{ "type": "Feature", "properties": { "gebaeude_id": "DEHHALKAJ0000wbP", "dachneig": 0.729, "dachfl_2d": 940.189, "dachfl_3d": 940.49, "area_m2": 940.2 }, "geometry": { "type": "Polygon", "coordinates": [ [ [ 566626.154000000096858, 5928728.82799999974668 ], [ 566625.091000000014901, 5928735.634000001475215 ], [ 566633.138000000268221, 5928736.925000002607703 ], [ 566645.092000001110137, 5928738.843000002205372 ], [ 566645.416000000201166, 5928738.89500000141561 ], [ 566646.314000001177192, 5928732.147000001743436 ], [ 566646.327000001445413, 5928732.061999998986721 ], [ 566646.340000000782311, 5928731.978000000119209 ], [ 566646.166000001132488, 5928731.949999999254942 ], [ 566646.375000000931323, 5928730.627999996766448 ], [ 566642.423999999649823, 5928730.001000002026558 ], [ 566645.673000001348555, 5928709.528000002726912 ], [ 566649.625000000931323, 5928710.155000001192093 ], [ 566649.670000001788139, 5928709.872000001370907 ], [ 566650.730000000447035, 5928710.041000002995133 ], [ 566652.511000000871718, 5928698.758000001311302 ], [ 566639.575000001117587, 5928696.740000002086163 ], [ 566626.07700000051409, 5928694.63399999961257 ], [ 566622.964000000618398, 5928714.000000001862645 ], [ 566620.717000000178814, 5928727.980000000447035 ], [ 566626.154000000096858, 5928728.82799999974668 ] ] ] } },
{ "type": "Feature", "properties": { "gebaeude_id": "DEHHALKAJ0000xRC", "dachneig": 16.138, "dachfl_2d": 156.732, "dachfl_3d": 162.93, "area_m2": 156.7 }, "geometry": { "type": "Polygon", "coordinates": [ [ [ 566656.621000001206994, 5928715.333000000566244 ], [ 566656.233, 5928717.72100000269711 ], [ 566655.928000000305474, 5928719.598000001162291 ], [ 566691.093000000342727, 5928725.22999999858439 ], [ 566691.777999999932945, 5928720.906000001356006 ], [ 566685.338000000454485, 5928719.778000000864267 ], [ 566685.190999999642372, 5928719.756000000983477 ], [ 566656.621000001206994, 5928715.333000000566244 ] ] ] } },
{ "type": "Feature", "properties": { "gebaeude_id": "DEHHALKAJ0000xRC", "dachneig": 4.765, "dachfl_2d": 170.346, "dachfl_3d": 170.941, "area_m2": 170.3 }, "geometry": { "type": "Polygon", "coordinates": [ [ [ 566655.158000000752509, 5928724.334000000730157 ], [ 566690.348000002093613, 5928729.937000000849366 ], [ 566691.093000000342727, 5928725.22999999858439 ], [ 566655.928000000305474, 5928719.598000001162291 ], [ 566655.158000000752509, 5928724.334000000730157 ] ] ] } },
{ "type": "Feature", "properties": { "gebaeude_id": "DEHHALKAJ0000xRC", "dachneig": 16.148, "dachfl_2d": 185.039, "dachfl_3d": 192.801, "area_m2": 185.0 }, "geometry": { "type": "Polygon", "coordinates": [ [ [ 566646.340000000782311, 5928731.978000000119209 ], [ 566688.935999999754131, 5928738.859000001102686 ], [ 566689.611000000499189, 5928734.595000000670552 ], [ 566646.828000000678003, 5928727.777000000700355 ], [ 566646.166000001132488, 5928731.949999999254942 ], [ 566646.340000000782311, 5928731.978000000119209 ] ] ] } },
{ "type": "Feature", "properties": { "gebaeude_id": "DEHHALKAJ0000xRC", "dachneig": 4.848, "dachfl_2d": 185.976, "dachfl_3d": 186.646, "area_m2": 186.0 }, "geometry": { "type": "Polygon", "coordinates": [ [ [ 566690.348000002093613, 5928729.937000000849366 ], [ 566655.158000000752509, 5928724.334000000730157 ], [ 566654.775999999605119, 5928726.684000000357628 ], [ 566647.725000000558794, 5928725.537999998778105 ], [ 566647.197000000625849, 5928725.454000001773238 ], [ 566646.828000000678003, 5928727.777000000700355 ], [ 566689.611000000499189, 5928734.595000000670552 ], [ 566690.348000002093613, 5928729.937000000849366 ] ] ] } },
{ "type": "Feature", "properties": { "gebaeude_id": "DEHHALKAJ0000xRC", "dachneig": 0.0, "dachfl_2d": 60.465, "dachfl_3d": 60.465, "area_m2": 60.5 }, "geometry": { "type": "Polygon", "coordinates": [ [ [ 566650.39299999922514, 5928710.622000005096197 ], [ 566650.098000001162291, 5928710.576000003144145 ], [ 566647.821000001393259, 5928724.928000003099442 ], [ 566654.293000000528991, 5928725.96000000089407 ], [ 566656.517000001855195, 5928711.596999999135733 ], [ 566656.517000001855195, 5928711.594000000506639 ], [ 566650.39299999922514, 5928710.622000005096197 ] ], [ [ 566653.083000000566244, 5928725.013000003993511 ], [ 566653.123000000603497, 5928724.734999999403954 ], [ 566653.99199999962002, 5928724.860000001266599 ], [ 566653.953000000678003, 5928725.138000000268221 ], [ 566653.083000000566244, 5928725.013000003993511 ] ], [ [ 566652.458999999798834, 5928719.842000002041459 ], [ 566653.333999999798834, 5928719.958000004291534 ], [ 566653.292000000365078, 5928720.271999999880791 ], [ 566652.416999999433756, 5928720.156000003218651 ], [ 566652.458999999798834, 5928719.842000002041459 ] ], [ [ 566651.83500000089407, 5928719.722000000998378 ], [ 566652.074000001884997, 5928719.759999999776483 ], [ 566652.020999999716878, 5928720.098999999463558 ], [ 566651.185999999754131, 5928719.968000000342727 ], [ 566651.23900000192225, 5928719.629000000655651 ], [ 566651.83500000089407, 5928719.722000000998378 ] ], [ [ 566651.388000000268221, 5928721.844999998807907 ], [ 566652.262000001966953, 5928721.999000003561378 ], [ 566652.118000001646578, 5928722.818 ], [ 566651.243999999947846, 5928722.664000000804663 ], [ 566651.388000000268221, 5928721.844999998807907 ] ], [ [ 566654.064000001177192, 5928719.052999999374151 ], [ 566654.336000001057982, 5928717.234000001102686 ], [ 566655.169999999925494, 5928717.358000000938773 ], [ 566654.899000001139939, 5928719.178000001236796 ], [ 566654.064000001177192, 5928719.052999999374151 ] ], [ [ 566651.241000001318753, 5928724.061999997124076 ], [ 566651.402999999932945, 5928723.018000001087785 ], [ 566654.221000000834465, 5928723.454 ], [ 566654.059000000357628, 5928724.499000001698732 ], [ 566654.052000000141561, 5928724.49800000153482 ], [ 566651.241000001318753, 5928724.061999997124076 ] ], [ [ 566654.656000000424683, 5928720.768000001087785 ], [ 566654.467000002041459, 5928721.971999997273088 ], [ 566651.554000000469387, 5928721.514000000432134 ], [ 566651.742999999783933, 5928720.310000002384186 ], [ 566651.981999999843538, 5928720.347999999299645 ], [ 566654.656000000424683, 5928720.768000001087785 ] ], [ [ 566648.481000000610948, 5928721.657000001519918 ], [ 566648.783000000752509, 5928719.537999998778105 ], [ 566651.079999999143183, 5928719.865000003948808 ], [ 566650.777999999932945, 5928721.985000003129244 ], [ 566648.481000000610948, 5928721.657000001519918 ] ], [ [ 566655.913999998942018, 5928713.195000002160668 ], [ 566650.129000000655651, 5928712.239 ], [ 566650.304999999701977, 5928711.173000002279878 ], [ 566656.090000000782311, 5928712.127999998629093 ], [ 566655.913999998942018, 5928713.195000002160668 ] ], [ [ 566649.733, 5928714.925000002607703 ], [ 566649.906999999657273, 5928713.819000001996756 ], [ 566655.721000000834465, 5928714.734999999403954 ], [ 566655.547000001184642, 5928715.841 ], [ 566649.733, 5928714.925000002607703 ] ], [ [ 566649.067999999970198, 5928718.658000003546476 ], [ 566649.405000001192093, 5928716.488000001758337 ], [ 566652.46000000089407, 5928716.96200000308454 ], [ 566652.12400000076741, 5928719.131999999284744 ], [ 566649.067999999970198, 5928718.658000003546476 ] ] ] } },
{ "type": "Feature", "properties": { "gebaeude_id": "20211007143813_26", "dachneig": 0.943, "dachfl_2d": 87.24, "dachfl_3d": 87.252, "area_m2": 87.2 }, "geometry": { "type": "Polygon", "coordinates": [ [ [ 566674.424999999813735, 5928822.119000000879169 ], [ 566660.167000001296401, 5928819.485000001266599 ], [ 566658.949000000953674, 5928825.308000000193715 ], [ 566673.213000000454485, 5928828.071000000461936 ], [ 566674.424999999813735, 5928822.119000000879169 ] ] ] } },
{ "type": "Feature", "properties": { "gebaeude_id": "20211007143813_33", "dachneig": 0.0, "dachfl_2d": 14.857, "dachfl_3d": 14.857, "area_m2": 14.9 }, "geometry": { "type": "Polygon", "coordinates": [ [ [ 566677.190000001341105, 5928917.306000001728535 ], [ 566677.154000000096858, 5928923.348999999463558 ], [ 566679.612999999895692, 5928923.363000001758337 ], [ 566679.648000000044703, 5928917.320000002160668 ], [ 566677.190000001341105, 5928917.306000001728535 ] ] ] } },
{ "type": "Feature", "properties": { "gebaeude_id": "20211007143813_78", "dachneig": 0.0, "dachfl_2d": 29.557, "dachfl_3d": 29.557, "area_m2": 29.6 }, "geometry": { "type": "Polygon", "coordinates": [ [ [ 566677.154000000096858, 5928923.348999999463558 ], [ 566677.190000001341105, 5928917.306000001728535 ], [ 566672.298999999649823, 5928917.277000000700355 ], [ 566672.263000001199543, 5928923.320000002160668 ], [ 566677.154000000096858, 5928923.348999999463558 ] ] ] } },
{ "type": "Feature", "properties": { "gebaeude_id": "DEHHALKAJ0000wVY", "dachneig": 0.243, "dachfl_2d": 2038.894, "dachfl_3d": 2038.905, "area_m2": 2038.9 }, "geometry": { "type": "Polygon", "coordinates": [ [ [ 566624.140999999828637, 5928767.530999999493361 ], [ 566623.996000001206994, 5928767.508000003173947 ], [ 566623.083000000566244, 5928773.225000001490116 ], [ 566623.035000001080334, 5928773.526000002399087 ], [ 566621.27000000141561, 5928784.5760000012815 ], [ 566618.579000000841916, 5928801.423000002279878 ], [ 566678.295000000856817, 5928810.92 ], [ 566680.946000001393259, 5928794.253000000491738 ], [ 566683.674000000581145, 5928777.098000003024936 ], [ 566683.683000000193715, 5928777.041000004857779 ], [ 566683.609000002034009, 5928777.02900000102818 ], [ 566624.140999999828637, 5928767.530999999493361 ] ], [ [ 566667.334000000730157, 5928787.613000001758337 ], [ 566666.951999999582767, 5928789.951999999582767 ], [ 566665.840999999083579, 5928789.770000003278255 ], [ 566666.223000001162291, 5928787.431000001728535 ], [ 566667.334000000730157, 5928787.613000001758337 ] ], [ [ 566667.609000000171363, 5928778.430000001564622 ], [ 566668.021000000648201, 5928776.161000004038215 ], [ 566669.187000000849366, 5928776.373999999836087 ], [ 566668.775000001303852, 5928778.642000000923872 ], [ 566667.609000000171363, 5928778.430000001564622 ] ], [ [ 566647.765000000596046, 5928792.738000001758337 ], [ 566646.621000001206994, 5928792.564999999478459 ], [ 566646.976000000722706, 5928790.217000003904104 ], [ 566648.120000000111759, 5928790.390000004321337 ], [ 566647.765000000596046, 5928792.738000001758337 ] ], [ [ 566632.900999999605119, 5928772.717000002041459 ], [ 566632.860999999567866, 5928772.94000000320375 ], [ 566631.692999999970198, 5928772.730999998748302 ], [ 566631.811000000685453, 5928772.072000002488494 ], [ 566632.101999999955297, 5928770.445000000298023 ], [ 566633.269999999552965, 5928770.654000002890825 ], [ 566632.900999999605119, 5928772.717000002041459 ] ], [ [ 566665.183000000193715, 5928801.38399999961257 ], [ 566664.040000000968575, 5928801.186000000685453 ], [ 566664.446999999694526, 5928798.833000002428889 ], [ 566665.591000000946224, 5928799.031000001356006 ], [ 566665.183000000193715, 5928801.38399999961257 ] ], [ [ 566628.412000000476837, 5928793.156999999657273 ], [ 566629.566000000573695, 5928793.337999999523163 ], [ 566629.197999999858439, 5928795.686000002548099 ], [ 566628.044000000692904, 5928795.505000002682209 ], [ 566628.412000000476837, 5928793.156999999657273 ] ], [ [ 566645.188000000081956, 5928801.530000003054738 ], [ 566646.373000000603497, 5928801.745999999344349 ], [ 566645.95399999897927, 5928804.046000001952052 ], [ 566644.769000001251698, 5928803.830000001937151 ], [ 566645.188000000081956, 5928801.530000003054738 ] ], [ [ 566648.434000000357628, 5928781.150000004097819 ], [ 566648.805000000633299, 5928778.751000000163913 ], [ 566649.953999999910593, 5928778.927999999374151 ], [ 566649.583000000566244, 5928781.326999999582767 ], [ 566648.434000000357628, 5928781.150000004097819 ] ], [ [ 566630.207999999634922, 5928781.70299999974668 ], [ 566631.424000000581145, 5928781.904000002890825 ], [ 566631.042999999597669, 5928784.21000000089407 ], [ 566629.827000001445413, 5928784.008000003173947 ], [ 566630.207999999634922, 5928781.70299999974668 ] ], [ [ 566666.065000000409782, 5928790.725999999791384 ], [ 566666.803000000305474, 5928790.857000002637506 ], [ 566666.786000001244247, 5928791.098000001162291 ], [ 566667.252000001259148, 5928791.173000000417233 ], [ 566667.128000000491738, 5928792.012000000104308 ], [ 566667.02900000102818, 5928792.677999997511506 ], [ 566665.082999999634922, 5928792.342999998480082 ], [ 566664.889000002294779, 5928791.649000003933907 ], [ 566664.875000000931323, 5928791.647000001743436 ], [ 566664.879999999888241, 5928791.618000002577901 ], [ 566664.967000000178814, 5928791.118000002577901 ], [ 566665.265000000596046, 5928790.583000002428889 ], [ 566666.058000000193715, 5928790.724000001326203 ], [ 566666.065000000409782, 5928790.725999999791384 ] ], [ [ 566667.221000000834465, 5928779.0760000012815 ], [ 566668.643000000156462, 5928779.343000000342727 ], [ 566668.688000001013279, 5928779.352 ], [ 566668.633000001311302, 5928779.585999999195337 ], [ 566669.150000001303852, 5928779.713000003248453 ], [ 566668.866000002250075, 5928781.20299999974668 ], [ 566666.983000001870096, 5928780.843000002205372 ], [ 566666.715000000782311, 5928780.16499999910593 ], [ 566666.807000000029802, 5928779.676000000908971 ], [ 566667.221000000834465, 5928779.0760000012815 ] ], [ [ 566667.610000001266599, 5928804.425000000745058 ], [ 566665.71000000089407, 5928804.097999999299645 ], [ 566665.423000001348555, 5928803.41300000064075 ], [ 566665.523000000044703, 5928802.849000001326203 ], [ 566665.844000000506639, 5928802.680000001564622 ], [ 566665.929999999701977, 5928802.285000003874302 ], [ 566667.385000001639128, 5928802.521000001579523 ], [ 566667.329000000841916, 5928802.837999999523163 ], [ 566667.81800000090152, 5928802.934999998658895 ], [ 566667.610000001266599, 5928804.425000000745058 ] ] ] } },
{ "type": "Feature", "properties": { "gebaeude_id": "DEHHALKAJ0000wVY", "dachneig": 0.0, "dachfl_2d": 266.876, "dachfl_3d": 266.876, "area_m2": 266.9 }, "geometry": { "type": "Polygon", "coordinates": [ [ [ 566618.992999999783933, 5928797.523 ], [ 566620.123999999836087, 5928790.443 ], [ 566621.06700000166893, 5928784.542999997735023 ], [ 566622.839999999850988, 5928773.44200000166893 ], [ 566612.708000000566244, 5928771.810000000521541 ], [ 566611.135999999940395, 5928781.565999999642372 ], [ 566608.923000000417233, 5928781.209000000730157 ], [ 566605.704000000841916, 5928782.295 ], [ 566606.977999999187887, 5928785.583000000566244 ], [ 566610.422000001184642, 5928786.138000002130866 ], [ 566608.851000001654029, 5928795.888000000268221 ], [ 566618.992999999783933, 5928797.523 ] ], [ [ 566619.239000000990927, 5928779.844000000506639 ], [ 566619.442000000737607, 5928778.68099999986589 ], [ 566620.587000001221895, 5928778.881000000983477 ], [ 566620.384000001475215, 5928780.044000001624227 ], [ 566619.239000000990927, 5928779.844000000506639 ] ], [ [ 566617.42100000102073, 5928791.303999999538064 ], [ 566617.606000000610948, 5928790.130000000819564 ], [ 566618.755000000819564, 5928790.309999998658895 ], [ 566618.570000001229346, 5928791.484999999403954 ], [ 566617.42100000102073, 5928791.303999999538064 ] ] ] } },
{ "type": "Feature", "properties": { "gebaeude_id": "DEHHALKAJ0000wVY", "dachneig": 0.0, "dachfl_2d": 178.94, "dachfl_3d": 178.94, "area_m2": 178.9 }, "geometry": { "type": "Polygon", "coordinates": [ [ [ 566623.724000000394881, 5928802.375 ], [ 566623.084000001661479, 5928806.398000001907349 ], [ 566666.662000000476837, 5928813.329 ], [ 566667.302000000141561, 5928809.305000001564622 ], [ 566623.724000000394881, 5928802.375 ] ], [ [ 566649.996999999508262, 5928807.737999999895692 ], [ 566649.019000000320375, 5928807.592000003904104 ], [ 566649.07799999974668, 5928807.193000001832843 ], [ 566650.05699999909848, 5928807.339000001549721 ], [ 566649.996999999508262, 5928807.737999999895692 ] ], [ [ 566653.211000001057982, 5928807.800000004470348 ], [ 566654.157999999821186, 5928807.958999998867512 ], [ 566654.082999999634922, 5928808.403000000864267 ], [ 566653.136000000871718, 5928808.244000000879169 ], [ 566653.211000001057982, 5928807.800000004470348 ] ] ] } },
{ "type": "Feature", "properties": { "gebaeude_id": "DEHHALKAJ0000wmE", "dachneig": 12.531, "dachfl_2d": 223.15, "dachfl_3d": 228.958, "area_m2": 223.1 }, "geometry": { "type": "Polygon", "coordinates": [ [ [ 566549.922000002115965, 5928921.699999999254942 ], [ 566558.213999999687076, 5928921.474999999627471 ], [ 566558.178000001236796, 5928920.380000000819564 ], [ 566559.101000000722706, 5928920.350000001490116 ], [ 566559.121999999508262, 5928921.009000001475215 ], [ 566568.44400000013411, 5928903.231000000610948 ], [ 566568.209000001661479, 5928903.235000001266599 ], [ 566559.10600000154227, 5928903.414000002667308 ], [ 566559.099999999627471, 5928903.149000003933907 ], [ 566559.099999999627471, 5928903.144999999552965 ], [ 566568.587000001221895, 5928902.958999998867512 ], [ 566568.410000001080334, 5928894.940000005066395 ], [ 566568.036000000312924, 5928894.950000001117587 ], [ 566558.377000001259148, 5928895.21200000308454 ], [ 566558.592000000178814, 5928903.127000004053116 ], [ 566558.592000000178814, 5928903.159 ], [ 566558.781000001356006, 5928910.126000002026558 ], [ 566558.918999999761581, 5928915.234999999403954 ], [ 566549.753999999724329, 5928915.482999999076128 ], [ 566549.922000002115965, 5928921.699999999254942 ] ] ] } },
{ "type": "Feature", "properties": { "gebaeude_id": "DEHHALKAJ0000wcv", "dachneig": 11.148, "dachfl_2d": 480.484, "dachfl_3d": 489.724, "area_m2": 463.4 }, "geometry": { "type": "Polygon", "coordinates": [ [ [ 566516.483, 5928939.940999999642372 ], [ 566517.709681564709172, 5928999.900000000372529 ], [ 566525.548442140803672, 5928999.900000000372529 ], [ 566525.462000000290573, 5928996.054999999701977 ], [ 566524.571000001393259, 5928996.008000001311302 ], [ 566524.858000000938773, 5928990.557000001892447 ], [ 566525.339999999850988, 5928990.582000000402331 ], [ 566524.201000000350177, 5928939.76799999922514 ], [ 566516.483, 5928939.940999999642372 ] ] ] } },
{ "type": "Feature", "properties": { "gebaeude_id": "DEHHALKAJ0000wcv", "dachneig": 9.721, "dachfl_2d": 484.816, "dachfl_3d": 492.543, "area_m2": 466.6 }, "geometry": { "type": "Polygon", "coordinates": [ [ [ 566516.483, 5928939.940999999642372 ], [ 566508.634000001475215, 5928940.116999998688698 ], [ 566509.974361379165202, 5928999.900000000372529 ], [ 566517.709681564709172, 5928999.900000000372529 ], [ 566516.483, 5928939.940999999642372 ] ] ] } },
{ "type": "Feature", "properties": { "gebaeude_id": "DEHHALKAJ0000wmE", "dachneig": 12.482, "dachfl_2d": 653.274, "dachfl_3d": 669.056, "area_m2": 653.3 }, "geometry": { "type": "Polygon", "coordinates": [ [ [ 566579.364000000990927, 5928945.46000000461936 ], [ 566579.375000000931323, 5928945.803000003099442 ], [ 566569.53800000064075, 5928946.104000002145767 ], [ 566569.810000000521541, 5928958.473000003024936 ], [ 566580.188000001013279, 5928958.231000000610948 ], [ 566579.915000000037253, 5928945.448000000789762 ], [ 566578.82799999974668, 5928894.662000000476837 ], [ 566578.82799999974668, 5928894.658000001683831 ], [ 566578.237000000663102, 5928894.6739999987185 ], [ 566568.410000001080334, 5928894.940000005066395 ], [ 566568.587000001221895, 5928902.958999998867512 ], [ 566568.613000000827014, 5928902.958000002428889 ], [ 566578.334000000730157, 5928902.767000000923872 ], [ 566578.339000001549721, 5928903.036000000312924 ], [ 566568.657999999821186, 5928903.225999999791384 ], [ 566568.593000001274049, 5928903.228000001981854 ], [ 566569.530000001192093, 5928945.75900000333786 ], [ 566569.695000000298023, 5928945.754999998956919 ], [ 566579.364000000990927, 5928945.46000000461936 ] ], [ [ 566576.734000000171363, 5928922.833000000566244 ], [ 566576.726999999955297, 5928922.28800000064075 ], [ 566577.65500000026077, 5928922.276000000536442 ], [ 566577.662000000476837, 5928922.822000004351139 ], [ 566576.734000000171363, 5928922.833000000566244 ] ], [ [ 566576.791000000201166, 5928925.300000002607703 ], [ 566577.70299999974668, 5928925.273000001907349 ], [ 566577.707999999634922, 5928925.273000001907349 ], [ 566577.720000000670552, 5928925.86400000192225 ], [ 566576.809000000357628, 5928925.892000002786517 ], [ 566576.803999999538064, 5928925.892000002786517 ], [ 566576.791000000201166, 5928925.300000002607703 ] ], [ [ 566577.113000001758337, 5928943.903000002726912 ], [ 566577.156000000424683, 5928944.048000002279878 ], [ 566577.157999999821186, 5928944.193 ], [ 566577.066000000573695, 5928944.429999999701977 ], [ 566576.87400000076741, 5928944.596000000834465 ], [ 566576.737000000663102, 5928944.644000001251698 ], [ 566576.58600000012666, 5928944.652000000700355 ], [ 566576.439000001177192, 5928944.617000000551343 ], [ 566576.313000001013279, 5928944.546 ], [ 566576.15400000102818, 5928944.348000001162291 ], [ 566576.105999999679625, 5928944.098999999463558 ], [ 566576.13300000037998, 5928943.956000002101064 ], [ 566576.201000002212822, 5928943.822000000625849 ], [ 566576.304999999701977, 5928943.712000001221895 ], [ 566576.430000001564622, 5928943.638000002130866 ], [ 566576.68099999986589, 5928943.598999999463558 ], [ 566576.921000001952052, 5928943.682000001892447 ], [ 566577.030999998562038, 5928943.777000000700355 ], [ 566577.113000001758337, 5928943.903000002726912 ] ] ] } },
{ "type": "Feature", "properties": { "gebaeude_id": "DEHHALKAJ0000wmE", "dachneig": 13.151, "dachfl_2d": 490.687, "dachfl_3d": 502.969, "area_m2": 490.7 }, "geometry": { "type": "Polygon", "coordinates": [ [ [ 566569.53800000064075, 5928946.104000002145767 ], [ 566559.844000001437962, 5928946.399000002071261 ], [ 566559.832999998703599, 5928946.05599999986589 ], [ 566569.530000001192093, 5928945.75900000333786 ], [ 566568.593000001274049, 5928903.228000001981854 ], [ 566568.44400000013411, 5928903.231000000610948 ], [ 566559.123000000603497, 5928921.011 ], [ 566559.142, 5928921.609000001102686 ], [ 566558.802000000141561, 5928921.62300000153482 ], [ 566558.928000000305474, 5928926.291000002995133 ], [ 566556.557000000029802, 5928926.35500000230968 ], [ 566556.786000001244247, 5928934.809000002220273 ], [ 566559.037999999709427, 5928934.747999999672174 ], [ 566559.23900000192225, 5928946.06700000166893 ], [ 566559.464000001549721, 5928958.715999998152256 ], [ 566569.810000000521541, 5928958.473000003024936 ], [ 566569.53800000064075, 5928946.104000002145767 ] ], [ [ 566566.001000001095235, 5928929.313999999314547 ], [ 566566.260000000707805, 5928929.136000003665686 ], [ 566566.510999999940395, 5928928.953000001609325 ], [ 566566.513000000268221, 5928928.940000001341105 ], [ 566566.524000000208616, 5928929.295000003650784 ], [ 566566.001000001095235, 5928929.313999999314547 ] ] ] } },
{ "type": "Feature", "properties": { "gebaeude_id": "DEHHALKAJ0000wmE", "dachneig": 1.292, "dachfl_2d": 16.116, "dachfl_3d": 16.133, "area_m2": 16.1 }, "geometry": { "type": "Polygon", "coordinates": [ [ [ 566558.592000000178814, 5928903.159 ], [ 566558.592000000178814, 5928903.127000004053116 ], [ 566556.269999999552965, 5928903.219999998807907 ], [ 566556.303000002168119, 5928903.946000000461936 ], [ 566556.474999999627471, 5928909.966000001877546 ], [ 566556.485999999567866, 5928910.192000003531575 ], [ 566558.781000001356006, 5928910.126000002026558 ], [ 566558.592000000178814, 5928903.159 ] ] ] } },
{ "type": "Feature", "properties": { "gebaeude_id": "DEHHALKAJ0000wmE", "dachneig": 7.812, "dachfl_2d": 52.297, "dachfl_3d": 52.789, "area_m2": 52.3 }, "geometry": { "type": "Polygon", "coordinates": [ [ [ 566557.351000000722706, 5928958.746000003069639 ], [ 566559.464000001549721, 5928958.715999998152256 ], [ 566559.23900000192225, 5928946.06700000166893 ], [ 566559.037999999709427, 5928934.747999999672174 ], [ 566556.786000001244247, 5928934.809000002220273 ], [ 566557.351000000722706, 5928958.746000003069639 ] ] ] } },
{ "type": "Feature", "properties": { "gebaeude_id": "DEHHALKAJ0000xVZ", "dachneig": 2.256, "dachfl_2d": 175.127, "dachfl_3d": 175.269, "area_m2": 175.1 }, "geometry": { "type": "Polygon", "coordinates": [ [ [ 566465.352000001817942, 5928843.497000001370907 ], [ 566465.623000000603497, 5928843.204 ], [ 566465.99900000076741, 5928842.892000000923872 ], [ 566466.242999999783933, 5928842.81700000166893 ], [ 566466.463999999687076, 5928842.811000000685453 ], [ 566466.435000001452863, 5928841.651999998837709 ], [ 566464.898000000044703, 5928841.682000001892447 ], [ 566464.803999999538064, 5928838.063999999314547 ], [ 566466.352000000886619, 5928838.049000000581145 ], [ 566466.34499999973923, 5928834.072999997064471 ], [ 566455.964999999850988, 5928834.234000004827976 ], [ 566455.969000001437962, 5928834.427000002935529 ], [ 566455.984000001102686, 5928835.179999999701977 ], [ 566456.196000001393259, 5928845.713999999687076 ], [ 566456.372999999672174, 5928854.509000001475215 ], [ 566456.506000000052154, 5928854.506000002846122 ], [ 566459.925999999977648, 5928854.441999999806285 ], [ 566459.962000000290573, 5928854.440999999642372 ], [ 566459.965000000782311, 5928854.632000001147389 ], [ 566465.610000001266599, 5928854.53600000217557 ], [ 566465.400000000372529, 5928846.14299999922514 ], [ 566465.348000002093613, 5928844.417000001296401 ], [ 566465.338000000454485, 5928844.100999999791384 ], [ 566465.316000000573695, 5928844.100999999791384 ], [ 566465.352000001817942, 5928843.497000001370907 ] ], [ [ 566463.555000000633299, 5928852.929999999701977 ], [ 566463.49199999962002, 5928850.517000004649162 ], [ 566464.643000002019107, 5928850.486999999731779 ], [ 566464.704000000841916, 5928852.807 ], [ 566464.706000000238419, 5928852.900000000372529 ], [ 566463.555000000633299, 5928852.929999999701977 ] ], [ [ 566463.896999999880791, 5928842.872000003233552 ], [ 566463.324000001884997, 5928842.887000000104308 ], [ 566463.307000000029802, 5928842.243000002577901 ], [ 566463.262000001966953, 5928840.493999999016523 ], [ 566464.445000000298023, 5928840.463000003248453 ], [ 566464.506000001914799, 5928842.856000000610948 ], [ 566463.896999999880791, 5928842.872000003233552 ] ], [ [ 566463.183000000193715, 5928835.429000001400709 ], [ 566464.360000001266599, 5928835.388000000268221 ], [ 566464.446999999694526, 5928837.838000003248453 ], [ 566463.270000000484288, 5928837.879000004380941 ], [ 566463.183000000193715, 5928835.429000001400709 ] ], [ [ 566464.646000000648201, 5928847.916000001132488 ], [ 566463.461000001989305, 5928847.952000001445413 ], [ 566463.387000001035631, 5928845.508000001311302 ], [ 566464.572000001557171, 5928845.472000000998378 ], [ 566464.646000000648201, 5928847.916000001132488 ] ], [ [ 566459.028000000864267, 5928834.634000001475215 ], [ 566459.061000000685453, 5928837.193999998271465 ], [ 566458.571999999694526, 5928837.200000001117587 ], [ 566456.87400000076741, 5928837.223000001162291 ], [ 566456.849000000394881, 5928835.364000003784895 ], [ 566456.839999999850988, 5928834.66300000064075 ], [ 566459.028000000864267, 5928834.634000001475215 ] ] ] } },
{ "type": "Feature", "properties": { "gebaeude_id": "DEHHALKAJ0000xVZ", "dachneig": 2.284, "dachfl_2d": 1368.479, "dachfl_3d": 1369.255, "area_m2": 1368.5 }, "geometry": { "type": "Polygon", "coordinates": [ [ [ 566468.235000001266599, 5928832.850999999791384 ], [ 566468.264000001363456, 5928832.850999999791384 ], [ 566468.248000000603497, 5928833.519000001251698 ], [ 566468.274000000208616, 5928833.519000001251698 ], [ 566470.496000002138317, 5928833.483000000938773 ], [ 566484.809000000357628, 5928833.254000000655651 ], [ 566484.843000001274049, 5928833.253000000491738 ], [ 566483.909000001847744, 5928783.843000000342727 ], [ 566469.134999999776483, 5928784.109000001102686 ], [ 566454.963999999687076, 5928784.365000002086163 ], [ 566455.955000001005828, 5928833.717000000178814 ], [ 566455.957000000402331, 5928833.717000000178814 ], [ 566466.33600000012666, 5928833.550000000745058 ], [ 566466.418000000528991, 5928833.549000000581145 ], [ 566466.394999999552965, 5928832.887000000104308 ], [ 566466.40500000026077, 5928832.887000000104308 ], [ 566468.235000001266599, 5928832.850999999791384 ] ], [ [ 566465.519000000320375, 5928825.57799999974668 ], [ 566465.562000001780689, 5928827.905999999493361 ], [ 566464.411000001244247, 5928827.927999999374151 ], [ 566464.368000000715256, 5928825.599999999627471 ], [ 566465.519000000320375, 5928825.57799999974668 ] ], [ [ 566475.736000001430511, 5928787.809000004082918 ], [ 566474.545000000856817, 5928787.839999999850988 ], [ 566474.483000000938773, 5928785.463999999687076 ], [ 566475.674999999813735, 5928785.433000000193715 ], [ 566475.736000001430511, 5928787.809000004082918 ] ], [ [ 566464.701000000350177, 5928788.034000003710389 ], [ 566463.519000000320375, 5928788.035000000149012 ], [ 566463.518000001087785, 5928785.637000001966953 ], [ 566464.700000001117587, 5928785.637000001966953 ], [ 566464.701000000350177, 5928788.034000003710389 ] ], [ [ 566464.820000002160668, 5928790.653000000864267 ], [ 566464.846000001765788, 5928793.023000003769994 ], [ 566463.648000000976026, 5928793.03600000217557 ], [ 566463.621999999508262, 5928790.666000001132488 ], [ 566464.820000002160668, 5928790.653000000864267 ] ], [ [ 566475.133000001311302, 5928815.377999998629093 ], [ 566476.321000000461936, 5928815.358000000938773 ], [ 566476.361000000499189, 5928817.756000004708767 ], [ 566475.17200000025332, 5928817.776000002399087 ], [ 566475.133000001311302, 5928815.377999998629093 ] ], [ [ 566464.098000000230968, 5928815.582000000402331 ], [ 566465.290000000968575, 5928815.557000001892447 ], [ 566465.341000001877546, 5928817.955 ], [ 566464.149000000208616, 5928817.98000000230968 ], [ 566464.098000000230968, 5928815.582000000402331 ] ], [ [ 566464.224000000394881, 5928822.949000000953674 ], [ 566464.152999999932945, 5928820.56500000320375 ], [ 566465.360999999567866, 5928820.529000002890825 ], [ 566465.432000000029802, 5928822.91300000064075 ], [ 566464.224000000394881, 5928822.949000000953674 ] ], [ [ 566465.656000000424683, 5928832.940000001341105 ], [ 566464.459999999962747, 5928832.964000001549721 ], [ 566464.411000001244247, 5928830.53999999910593 ], [ 566465.606999999843538, 5928830.515000000596046 ], [ 566465.656000000424683, 5928832.940000001341105 ] ], [ [ 566475.833000000566244, 5928790.409 ], [ 566475.882000001147389, 5928792.801000002771616 ], [ 566474.653000000864267, 5928792.8260000012815 ], [ 566474.604000000283122, 5928790.435000000521541 ], [ 566475.833000000566244, 5928790.409 ] ], [ [ 566476.168000000528991, 5928805.360999999567866 ], [ 566476.169999999925494, 5928807.766000000759959 ], [ 566474.938000001013279, 5928807.767999997362494 ], [ 566474.934999999590218, 5928805.363000001758337 ], [ 566476.168000000528991, 5928805.360999999567866 ] ], [ [ 566465.041000000201166, 5928803.009999999776483 ], [ 566463.830000001937151, 5928803.041000002995133 ], [ 566463.768000002019107, 5928800.592000002041459 ], [ 566464.979000002145767, 5928800.561000002548099 ], [ 566465.041000000201166, 5928803.009999999776483 ] ], [ [ 566464.93099999986589, 5928798.030999999493361 ], [ 566463.714000000618398, 5928798.057 ], [ 566463.66200000140816, 5928795.612999999895692 ], [ 566464.879000001586974, 5928795.587000004947186 ], [ 566464.93099999986589, 5928798.030999999493361 ] ], [ [ 566475.385999999940395, 5928830.313000002875924 ], [ 566476.599000000394881, 5928830.298000000417233 ], [ 566476.628999999724329, 5928832.754000000655651 ], [ 566475.415000000968575, 5928832.769000001251698 ], [ 566475.385999999940395, 5928830.313000002875924 ] ], [ [ 566475.033000000752509, 5928812.751000002026558 ], [ 566475.013000000268221, 5928810.366000002250075 ], [ 566476.268000001087785, 5928810.356000000610948 ], [ 566476.28899999987334, 5928812.740000003948808 ], [ 566475.033000000752509, 5928812.751000002026558 ] ], [ [ 566476.546000000089407, 5928827.736000001430511 ], [ 566475.309000000357628, 5928827.745999999344349 ], [ 566475.287999999709427, 5928825.322000000625849 ], [ 566476.525000001303852, 5928825.311000002548099 ], [ 566476.546000000089407, 5928827.736000001430511 ] ], [ [ 566476.025999999605119, 5928800.344000002369285 ], [ 566476.08500000089407, 5928802.775999998673797 ], [ 566474.850999999791384, 5928802.80600000359118 ], [ 566474.792000000365078, 5928800.374000001698732 ], [ 566476.025999999605119, 5928800.344000002369285 ] ], [ [ 566475.967000000178814, 5928797.781999997794628 ], [ 566474.737000000663102, 5928797.80599999986589 ], [ 566474.689000001177192, 5928795.365000003948808 ], [ 566475.919999999925494, 5928795.341000001877546 ], [ 566475.967000000178814, 5928797.781999997794628 ] ], [ [ 566465.146000000648201, 5928807.998000003397465 ], [ 566463.894000001251698, 5928808.027000000700355 ], [ 566463.837000000290573, 5928805.590000003576279 ], [ 566465.089999999850988, 5928805.561000000685453 ], [ 566465.146000000648201, 5928807.998000003397465 ] ], [ [ 566463.979000000283122, 5928813.003000000491738 ], [ 566463.946999999694526, 5928810.587999999523163 ], [ 566465.215000001713634, 5928810.572000000625849 ], [ 566465.246000001206994, 5928812.987000003457069 ], [ 566463.979000000283122, 5928813.003000000491738 ] ], [ [ 566475.222000000067055, 5928822.754000000655651 ], [ 566475.2010000012815, 5928820.341 ], [ 566476.473000000230968, 5928820.330000001937151 ], [ 566476.494000001810491, 5928822.742000000551343 ], [ 566475.222000000067055, 5928822.754000000655651 ] ] ] } },
{ "type": "Feature", "properties": { "gebaeude_id": "DEHHALKAJ0000xVZ", "dachneig": 2.194, "dachfl_2d": 346.869, "dachfl_3d": 347.113, "area_m2": 346.9 }, "geometry": { "type": "Polygon", "coordinates": [ [ [ 566484.817999999970198, 5928833.78800000064075 ], [ 566470.510000000707805, 5928834.00899999961257 ], [ 566468.33600000012666, 5928834.042999999597669 ], [ 566468.476000001654029, 5928842.925000002607703 ], [ 566468.635999999940395, 5928842.946000002324581 ], [ 566468.635999999940395, 5928843.903000000864267 ], [ 566466.49199999962002, 5928843.971999999135733 ], [ 566466.487000000663102, 5928845.631000000983477 ], [ 566466.485000001266599, 5928846.094000000506639 ], [ 566466.712999999523163, 5928854.517000000923872 ], [ 566471.072999999858439, 5928854.441999999806285 ], [ 566480.826999999582767, 5928854.276000002399087 ], [ 566480.829000001773238, 5928854.030000003054738 ], [ 566480.878000002354383, 5928854.030000003054738 ], [ 566485.269000000320375, 5928854.058000000193715 ], [ 566484.825000001117587, 5928834.105000004172325 ], [ 566484.817999999970198, 5928833.78800000064075 ] ], [ [ 566471.633000001311302, 5928848.16100000217557 ], [ 566471.627000001259148, 5928845.729000002145767 ], [ 566472.75, 5928845.726000003516674 ], [ 566472.756000001914799, 5928848.159000001847744 ], [ 566471.633000001311302, 5928848.16100000217557 ] ], [ [ 566472.650000001303852, 5928840.747999999672174 ], [ 566472.696999999694526, 5928843.108000000938773 ], [ 566471.503000001423061, 5928843.131999997422099 ], [ 566471.456000001169741, 5928840.772000001743436 ], [ 566472.650000001303852, 5928840.747999999672174 ] ], [ [ 566472.563999999314547, 5928835.793999999761581 ], [ 566472.600000000558794, 5928838.191000001505017 ], [ 566471.403000000864267, 5928838.208000000566244 ], [ 566471.367000000551343, 5928835.812000000849366 ], [ 566472.563999999314547, 5928835.793999999761581 ] ], [ [ 566472.849000002257526, 5928850.348000003024936 ], [ 566472.910999999381602, 5928852.73000000230968 ], [ 566471.682000001892447, 5928852.762000000104308 ], [ 566471.620000001043081, 5928850.379999998956919 ], [ 566472.849000002257526, 5928850.348000003024936 ] ] ] } },
{ "type": "Feature", "properties": { "gebaeude_id": "DEHHALKAJ0000we2", "dachneig": 0.0, "dachfl_2d": 988.705, "dachfl_3d": 988.705, "area_m2": 988.7 }, "geometry": { "type": "Polygon", "coordinates": [ [ [ 566486.964999999850988, 5928952.71199999935925 ], [ 566461.67200000025332, 5928953.280000003054738 ], [ 566462.466999999247491, 5928993.5489999987185 ], [ 566472.861000000499189, 5928993.390999998897314 ], [ 566472.855000001378357, 5928993.085000002756715 ], [ 566487.662000000476837, 5928992.894000001251698 ], [ 566486.964999999850988, 5928952.71199999935925 ] ], [ [ 566477.524000002071261, 5928965.027000000700355 ], [ 566477.563000001013279, 5928967.447999998927116 ], [ 566476.036000000312924, 5928967.473000003024936 ], [ 566475.996999999508262, 5928965.051000002771616 ], [ 566477.524000002071261, 5928965.027000000700355 ] ], [ [ 566472.156000000424683, 5928980.738000001758337 ], [ 566472.121999999508262, 5928978.304000003263354 ], [ 566473.644000001251698, 5928978.282000003382564 ], [ 566473.678000000305474, 5928980.717000003904104 ], [ 566472.156000000424683, 5928980.738000001758337 ] ], [ [ 566471.955000000074506, 5928967.545 ], [ 566471.917000000365078, 5928965.055000001564622 ], [ 566473.429000000469387, 5928965.031999999657273 ], [ 566473.467000001110137, 5928967.522000003606081 ], [ 566471.955000000074506, 5928967.545 ] ], [ [ 566485.639000001363456, 5928980.500000001862645 ], [ 566484.112000001594424, 5928980.534000001847744 ], [ 566484.057000001892447, 5928978.061000002548099 ], [ 566485.583000000566244, 5928978.027000000700355 ], [ 566485.639000001363456, 5928980.500000001862645 ] ], [ [ 566467.889000002294779, 5928967.661000000312924 ], [ 566467.81900000013411, 5928965.188999999314547 ], [ 566469.349000001326203, 5928965.144999999552965 ], [ 566469.419999999925494, 5928967.617000000551343 ], [ 566467.889000002294779, 5928967.661000000312924 ] ], [ [ 566465.599999999627471, 5928978.523 ], [ 566465.621000001206994, 5928980.91300000064075 ], [ 566464.035000001080334, 5928980.927000001072884 ], [ 566464.014000000432134, 5928978.537000002339482 ], [ 566465.599999999627471, 5928978.523 ] ], [ [ 566481.456000001169741, 5928973.098000003024936 ], [ 566481.522000000812113, 5928975.590000001713634 ], [ 566479.987999999895692, 5928975.631000002846122 ], [ 566479.92200000025332, 5928973.138000002130866 ], [ 566481.456000001169741, 5928973.098000003024936 ] ] ] } },
{ "type": "Feature", "properties": { "gebaeude_id": "DEHHALKAJ0000we2", "dachneig": 2.349, "dachfl_2d": 112.206, "dachfl_3d": 112.294, "area_m2": 112.2 }, "geometry": { "type": "Polygon", "coordinates": [ [ [ 566486.964999999850988, 5928952.71199999935925 ], [ 566486.822000000625849, 5928948.17 ], [ 566486.762000000104308, 5928948.171000001952052 ], [ 566486.377000001259148, 5928948.177000002935529 ], [ 566474.838000000454485, 5928948.384999999776483 ], [ 566474.622000000439584, 5928948.390000000596046 ], [ 566462.214000000618398, 5928948.612000001594424 ], [ 566461.766000001691282, 5928948.621000001206994 ], [ 566461.697999999858439, 5928948.622999997809529 ], [ 566461.67200000025332, 5928953.280000003054738 ], [ 566474.764999999664724, 5928952.985999999567866 ], [ 566486.964999999850988, 5928952.71199999935925 ] ], [ [ 566477.543000000528991, 5928951.572000000625849 ], [ 566476.017000001855195, 5928951.609000001102686 ], [ 566475.957000001333654, 5928949.123999999836087 ], [ 566477.483000000938773, 5928949.08700000308454 ], [ 566477.543000000528991, 5928951.572000000625849 ] ] ] } },
{ "type": "Feature", "properties": { "gebaeude_id": "DEHHALKAJ00058yW", "dachneig": 28.338, "dachfl_2d": 62.468, "dachfl_3d": 71.245, "area_m2": 62.5 }, "geometry": { "type": "Polygon", "coordinates": [ [ [ 566503.972999999299645, 5928990.711000001057982 ], [ 566503.560000002384186, 5928967.870999997481704 ], [ 566500.871000002138317, 5928967.928000003099442 ], [ 566501.192000000737607, 5928990.755000000819564 ], [ 566503.972999999299645, 5928990.711000001057982 ] ] ] } },
{ "type": "Feature", "properties": { "gebaeude_id": "DEHHALKAJ00058yW", "dachneig": 26.825, "dachfl_2d": 61.231, "dachfl_3d": 69.072, "area_m2": 61.2 }, "geometry": { "type": "Polygon", "coordinates": [ [ [ 566501.192000000737607, 5928990.755000000819564 ], [ 566500.871000002138317, 5928967.928000003099442 ], [ 566498.103000000119209, 5928967.986000003293157 ], [ 566498.59499999973923, 5928990.796000001952052 ], [ 566501.192000000737607, 5928990.755000000819564 ] ] ] } },
{ "type": "Feature", "properties": { "gebaeude_id": "DEHHALKAJ00058yW", "dachneig": 28.548, "dachfl_2d": 58.069, "dachfl_3d": 66.271, "area_m2": 58.1 }, "geometry": { "type": "Polygon", "coordinates": [ [ [ 566498.59499999973923, 5928990.796000001952052 ], [ 566498.103000000119209, 5928967.986000003293157 ], [ 566495.58500000089407, 5928968.039000002667308 ], [ 566496.022000000812113, 5928990.837000004947186 ], [ 566498.59499999973923, 5928990.796000001952052 ] ] ] } },
{ "type": "Feature", "properties": { "gebaeude_id": "DEHHALKAJ00058yW", "dachneig": 28.024, "dachfl_2d": 59.769, "dachfl_3d": 67.755, "area_m2": 59.8 }, "geometry": { "type": "Polygon", "coordinates": [ [ [ 566496.022000000812113, 5928990.837000004947186 ], [ 566495.58500000089407, 5928968.039000002667308 ], [ 566492.9720000019297, 5928968.094000000506639 ], [ 566493.392, 5928990.879000002518296 ], [ 566496.022000000812113, 5928990.837000004947186 ] ] ] } },
{ "type": "Feature", "properties": { "gebaeude_id": "DEHHALKAJ00058yW", "dachneig": 28.66, "dachfl_2d": 62.021, "dachfl_3d": 70.803, "area_m2": 62.0 }, "geometry": { "type": "Polygon", "coordinates": [ [ [ 566490.815999999642372, 5928990.920000003650784 ], [ 566490.370000000111759, 5928968.149000002071261 ], [ 566487.667000001296401, 5928968.206000002101064 ], [ 566488.071999999694526, 5928990.964000003412366 ], [ 566490.815999999642372, 5928990.920000003650784 ] ] ] } },
{ "type": "Feature", "properties": { "gebaeude_id": "DEHHALKAJ00058yW", "dachneig": 28.277, "dachfl_2d": 58.993, "dachfl_3d": 67.063, "area_m2": 59.0 }, "geometry": { "type": "Polygon", "coordinates": [ [ [ 566490.815999999642372, 5928990.920000003650784 ], [ 566493.392, 5928990.879000002518296 ], [ 566492.9720000019297, 5928968.094000000506639 ], [ 566490.370000000111759, 5928968.149000002071261 ], [ 566490.815999999642372, 5928990.920000003650784 ] ] ] } },
{ "type": "Feature", "properties": { "gebaeude_id": "DEHHALKAJ0000xVV", "dachneig": 4.184, "dachfl_2d": 200.989, "dachfl_3d": 201.529, "area_m2": 201.0 }, "geometry": { "type": "Polygon", "coordinates": [ [ [ 566397.49100000038743, 5928973.972000000998378 ], [ 566398.305000001564622, 5928989.072000002488494 ], [ 566411.60700000077486, 5928988.240000000223517 ], [ 566410.734000000171363, 5928973.157999999821186 ], [ 566397.49100000038743, 5928973.972000000998378 ] ] ] } },
{ "type": "Feature", "properties": { "gebaeude_id": "DEHHALKAJ0000xVV", "dachneig": 4.225, "dachfl_2d": 198.97, "dachfl_3d": 199.516, "area_m2": 199.0 }, "geometry": { "type": "Polygon", "coordinates": [ [ [ 566397.49100000038743, 5928973.972000000998378 ], [ 566384.317000000737607, 5928974.781000001356006 ], [ 566385.225000000558794, 5928989.889000002294779 ], [ 566398.305000001564622, 5928989.072000002488494 ], [ 566397.49100000038743, 5928973.972000000998378 ] ] ] } },
{ "type": "Feature", "properties": { "gebaeude_id": "DEHHALKAJ0000xVV", "dachneig": 0.0, "dachfl_2d": 74.054, "dachfl_3d": 74.054, "area_m2": 74.1 }, "geometry": { "type": "Polygon", "coordinates": [ [ [ 566411.400999999605119, 5928988.253000000491738 ], [ 566390.147000000812113, 5928989.582000000402331 ], [ 566390.287999999709427, 5928992.249000001698732 ], [ 566394.639000000432134, 5928992.879000000655651 ], [ 566411.565000000409782, 5928991.820000002160668 ], [ 566411.400999999605119, 5928988.253000000491738 ] ] ] } },
{ "type": "Feature", "properties": { "gebaeude_id": "DEHHALKAJ0000xVV", "dachneig": 0.0, "dachfl_2d": 11.331, "dachfl_3d": 11.331, "area_m2": 11.3 }, "geometry": { "type": "Polygon", "coordinates": [ [ [ 566406.695000000298023, 5928973.406000001356006 ], [ 566406.535000001080334, 5928971.339000001549721 ], [ 566401.02900000102818, 5928971.719999998807907 ], [ 566401.179000000469387, 5928973.745000004768372 ], [ 566406.695000000298023, 5928973.406000001356006 ] ] ] } },
{ "type": "Feature", "properties": { "gebaeude_id": "DEHHALKAJ0000xP0", "dachneig": 0.0, "dachfl_2d": 233.035, "dachfl_3d": 233.035, "area_m2": 233.0 }, "geometry": { "type": "Polygon", "coordinates": [ [ [ 566460.786000000312924, 5928905.02900000102818 ], [ 566476.946999998763204, 5928904.734999997541308 ], [ 566476.942999999970198, 5928904.530000001192093 ], [ 566476.939000000245869, 5928904.370000001043081 ], [ 566476.665000000037253, 5928889.635000001639128 ], [ 566460.566999999806285, 5928889.910000003874302 ], [ 566460.786000000312924, 5928905.02900000102818 ] ], [ [ 566461.802000000141561, 5928892.231000000610948 ], [ 566460.764000000432134, 5928892.235999999567866 ], [ 566460.756000000983477, 5928890.724999999627471 ], [ 566461.794000000692904, 5928890.71900000423193 ], [ 566461.802000000141561, 5928892.231000000610948 ] ], [ [ 566465.733, 5928892.588999999687076 ], [ 566467.212000001221895, 5928892.566999999806285 ], [ 566467.234000001102686, 5928894.059000002220273 ], [ 566465.754999999888241, 5928894.081000002101064 ], [ 566465.733, 5928892.588999999687076 ] ], [ [ 566471.651999999769032, 5928897.354000002145767 ], [ 566473.144999999552965, 5928897.343000004068017 ], [ 566473.157000000588596, 5928898.865000000223517 ], [ 566471.664000000804663, 5928898.877000000327826 ], [ 566471.651999999769032, 5928897.354000002145767 ] ], [ [ 566467.349000001326203, 5928897.459000000730157 ], [ 566467.362999999895692, 5928899.002000000327826 ], [ 566465.855000000447035, 5928899.015000000596046 ], [ 566465.841000000014901, 5928897.473000001162291 ], [ 566467.349000001326203, 5928897.459000000730157 ] ], [ [ 566473.091000000946224, 5928893.983000002801418 ], [ 566471.542000000365078, 5928894.019999999552965 ], [ 566471.506000000052154, 5928892.497000001370907 ], [ 566473.053999999538064, 5928892.458999997004867 ], [ 566473.091000000946224, 5928893.983000002801418 ] ] ] } },
{ "type": "Feature", "properties": { "gebaeude_id": "DEHHALKAJ0000wfc", "dachneig": 0.031, "dachfl_2d": 371.625, "dachfl_3d": 372.023, "area_m2": 371.6 }, "geometry": { "type": "Polygon", "coordinates": [ [ [ 566461.850999999791384, 5928948.41300000064075 ], [ 566462.207000000402331, 5928948.405000001192093 ], [ 566462.208999999798834, 5928948.405000001192093 ], [ 566462.214000000618398, 5928948.612000001594424 ], [ 566474.622000000439584, 5928948.390000000596046 ], [ 566474.838000000454485, 5928948.384999999776483 ], [ 566473.833999998867512, 5928917.796000001952052 ], [ 566473.829000000841916, 5928917.796000001952052 ], [ 566461.213999999687076, 5928918.068 ], [ 566461.212000002153218, 5928918.707000002264977 ], [ 566461.850999999791384, 5928948.41300000064075 ] ], [ [ 566471.797000001184642, 5928946.728000000119209 ], [ 566471.730000000447035, 5928944.264000000432134 ], [ 566473.256000000052154, 5928944.223000004887581 ], [ 566473.323000000789762, 5928946.686999998986721 ], [ 566471.797000001184642, 5928946.728000000119209 ] ], [ [ 566467.518000000156462, 5928939.257000001147389 ], [ 566469.099000001326203, 5928939.244000000879169 ], [ 566469.119000001810491, 5928941.760000001639128 ], [ 566467.537999999709427, 5928941.773000001907349 ], [ 566467.518000000156462, 5928939.257000001147389 ] ], [ [ 566468.74900000076741, 5928921.772000001743436 ], [ 566467.132000000216067, 5928921.813999999314547 ], [ 566467.066000000573695, 5928919.29700000025332 ], [ 566468.683000000193715, 5928919.254000002518296 ], [ 566468.74900000076741, 5928921.772000001743436 ] ], [ [ 566472.979000001214445, 5928926.686000000685453 ], [ 566471.386000001803041, 5928926.723999999463558 ], [ 566471.321000000461936, 5928924.138999998569489 ], [ 566472.915000001899898, 5928924.102000001817942 ], [ 566472.979000001214445, 5928926.686000000685453 ] ], [ [ 566471.548000000417233, 5928936.722000002861023 ], [ 566471.48200000077486, 5928934.180000001564622 ], [ 566473.113000000827014, 5928934.138000002130866 ], [ 566473.179000000469387, 5928936.679999999701977 ], [ 566471.548000000417233, 5928936.722000002861023 ] ] ] } },
{ "type": "Feature", "properties": { "gebaeude_id": "DEHHALKAJ0000wfc", "dachneig": 2.859, "dachfl_2d": 342.897, "dachfl_3d": 343.34, "area_m2": 342.9 }, "geometry": { "type": "Polygon", "coordinates": [ [ [ 566474.838000000454485, 5928948.384999999776483 ], [ 566486.377000001259148, 5928948.177000002935529 ], [ 566486.371000000275671, 5928947.844000002369285 ], [ 566486.665000000037253, 5928947.839000001549721 ], [ 566486.414000000804663, 5928933.191000001505017 ], [ 566485.724999999627471, 5928933.204000001773238 ], [ 566485.433999999426305, 5928917.545000001788139 ], [ 566474.083999999798834, 5928917.790000000968575 ], [ 566473.833999998867512, 5928917.796000001952052 ], [ 566474.838000000454485, 5928948.384999999776483 ] ], [ [ 566477.174000000581145, 5928931.543000001460314 ], [ 566475.59499999973923, 5928931.573000000789762 ], [ 566475.550000000745058, 5928929.164000000804663 ], [ 566477.128999999724329, 5928929.134000001475215 ], [ 566477.174000000581145, 5928931.543000001460314 ] ], [ [ 566481.416000001132488, 5928936.469000000506639 ], [ 566479.858, 5928936.515999998897314 ], [ 566479.783000000752509, 5928934.024000000208616 ], [ 566481.339999999850988, 5928933.975999999791384 ], [ 566481.416000001132488, 5928936.469000000506639 ] ], [ [ 566479.947000000625849, 5928944.028000004589558 ], [ 566481.53899999987334, 5928943.996000003069639 ], [ 566481.589999999850988, 5928946.514000002294779 ], [ 566479.998999999836087, 5928946.546000003814697 ], [ 566479.947000000625849, 5928944.028000004589558 ] ], [ [ 566479.513000000268221, 5928923.988000003620982 ], [ 566481.132000002078712, 5928923.946000000461936 ], [ 566481.196000001393259, 5928926.489000003784895 ], [ 566480.66399999987334, 5928926.502000002190471 ], [ 566479.578000000678003, 5928926.530000004917383 ], [ 566479.53899999987334, 5928925.013000002130866 ], [ 566479.513000000268221, 5928923.988000003620982 ] ] ] } },
{ "type": "Feature", "properties": { "gebaeude_id": "DEHHALKAJ0000wfc", "dachneig": 0.0, "dachfl_2d": 258.026, "dachfl_3d": 258.026, "area_m2": 258.0 }, "geometry": { "type": "Polygon", "coordinates": [ [ [ 566485.504000001586974, 5928905.02000000141561 ], [ 566486.021999999880791, 5928932.887000001966953 ], [ 566495.371999999508262, 5928932.713000001385808 ], [ 566494.853000000119209, 5928904.84600000269711 ], [ 566485.504000001586974, 5928905.02000000141561 ] ], [ [ 566489.44300000090152, 5928906.860999999567866 ], [ 566488.36500000115484, 5928906.865000002086163 ], [ 566488.360999999567866, 5928905.71200000308454 ], [ 566489.439000001177192, 5928905.708000004291534 ], [ 566489.44300000090152, 5928906.860999999567866 ] ], [ [ 566489.523000001907349, 5928908.372000003233552 ], [ 566489.514999999664724, 5928909.586000002920628 ], [ 566488.391999999061227, 5928909.579 ], [ 566488.399000000208616, 5928908.365000000223517 ], [ 566489.523000001907349, 5928908.372000003233552 ] ] ] } },
{ "type": "Feature", "properties": { "gebaeude_id": "DEHHALKAJ0000wfc", "dachneig": 0.0, "dachfl_2d": 272.766, "dachfl_3d": 272.766, "area_m2": 272.8 }, "geometry": { "type": "Polygon", "coordinates": [ [ [ 566476.949000000953674, 5928904.808000000193715 ], [ 566476.953000000678003, 5928904.987000003457069 ], [ 566476.946999998763204, 5928904.987999999895692 ], [ 566460.993999999947846, 5928905.193000001832843 ], [ 566461.20200000051409, 5928917.714999999850988 ], [ 566485.427000002004206, 5928917.193 ], [ 566485.195000002160668, 5928904.70100000500679 ], [ 566476.949000000953674, 5928904.808000000193715 ] ], [ [ 566481.553000001236796, 5928906.002000002190471 ], [ 566481.553000001236796, 5928906.175999999046326 ], [ 566480.375, 5928906.179000001400709 ], [ 566480.375, 5928906.005000000819564 ], [ 566481.553000001236796, 5928906.002000002190471 ] ], [ [ 566483.937000000849366, 5928914.133999997749925 ], [ 566483.932000000029802, 5928912.943 ], [ 566485.128000001423061, 5928912.936999998986721 ], [ 566485.133000001311302, 5928914.128000002354383 ], [ 566483.937000000849366, 5928914.133999997749925 ] ], [ [ 566482.326000000350177, 5928912.756000002846122 ], [ 566481.100999999791384, 5928912.791999999433756 ], [ 566481.067000000737607, 5928911.62300000153482 ], [ 566482.292000002227724, 5928911.587000001221895 ], [ 566482.326000000350177, 5928912.756000002846122 ] ], [ [ 566481.578999999910593, 5928907.973000001162291 ], [ 566481.575000001117587, 5928909.184999998658895 ], [ 566480.383000002242625, 5928909.180000003427267 ], [ 566480.387000001035631, 5928907.969000002369285 ], [ 566481.578999999910593, 5928907.973000001162291 ] ], [ [ 566478.778999999165535, 5928912.287000002339482 ], [ 566477.582000000402331, 5928912.312000000849366 ], [ 566477.556000000797212, 5928911.088000001385808 ], [ 566478.753000000491738, 5928911.063999999314547 ], [ 566478.778999999165535, 5928912.287000002339482 ] ], [ [ 566473.89400000218302, 5928914.756999999284744 ], [ 566475.097000000998378, 5928914.730999998748302 ], [ 566475.123000000603497, 5928915.966000001877546 ], [ 566473.920000001788139, 5928915.99100000038743 ], [ 566473.89400000218302, 5928914.756999999284744 ] ], [ [ 566481.003999999724329, 5928915.30800000205636 ], [ 566482.253000000491738, 5928915.277000000700355 ], [ 566482.282000000588596, 5928916.498999999836087 ], [ 566481.034000000916421, 5928916.528999999165535 ], [ 566481.003999999724329, 5928915.30800000205636 ] ], [ [ 566478.750000001862645, 5928907.959000000730157 ], [ 566478.775000000372529, 5928909.224000003188848 ], [ 566477.507000000216067, 5928909.249000001698732 ], [ 566477.481999999843538, 5928907.984000004827976 ], [ 566478.750000001862645, 5928907.959000000730157 ] ], [ [ 566468.117000000551343, 5928913.392000002786517 ], [ 566469.646000000648201, 5928913.321999998763204 ], [ 566469.717000000178814, 5928914.879000000655651 ], [ 566468.188000000081956, 5928914.949000000953674 ], [ 566468.117000000551343, 5928913.392000002786517 ] ], [ [ 566471.542000000365078, 5928910.040000000968575 ], [ 566471.447000000625849, 5928905.978000000119209 ], [ 566475.507000000216067, 5928905.883000001311302 ], [ 566475.601999999955297, 5928909.945000002160668 ], [ 566471.542000000365078, 5928910.040000000968575 ] ] ] } },
{ "type": "Feature", "properties": { "gebaeude_id": "DEHHALKAJ0000xRu", "dachneig": 0.0, "dachfl_2d": 160.738, "dachfl_3d": 160.738, "area_m2": 160.7 }, "geometry": { "type": "Polygon", "coordinates": [ [ [ 566541.998999999836087, 5928971.246000001206994 ], [ 566542.005000000819564, 5928971.49800000153482 ], [ 566542.009000000543892, 5928971.630000000819564 ], [ 566533.824000001884997, 5928971.834000002592802 ], [ 566534.233, 5928989.641000000759959 ], [ 566537.524000001139939, 5928989.564999999478459 ], [ 566537.526999999769032, 5928989.696999998763204 ], [ 566537.560999999754131, 5928991.225999999791384 ], [ 566540.42200000025332, 5928991.156000001356006 ], [ 566540.387000000104308, 5928989.656999999657273 ], [ 566540.386000001803041, 5928989.539000000804663 ], [ 566542.990000000223517, 5928989.473000001162291 ], [ 566542.526999999769032, 5928971.23200000077486 ], [ 566541.998999999836087, 5928971.246000001206994 ] ] ] } },
{ "type": "Feature", "properties": { "gebaeude_id": "DEHHALKAJ0000xRu", "dachneig": 0.0, "dachfl_2d": 72.203, "dachfl_3d": 72.203, "area_m2": 72.2 }, "geometry": { "type": "Polygon", "coordinates": [ [ [ 566541.934000000357628, 5928971.533000001683831 ], [ 566541.651999999769032, 5928962.546000001952052 ], [ 566533.581000001169741, 5928962.77000000141561 ], [ 566533.890999999828637, 5928971.69200000166893 ], [ 566541.934000000357628, 5928971.533000001683831 ] ] ] } },
{ "type": "Feature", "properties": { "gebaeude_id": "DEHHALKAJ0000xRu", "dachneig": 0.0, "dachfl_2d": 19.15, "dachfl_3d": 19.15, "area_m2": 19.1 }, "geometry": { "type": "Polygon", "coordinates": [ [ [ 566542.672000001184642, 5928962.727000001817942 ], [ 566542.582000001333654, 5928959.297000002115965 ], [ 566542.572000000625849, 5928958.940999997779727 ], [ 566542.120000001043081, 5928958.953000001609325 ], [ 566542.129999999888241, 5928959.309000000357628 ], [ 566536.542000002227724, 5928959.456000000238419 ], [ 566536.546000001952052, 5928959.57799999974668 ], [ 566536.908000000752509, 5928959.56900000013411 ], [ 566536.932000000961125, 5928960.504000002518296 ], [ 566536.570000001229346, 5928960.513000002130866 ], [ 566536.626000000163913, 5928962.611000001430511 ], [ 566541.781000000424683, 5928962.48200000077486 ], [ 566541.78800000064075, 5928962.75000000372529 ], [ 566542.672000001184642, 5928962.727000001817942 ] ] ] } },
{ "type": "Feature", "properties": { "gebaeude_id": "DEHHALKA4Et00081", "dachneig": 0.0, "dachfl_2d": 1939.315, "dachfl_3d": 1939.315, "area_m2": 1939.3 }, "geometry": { "type": "Polygon", "coordinates": [ [ [ 566398.605000000447035, 5928240.32600000500679 ], [ 566395.071000002324581, 5928232.194999998435378 ], [ 566386.211000001989305, 5928236.045 ], [ 566390.439999999478459, 5928245.778000002726912 ], [ 566390.575000000186265, 5928246.08700000308454 ], [ 566358.946000000461936, 5928272.514000000432134 ], [ 566349.896000000648201, 5928261.673000004142523 ], [ 566342.49900000076741, 5928267.89300000295043 ], [ 566351.955000000074506, 5928279.287000000476837 ], [ 566352.212000001221895, 5928279.074000002816319 ], [ 566355.957000001333654, 5928283.588000001385808 ], [ 566355.685999999754131, 5928283.813000001013279 ], [ 566361.308000001125038, 5928290.588000001385808 ], [ 566402.551000000908971, 5928256.487000001594424 ], [ 566401.652999999932945, 5928255.335000002756715 ], [ 566404.502000001259148, 5928253.024000002071261 ], [ 566405.187000000849366, 5928254.441000001505017 ], [ 566417.70399999897927, 5928249.036000000312924 ], [ 566445.024000000208616, 5928237.120999997481704 ], [ 566441.635000000707805, 5928229.21000000089407 ], [ 566441.375000000931323, 5928229.426000000908971 ], [ 566438.880000000819564, 5928223.745000002905726 ], [ 566439.166000001132488, 5928223.509000001475215 ], [ 566431.252000001259148, 5928205.441000001505017 ], [ 566422.423000001348555, 5928209.278000002726912 ], [ 566429.988000001758337, 5928226.688999999314547 ], [ 566398.605000000447035, 5928240.32600000500679 ] ], [ [ 566391.764000000432134, 5928240.213000001385808 ], [ 566392.311999999918044, 5928239.975999997928739 ], [ 566392.557000000029802, 5928240.541000002995133 ], [ 566392.00899999961257, 5928240.778000000864267 ], [ 566391.764000000432134, 5928240.213000001385808 ] ], [ [ 566408.70200000051409, 5928246.905000003054738 ], [ 566409.310000001452863, 5928246.653000002726912 ], [ 566409.557000000961125, 5928247.247000001370907 ], [ 566408.950000001117587, 5928247.500000001862645 ], [ 566408.70200000051409, 5928246.905000003054738 ] ], [ [ 566386.117000000551343, 5928256.844000000506639 ], [ 566385.667000001296401, 5928257.213000003248453 ], [ 566385.205000001005828, 5928256.649000000208616 ], [ 566385.65500000026077, 5928256.280000001192093 ], [ 566386.117000000551343, 5928256.844000000506639 ] ], [ [ 566406.853000001050532, 5928242.721000004559755 ], [ 566406.599999999627471, 5928242.127999998629093 ], [ 566407.228000000119209, 5928241.859999999403954 ], [ 566407.48200000077486, 5928242.451999999582767 ], [ 566406.853000001050532, 5928242.721000004559755 ] ], [ [ 566426.594000000506639, 5928232.152000000700355 ], [ 566426.253000000491738, 5928231.414000000804663 ], [ 566426.795000000856817, 5928231.164000002667308 ], [ 566427.135999999009073, 5928231.901000000536442 ], [ 566426.594000000506639, 5928232.152000000700355 ] ], [ [ 566393.782000000588596, 5928239.37300000153482 ], [ 566394.474000001326203, 5928239.118000002577901 ], [ 566394.707000000402331, 5928239.750999998301268 ], [ 566394.014000001363456, 5928240.006000002846122 ], [ 566393.782000000588596, 5928239.37300000153482 ] ], [ [ 566349.593000000342727, 5928269.880000000819564 ], [ 566350.025000001303852, 5928270.440999999642372 ], [ 566349.45200000051409, 5928270.881999999284744 ], [ 566349.019999999552965, 5928270.322000000625849 ], [ 566349.593000000342727, 5928269.880000000819564 ] ], [ [ 566427.654000000096858, 5928232.988000001758337 ], [ 566427.014000001363456, 5928233.247000003233552 ], [ 566426.666000000201166, 5928232.384999999776483 ], [ 566427.305000000633299, 5928232.126000000163913 ], [ 566427.654000000096858, 5928232.988000001758337 ] ], [ [ 566370.66399999987334, 5928269.673000000417233 ], [ 566369.987000001594424, 5928270.267000002786517 ], [ 566369.454000000841916, 5928269.659 ], [ 566370.131000001914799, 5928269.065999999642372 ], [ 566370.66399999987334, 5928269.673000000417233 ] ], [ [ 566423.134999999776483, 5928235.627999998629093 ], [ 566422.297000001184642, 5928236.0 ], [ 566421.968000001274049, 5928235.256999999284744 ], [ 566422.80599999986589, 5928234.885000003501773 ], [ 566423.134999999776483, 5928235.627999998629093 ] ], [ [ 566389.306000000797212, 5928260.352 ], [ 566389.867999999783933, 5928261.030000001192093 ], [ 566389.169999999925494, 5928261.609000001102686 ], [ 566388.60700000077486, 5928260.93099999986589 ], [ 566389.306000000797212, 5928260.352 ] ], [ [ 566430.191000000573695, 5928219.045 ], [ 566429.839000000618398, 5928218.160000002011657 ], [ 566430.685000000521541, 5928217.823000002652407 ], [ 566431.037000000476837, 5928218.708000002428889 ], [ 566430.191000000573695, 5928219.045 ] ], [ [ 566431.30900000128895, 5928237.124000001698732 ], [ 566431.673999999649823, 5928238.041000002995133 ], [ 566430.810000001452863, 5928238.385000003501773 ], [ 566430.445000001229346, 5928237.468000000342727 ], [ 566431.30900000128895, 5928237.124000001698732 ] ], [ [ 566368.190999999642372, 5928278.804999999701977 ], [ 566367.598000000230968, 5928278.015000000596046 ], [ 566368.375, 5928277.432 ], [ 566368.968000001274049, 5928278.221999999135733 ], [ 566368.190999999642372, 5928278.804999999701977 ] ], [ [ 566392.322999999858439, 5928241.260000001639128 ], [ 566392.372999999672174, 5928241.218000004068017 ], [ 566392.67200000025332, 5928240.971000004559755 ], [ 566394.864000000059605, 5928243.620000001043081 ], [ 566394.515000000596046, 5928243.908999998122454 ], [ 566392.322999999858439, 5928241.260000001639128 ] ], [ [ 566438.682000000961125, 5928224.01099999807775 ], [ 566439.377000000327826, 5928225.71000000089407 ], [ 566437.707000000402331, 5928226.39299999922514 ], [ 566437.225000000558794, 5928225.216000001877546 ], [ 566437.012000001966953, 5928224.693 ], [ 566438.682000000961125, 5928224.01099999807775 ] ], [ [ 566358.703000000678003, 5928276.093000000342727 ], [ 566357.5, 5928274.592000002041459 ], [ 566358.915000000968575, 5928273.457000002264977 ], [ 566360.119000000879169, 5928274.958999997004867 ], [ 566358.703000000678003, 5928276.093000000342727 ] ], [ [ 566400.669999999925494, 5928250.903000002726912 ], [ 566399.254000000655651, 5928252.08500000089407 ], [ 566398.030999998562038, 5928250.619000000879169 ], [ 566399.447999999858439, 5928249.437999999150634 ], [ 566400.669999999925494, 5928250.903000002726912 ] ], [ [ 566427.175999999977648, 5928231.646000003442168 ], [ 566426.981999999843538, 5928231.1739999987185 ], [ 566433.406999999657273, 5928228.523 ], [ 566433.602000000886619, 5928228.995999999344349 ], [ 566427.175999999977648, 5928231.646000003442168 ] ], [ [ 566434.110000000335276, 5928230.18300000205636 ], [ 566427.782000000588596, 5928232.839000003412366 ], [ 566427.490000000223517, 5928232.140999998897314 ], [ 566433.809000000357628, 5928229.48900000192225 ], [ 566433.81700000166893, 5928229.485000003129244 ], [ 566434.110000000335276, 5928230.18300000205636 ] ], [ [ 566359.896000000648201, 5928278.074999999254942 ], [ 566358.034000000916421, 5928279.627000000327826 ], [ 566355.404000000096858, 5928276.470000002533197 ], [ 566357.265000001527369, 5928274.919000001624227 ], [ 566359.896000000648201, 5928278.074999999254942 ] ], [ [ 566438.274000000208616, 5928228.693000001832843 ], [ 566436.108000000938773, 5928229.591000001877546 ], [ 566434.475999999791384, 5928225.65399999730289 ], [ 566436.534000000916421, 5928224.800999997183681 ], [ 566436.640999999828637, 5928224.756000000983477 ], [ 566438.274000000208616, 5928228.693000001832843 ] ], [ [ 566395.269000001251698, 5928243.455 ], [ 566397.942000000737607, 5928246.666999999433756 ], [ 566396.075000000186265, 5928248.22100000269711 ], [ 566393.402000000700355, 5928245.008000001311302 ], [ 566395.269000001251698, 5928243.455 ] ] ] } },
{ "type": "Feature", "properties": { "gebaeude_id": "DEHHALKAJ00059WZ", "dachneig": 6.696, "dachfl_2d": 248.303, "dachfl_3d": 250.009, "area_m2": 248.3 }, "geometry": { "type": "Polygon", "coordinates": [ [ [ 566341.775000001303852, 5928994.296000003814697 ], [ 566338.765999998897314, 5928945.813000002875924 ], [ 566333.665000000037253, 5928946.129000000655651 ], [ 566336.675000000745058, 5928994.627999998629093 ], [ 566341.775000001303852, 5928994.296000003814697 ] ] ] } },
{ "type": "Feature", "properties": { "gebaeude_id": "DEHHALKAJ0000xTU", "dachneig": 10.287, "dachfl_2d": 366.417, "dachfl_3d": 372.479, "area_m2": 366.4 }, "geometry": { "type": "Polygon", "coordinates": [ [ [ 566470.564000001177192, 5928854.4510000012815 ], [ 566466.712999999523163, 5928854.517000000923872 ], [ 566466.759999999776483, 5928855.482999999076128 ], [ 566469.918000000528991, 5928855.360999999567866 ], [ 566469.941999999806285, 5928856.490000002086163 ], [ 566466.544000000692904, 5928856.56500000320375 ], [ 566466.010999999940395, 5928856.247999999672174 ], [ 566465.683000001125038, 5928855.864 ], [ 566465.610000001266599, 5928854.53600000217557 ], [ 566459.965000000782311, 5928854.632000001147389 ], [ 566460.133000001311302, 5928864.441999999806285 ], [ 566460.159000000916421, 5928865.985000001266599 ], [ 566460.179999999701977, 5928867.230000000447035 ], [ 566460.182000001892447, 5928867.345000000670552 ], [ 566460.326000002212822, 5928875.792999999597669 ], [ 566460.369000000879169, 5928878.304000001400709 ], [ 566460.566999999806285, 5928889.910000003874302 ], [ 566471.045000000856817, 5928889.731000000610948 ], [ 566470.592000001110137, 5928856.480999998748302 ], [ 566470.564000001177192, 5928854.4510000012815 ] ] ] } },
{ "type": "Feature", "properties": { "gebaeude_id": "DEHHALKAJ0000xTU", "dachneig": 10.553, "dachfl_2d": 359.361, "dachfl_3d": 365.568, "area_m2": 359.4 }, "geometry": { "type": "Polygon", "coordinates": [ [ [ 566470.592000001110137, 5928856.480999998748302 ], [ 566471.045000000856817, 5928889.731000000610948 ], [ 566481.37400000076741, 5928889.555000001564622 ], [ 566481.270000000484288, 5928883.505000000819564 ], [ 566480.939000001177192, 5928883.511999998241663 ], [ 566480.674999999813735, 5928872.758000001311302 ], [ 566481.142000000923872, 5928872.747000003233552 ], [ 566480.826999999582767, 5928854.276000002399087 ], [ 566470.564000001177192, 5928854.4510000012815 ], [ 566470.592000001110137, 5928856.480999998748302 ] ] ] } },
{ "type": "Feature", "properties": { "gebaeude_id": "DEHHALKAJ0000xTU", "dachneig": 11.249, "dachfl_2d": 63.542, "dachfl_3d": 64.786, "area_m2": 63.5 }, "geometry": { "type": "Polygon", "coordinates": [ [ [ 566486.581000000238419, 5928872.61600000038743 ], [ 566480.674999999813735, 5928872.758000001311302 ], [ 566480.939000001177192, 5928883.511999998241663 ], [ 566481.270000000484288, 5928883.505000000819564 ], [ 566482.510000000707805, 5928883.473000004887581 ], [ 566486.845000001601875, 5928883.367000000551343 ], [ 566486.581000000238419, 5928872.61600000038743 ] ] ] } },
{ "type": "Feature", "properties": { "gebaeude_id": "DEHHALKAJ0000xTU", "dachneig": 0.0, "dachfl_2d": 39.328, "dachfl_3d": 39.328, "area_m2": 39.3 }, "geometry": { "type": "Polygon", "coordinates": [ [ [ 566458.32700000051409, 5928866.016000000759959 ], [ 566458.299999999813735, 5928864.473000001162291 ], [ 566460.133000001311302, 5928864.441999999806285 ], [ 566459.965000000782311, 5928854.632000001147389 ], [ 566456.513000000268221, 5928854.697000004351139 ], [ 566456.517, 5928855.080000001937151 ], [ 566456.705000000074506, 5928867.26799999922514 ], [ 566460.179999999701977, 5928867.230000000447035 ], [ 566460.159000000916421, 5928865.985000001266599 ], [ 566458.32700000051409, 5928866.016000000759959 ] ], [ [ 566458.476999999955297, 5928861.708999998867512 ], [ 566458.486000000499189, 5928860.511000001803041 ], [ 566459.70200000051409, 5928860.520000003278255 ], [ 566459.691999999806285, 5928861.718000004068017 ], [ 566458.476999999955297, 5928861.708999998867512 ] ] ] } },
{ "type": "Feature", "properties": { "gebaeude_id": "DEHHALKAJ0000xTU", "dachneig": 0.0, "dachfl_2d": 18.743, "dachfl_3d": 18.743, "area_m2": 18.7 }, "geometry": { "type": "Polygon", "coordinates": [ [ [ 566460.182000001892447, 5928867.345000000670552 ], [ 566457.963999999687076, 5928867.370999999344349 ], [ 566458.111000000499189, 5928875.831000002101064 ], [ 566458.360000000335276, 5928875.827000003308058 ], [ 566460.326000002212822, 5928875.792999999597669 ], [ 566460.182000001892447, 5928867.345000000670552 ] ] ] } },
{ "type": "Feature", "properties": { "gebaeude_id": "DEHHALKAJ0000wnt", "dachneig": 2.145, "dachfl_2d": 233.556, "dachfl_3d": 233.714, "area_m2": 233.6 }, "geometry": { "type": "Polygon", "coordinates": [ [ [ 566480.362999999895692, 5928904.474000003188848 ], [ 566480.385999999940395, 5928904.474000003188848 ], [ 566485.143000000156462, 5928904.395999999716878 ], [ 566485.364000000990927, 5928904.393000001087785 ], [ 566493.612000000663102, 5928904.258000003173947 ], [ 566493.369000000879169, 5928889.791999999433756 ], [ 566482.676000001840293, 5928890.055000001564622 ], [ 566481.217000000178814, 5928890.082000002264977 ], [ 566481.206000000238419, 5928889.558000000193715 ], [ 566476.665000000037253, 5928889.635000001639128 ], [ 566476.939000000245869, 5928904.370000001043081 ], [ 566476.942999999970198, 5928904.530000001192093 ], [ 566478.157999999821186, 5928904.509999997913837 ], [ 566480.362999999895692, 5928904.474000003188848 ] ], [ [ 566485.358000000938773, 5928891.91100000217557 ], [ 566485.378000001423061, 5928893.360000001266599 ], [ 566483.837000000290573, 5928893.381000000983477 ], [ 566483.81800000090152, 5928891.932000001892447 ], [ 566485.358000000938773, 5928891.91100000217557 ] ], [ [ 566482.682000000961125, 5928901.504000002518296 ], [ 566482.713000000454485, 5928903.003999998793006 ], [ 566481.220999999903142, 5928903.035000000149012 ], [ 566481.190000000409782, 5928901.535000002011657 ], [ 566482.682000000961125, 5928901.504000002518296 ] ], [ [ 566477.601000001654029, 5928898.429999999701977 ], [ 566477.561000001616776, 5928896.93499999679625 ], [ 566479.098000000230968, 5928896.894000001251698 ], [ 566479.138000000268221, 5928898.388000002130866 ], [ 566477.601000001654029, 5928898.429999999701977 ] ], [ [ 566478.528000000864267, 5928893.961000001057982 ], [ 566478.515000000596046, 5928892.394000003114343 ], [ 566480.064999999478459, 5928892.379999998956919 ], [ 566480.079000000841916, 5928893.948000002652407 ], [ 566478.528000000864267, 5928893.961000001057982 ] ] ] } },
{ "type": "Feature", "properties": { "gebaeude_id": "DEHHALKAJ00059aE", "dachneig": 3.264, "dachfl_2d": 68.71, "dachfl_3d": 68.822, "area_m2": 68.7 }, "geometry": { "type": "Polygon", "coordinates": [ [ [ 566493.369000000879169, 5928889.791999999433756 ], [ 566493.214000000618398, 5928883.480999998748302 ], [ 566486.851999999023974, 5928883.638000002130866 ], [ 566486.845000001601875, 5928883.367000000551343 ], [ 566482.510000000707805, 5928883.473000004887581 ], [ 566482.676000001840293, 5928890.055000001564622 ], [ 566493.369000000879169, 5928889.791999999433756 ] ] ] } },
{ "type": "Feature", "properties": { "gebaeude_id": "DEHHALKAJ0000wez", "dachneig": 21.608, "dachfl_2d": 14.096, "dachfl_3d": 15.125, "area_m2": 14.1 }, "geometry": { "type": "Polygon", "coordinates": [ [ [ 566785.290000000968575, 5928757.028000004589558 ], [ 566784.810999998822808, 5928753.052000001072884 ], [ 566782.292999999597669, 5928751.159000003710389 ], [ 566783.217000000178814, 5928759.512000000104308 ], [ 566785.290000000968575, 5928757.028000004589558 ] ], [ [ 566783.829000000841916, 5928754.167000001296401 ], [ 566783.843000001274049, 5928754.31700000166893 ], [ 566783.339000000618398, 5928754.364 ], [ 566783.291000001132488, 5928753.849000001326203 ], [ 566783.649000001139939, 5928753.81500000320375 ], [ 566783.794000000692904, 5928753.802000002935529 ], [ 566783.829000000841916, 5928754.167000001296401 ] ] ] } },
{ "type": "Feature", "properties": { "gebaeude_id": "DEHHALKAJ0000wez", "dachneig": 21.527, "dachfl_2d": 14.129, "dachfl_3d": 15.167, "area_m2": 14.1 }, "geometry": { "type": "Polygon", "coordinates": [ [ [ 566787.787999999709427, 5928758.905999999493361 ], [ 566786.900999998673797, 5928750.703999998047948 ], [ 566784.810999998822808, 5928753.052000001072884 ], [ 566785.290000000968575, 5928757.028000004589558 ], [ 566787.787999999709427, 5928758.905999999493361 ] ] ] } },
{ "type": "Feature", "properties": { "gebaeude_id": "DEHHALKAJ0000wez", "dachneig": 0.0, "dachfl_2d": 233.707, "dachfl_3d": 233.707, "area_m2": 233.7 }, "geometry": { "type": "Polygon", "coordinates": [ [ [ 566783.081000001169741, 5928750.440000005066395 ], [ 566786.010999999940395, 5928750.106000002473593 ], [ 566785.240000002086163, 5928743.482999999076128 ], [ 566785.955000001005828, 5928743.394000001251698 ], [ 566778.686999999918044, 5928675.407999999821186 ], [ 566775.544000000692904, 5928675.702000001445413 ], [ 566782.891000001691282, 5928743.934000002220273 ], [ 566782.332000001333654, 5928743.999000001698732 ], [ 566783.081000001169741, 5928750.440000005066395 ] ] ] } },
{ "type": "Feature", "properties": { "gebaeude_id": "20211007143812_3", "dachneig": 0.0, "dachfl_2d": 13.992, "dachfl_3d": 13.992, "area_m2": 14.0 }, "geometry": { "type": "Polygon", "coordinates": [ [ [ 566539.681000001728535, 5928267.903999999165535 ], [ 566544.479000000283122, 5928265.221999999135733 ], [ 566543.235999999567866, 5928263.0 ], [ 566538.439000001177192, 5928265.682 ], [ 566539.681000001728535, 5928267.903999999165535 ] ] ] } },
{ "type": "Feature", "properties": { "gebaeude_id": "20211007143813_86", "dachneig": 0.0, "dachfl_2d": 17.402, "dachfl_3d": 17.402, "area_m2": 17.4 }, "geometry": { "type": "Polygon", "coordinates": [ [ [ 566536.291000000201166, 5928262.11400000192225 ], [ 566537.75899999961257, 5928264.620000002905726 ], [ 566542.928999999538064, 5928261.591000001877546 ], [ 566541.462000001221895, 5928259.08500000089407 ], [ 566536.291000000201166, 5928262.11400000192225 ] ] ] } },
{ "type": "Feature", "properties": { "gebaeude_id": "DEHHALKAJ0000wHD", "dachneig": 0.0, "dachfl_2d": 75.507, "dachfl_3d": 75.507, "area_m2": 75.5 }, "geometry": { "type": "Polygon", "coordinates": [ [ [ 566592.762000001035631, 5928390.08500000089407 ], [ 566544.276999999769032, 5928390.3530000038445 ], [ 566544.294999999925494, 5928391.885000001639128 ], [ 566592.766000000759959, 5928391.668000001460314 ], [ 566592.762000001035631, 5928390.08500000089407 ] ] ] } },
{ "type": "Feature", "properties": { "gebaeude_id": "DEHHALKAJ0000wHD", "dachneig": 0.0, "dachfl_2d": 137.737, "dachfl_3d": 137.737, "area_m2": 137.7 }, "geometry": { "type": "Polygon", "coordinates": [ [ [ 566544.307000000961125, 5928394.637000000104308 ], [ 566544.245000001043081, 5928397.46000000089407 ], [ 566592.858, 5928397.267999997362494 ], [ 566592.850000000558794, 5928394.42 ], [ 566544.307000000961125, 5928394.637000000104308 ] ] ] } },
{ "type": "Feature", "properties": { "gebaeude_id": "DEHHALKAJ0000wHD", "dachneig": 0.0, "dachfl_2d": 246.717, "dachfl_3d": 246.717, "area_m2": 246.7 }, "geometry": { "type": "Polygon", "coordinates": [ [ [ 566544.49900000076741, 5928387.466000001877546 ], [ 566592.605000001378357, 5928387.206000002101064 ], [ 566592.591000000014901, 5928382.141000000759959 ], [ 566544.484000001102686, 5928382.274000002071261 ], [ 566544.49900000076741, 5928387.466000001877546 ] ] ] } },
{ "type": "Feature", "properties": { "gebaeude_id": "DEHHALKAJ0000thy", "dachneig": 0.0, "dachfl_2d": 2017.573, "dachfl_3d": 2017.573, "area_m2": 2017.6 }, "geometry": { "type": "Polygon", "coordinates": [ [ [ 566539.583000000566244, 5928320.699000002816319 ], [ 566544.391000000759959, 5928325.690000001341105 ], [ 566544.435999999754131, 5928337.724999999627471 ], [ 566543.998999999836087, 5928337.727000001817942 ], [ 566544.104999999515712, 5928362.063000002875924 ], [ 566592.390000000596046, 5928361.868999999016523 ], [ 566592.262000000104308, 5928341.378000002354383 ], [ 566590.344000000506639, 5928341.409000001847744 ], [ 566587.517000000923872, 5928341.454000003635883 ], [ 566587.50899999961257, 5928340.971999997273088 ], [ 566585.355000000447035, 5928340.992000000551343 ], [ 566585.301000001840293, 5928335.138000002130866 ], [ 566580.324000000022352, 5928335.184000002220273 ], [ 566580.321000001393259, 5928334.782999999821186 ], [ 566580.127000002190471, 5928313.702000001445413 ], [ 566580.127000002190471, 5928313.695000002160668 ], [ 566580.127000002190471, 5928313.663000002503395 ], [ 566580.122999999672174, 5928313.258000003173947 ], [ 566585.167000000365078, 5928313.211000001057982 ], [ 566585.134000000543892, 5928309.678999999538064 ], [ 566587.292000001296401, 5928309.655000001192093 ], [ 566587.294999999925494, 5928309.197000002488494 ], [ 566589.967000001110137, 5928309.214999999850988 ], [ 566590.182000000029802, 5928309.217000002041459 ], [ 566592.061000000685453, 5928309.229000000283122 ], [ 566591.920000000856817, 5928286.816999999806285 ], [ 566591.920000000856817, 5928286.793000003322959 ], [ 566539.387000001035631, 5928287.098999999463558 ], [ 566539.533000001683831, 5928309.83 ], [ 566539.533000001683831, 5928309.877999998629093 ], [ 566539.55599999986589, 5928313.314000001177192 ], [ 566539.583000000566244, 5928320.699000002816319 ] ], [ [ 566579.961000001989305, 5928317.68100000359118 ], [ 566579.855000001378357, 5928317.772000001743436 ], [ 566579.735999999567866, 5928317.795000001788139 ], [ 566579.620000001043081, 5928317.760000003501773 ], [ 566579.524000000208616, 5928317.658000001683831 ], [ 566579.498000000603497, 5928317.52000000141561 ], [ 566579.53800000064075, 5928317.405000001192093 ], [ 566579.626000000163913, 5928317.322999998927116 ], [ 566579.763000000268221, 5928317.291000001132488 ], [ 566579.894999999552965, 5928317.33700000308454 ], [ 566579.974000001326203, 5928317.428000001236796 ], [ 566580.002000000327826, 5928317.547000002115965 ], [ 566579.961000001989305, 5928317.68100000359118 ] ], [ [ 566579.42100000102073, 5928319.685000000521541 ], [ 566579.563000001013279, 5928319.647000003606081 ], [ 566579.707000001333654, 5928319.679999999701977 ], [ 566579.814999999478459, 5928319.780000003054738 ], [ 566579.832000000402331, 5928319.795 ], [ 566579.874999999068677, 5928319.960000002756715 ], [ 566579.837000001221895, 5928320.102000001817942 ], [ 566579.737000000663102, 5928320.21000000089407 ], [ 566579.596000000834465, 5928320.254000000655651 ], [ 566579.574000000953674, 5928320.260000001639128 ], [ 566579.410000001080334, 5928320.216000001877546 ], [ 566579.306000000797212, 5928320.111999999731779 ], [ 566579.262000001035631, 5928319.97099999897182 ], [ 566579.300000000745058, 5928319.805000001564622 ], [ 566579.315999999642372, 5928319.789000002667308 ], [ 566579.42100000102073, 5928319.685000000521541 ] ], [ [ 566577.813000001013279, 5928327.207000002264977 ], [ 566577.935000001452863, 5928327.307 ], [ 566577.996999999508262, 5928327.454000001773238 ], [ 566577.977000001817942, 5928327.610999999567866 ], [ 566577.974000000394881, 5928327.635000001639128 ], [ 566577.858, 5928327.777000002563 ], [ 566577.709000000730157, 5928327.833000000566244 ], [ 566577.552000001072884, 5928327.813000002875924 ], [ 566577.426000000908971, 5928327.717000000178814 ], [ 566577.406000000424683, 5928327.702000001445413 ], [ 566577.341000000014901, 5928327.530999999493361 ], [ 566577.36699999962002, 5928327.374000001698732 ], [ 566577.463000000454485, 5928327.247999999672174 ], [ 566577.609000000171363, 5928327.186000002548099 ], [ 566577.632000001147389, 5928327.177000002935529 ], [ 566577.813000001013279, 5928327.207000002264977 ] ], [ [ 566566.842000000178814, 5928320.552000001072884 ], [ 566566.920000000856817, 5928320.412000004202127 ], [ 566567.058000001125038, 5928320.327999997884035 ], [ 566567.219000001437962, 5928320.319000003859401 ], [ 566567.384999999776483, 5928320.403000002726912 ], [ 566567.398000000976026, 5928320.42400000244379 ], [ 566567.481000000610948, 5928320.561999998986721 ], [ 566567.484000001102686, 5928320.723000001162291 ], [ 566567.412000002339482, 5928320.866000002250075 ], [ 566567.276999999769032, 5928320.955000001937151 ], [ 566567.256000000983477, 5928320.968000002205372 ], [ 566567.070000000298023, 5928320.972000002861023 ], [ 566566.929999999701977, 5928320.894000003114343 ], [ 566566.841000000946224, 5928320.760000001639128 ], [ 566566.832000001333654, 5928320.598999999463558 ], [ 566566.830000001005828, 5928320.574000000953674 ], [ 566566.842000000178814, 5928320.552000001072884 ] ], [ [ 566567.422000001184642, 5928325.116999998688698 ], [ 566567.543000000528991, 5928325.227000001817942 ], [ 566567.598000000230968, 5928325.381000000983477 ], [ 566567.56800000090152, 5928325.541000001132488 ], [ 566567.564000001177192, 5928325.565999999642372 ], [ 566567.437000000849366, 5928325.705000001937151 ], [ 566567.280999999493361, 5928325.754000002518296 ], [ 566567.121000000275671, 5928325.723999999463558 ], [ 566566.997000000439584, 5928325.619000000879169 ], [ 566566.976999999955297, 5928325.603000001981854 ], [ 566566.921000001952052, 5928325.423000004142523 ], [ 566566.956000001169741, 5928325.264000004157424 ], [ 566567.062000000849366, 5928325.140000002458692 ], [ 566567.239000000990927, 5928325.0760000012815 ], [ 566567.263000001199543, 5928325.082000002264977 ], [ 566567.422000001184642, 5928325.116999998688698 ] ], [ [ 566547.245000000111759, 5928323.869000000879169 ], [ 566547.182000000961125, 5928323.708000002428889 ], [ 566547.206999999471009, 5928323.537000000476837 ], [ 566547.310000001452863, 5928323.397000001743436 ], [ 566547.469000001437962, 5928323.328000003471971 ], [ 566547.493999999947846, 5928323.316999999806285 ], [ 566547.519999999552965, 5928323.321000000461936 ], [ 566547.692000000737607, 5928323.346999999135733 ], [ 566547.826999998651445, 5928323.455000001937151 ], [ 566547.895999999716878, 5928323.61400000192225 ], [ 566547.873999999836087, 5928323.813000001013279 ], [ 566547.85700000077486, 5928323.834000000730157 ], [ 566547.74900000076741, 5928323.969000002369285 ], [ 566547.588000000454485, 5928324.031999999657273 ], [ 566547.416000001132488, 5928324.013000002130866 ], [ 566547.276000000536442, 5928323.910000002011657 ], [ 566547.255000001750886, 5928323.894000003114343 ], [ 566547.245000000111759, 5928323.869000000879169 ] ], [ [ 566562.884999999776483, 5928326.443999998271465 ], [ 566562.87300000153482, 5928327.118999997153878 ], [ 566562.106999999843538, 5928327.10500000230968 ], [ 566562.120000001974404, 5928326.430000003427267 ], [ 566562.884999999776483, 5928326.443999998271465 ] ], [ [ 566545.393000000156462, 5928304.964999999850988 ], [ 566544.634000000543892, 5928304.92 ], [ 566544.681000001728535, 5928304.115000002086163 ], [ 566545.440000000409782, 5928304.159000001847744 ], [ 566545.393000000156462, 5928304.964999999850988 ] ], [ [ 566561.042000002227724, 5928333.385000003501773 ], [ 566560.237000000663102, 5928333.399000003933907 ], [ 566560.223000000230968, 5928332.523000001907349 ], [ 566561.026999999769032, 5928332.509000001475215 ], [ 566561.042000002227724, 5928333.385000003501773 ] ], [ [ 566549.019000000320375, 5928322.425000000745058 ], [ 566549.026999999769032, 5928321.566999999806285 ], [ 566549.873999999836087, 5928321.5760000012815 ], [ 566549.866000001318753, 5928322.434000002220273 ], [ 566549.019000000320375, 5928322.425000000745058 ] ], [ [ 566545.580000001005828, 5928318.605000004172325 ], [ 566545.540000000968575, 5928317.391000000759959 ], [ 566546.817999999970198, 5928317.349000003188848 ], [ 566546.858, 5928318.563000001013279 ], [ 566545.580000001005828, 5928318.605000004172325 ] ], [ [ 566546.814999998547137, 5928315.629999997094274 ], [ 566545.567999999970198, 5928315.628000000491738 ], [ 566545.569000001065433, 5928314.378000000491738 ], [ 566546.817000000737607, 5928314.379000002518296 ], [ 566546.814999998547137, 5928315.629999997094274 ] ], [ [ 566568.081000001169741, 5928323.8260000012815 ], [ 566566.410000001080334, 5928323.910000002011657 ], [ 566566.322999999858439, 5928322.18300000205636 ], [ 566567.994000000879169, 5928322.099000003188848 ], [ 566568.081000001169741, 5928323.8260000012815 ] ], [ [ 566566.44300000090152, 5928333.50900000333786 ], [ 566566.355999999679625, 5928331.781000003218651 ], [ 566568.027000000700355, 5928331.697999998927116 ], [ 566568.114000000990927, 5928333.425000002607703 ], [ 566566.44300000090152, 5928333.50900000333786 ] ], [ [ 566566.269000001251698, 5928317.381999999284744 ], [ 566567.941000000573695, 5928317.298000000417233 ], [ 566568.027000000700355, 5928319.026000000536442 ], [ 566566.355999999679625, 5928319.109000002965331 ], [ 566566.269000001251698, 5928317.381999999284744 ] ], [ [ 566568.10700000077486, 5928328.631000002846122 ], [ 566566.436000000685453, 5928328.714999997988343 ], [ 566566.349000001326203, 5928326.986999997869134 ], [ 566568.020000000484288, 5928326.903000002726912 ], [ 566568.10700000077486, 5928328.631000002846122 ] ], [ [ 566562.334999999962747, 5928326.323000002652407 ], [ 566562.133000001311302, 5928326.171 ], [ 566562.058000001125038, 5928326.048000000417233 ], [ 566562.018000001087785, 5928325.903000000864267 ], [ 566562.020999999716878, 5928325.752000000327826 ], [ 566562.064000001177192, 5928325.614 ], [ 566562.224000001326203, 5928325.418000003322959 ], [ 566562.456000002101064, 5928325.31900000013411 ], [ 566562.03000000026077, 5928325.310000000521541 ], [ 566561.95000000204891, 5928325.309000000357628 ], [ 566561.936000000685453, 5928323.730999998748302 ], [ 566561.927000001072884, 5928322.685000000521541 ], [ 566562.973000002093613, 5928322.676000000908971 ], [ 566562.981999999843538, 5928323.721999999135733 ], [ 566562.996000000275671, 5928325.300000004470348 ], [ 566562.601000000722706, 5928325.315000001341105 ], [ 566562.746000000275671, 5928325.353000000119209 ], [ 566562.875000000931323, 5928325.431000001728535 ], [ 566562.973000002093613, 5928325.537999998778105 ], [ 566563.063000001013279, 5928325.774000000208616 ], [ 566563.032999999821186, 5928326.025000000372529 ], [ 566562.963999999687076, 5928326.151999998837709 ], [ 566562.858000001870096, 5928326.25899999961257 ], [ 566562.725999999791384, 5928326.331000000238419 ], [ 566562.584999999962747, 5928326.363000001758337 ], [ 566562.334999999962747, 5928326.323000002652407 ] ], [ [ 566542.281000000424683, 5928319.208999997004867 ], [ 566542.248000000603497, 5928317.137000001966953 ], [ 566544.337000000290573, 5928317.104000000283122 ], [ 566544.370000000111759, 5928319.176000000908971 ], [ 566542.281000000424683, 5928319.208999997004867 ] ], [ [ 566558.481999999843538, 5928342.612999999895692 ], [ 566558.487999999895692, 5928344.313999999314547 ], [ 566554.54600000102073, 5928344.326999999582767 ], [ 566554.540000000037253, 5928342.626000000163913 ], [ 566558.481999999843538, 5928342.612999999895692 ] ], [ [ 566578.367000000551343, 5928308.187000000849366 ], [ 566578.383000001311302, 5928306.482999997213483 ], [ 566582.337000000290573, 5928306.519000003114343 ], [ 566582.322000000625849, 5928308.223000001162291 ], [ 566578.367000000551343, 5928308.187000000849366 ] ], [ [ 566578.500000000931323, 5928344.153000002726912 ], [ 566578.522000000812113, 5928342.44200000166893 ], [ 566582.470999999903142, 5928342.494000000879169 ], [ 566582.448999999091029, 5928344.205 ], [ 566578.500000000931323, 5928344.153000002726912 ] ], [ [ 566558.37400000076741, 5928308.359000001102686 ], [ 566554.400999999605119, 5928308.346000000834465 ], [ 566554.406999999657273, 5928306.615000002086163 ], [ 566558.379999999888241, 5928306.628000002354383 ], [ 566558.37400000076741, 5928308.359000001102686 ] ], [ [ 566554.311000000685453, 5928344.326000003144145 ], [ 566549.171000000089407, 5928344.320000000298023 ], [ 566549.173000001348555, 5928342.581000003963709 ], [ 566554.313000000081956, 5928342.588000001385808 ], [ 566554.311000000685453, 5928344.326000003144145 ] ], [ [ 566590.250000000931323, 5928342.452999997884035 ], [ 566590.253000002354383, 5928344.153999999165535 ], [ 566582.723000002093613, 5928344.171000001952052 ], [ 566582.718999999575317, 5928342.469999998807907 ], [ 566590.250000000931323, 5928342.452999997884035 ] ], [ [ 566582.56900000013411, 5928308.188999997451901 ], [ 566582.57500000204891, 5928306.46200000308454 ], [ 566590.099999999627471, 5928306.491000002250075 ], [ 566590.093999999575317, 5928308.218000000342727 ], [ 566582.56900000013411, 5928308.188999997451901 ] ], [ [ 566546.609000001102686, 5928308.408000001683831 ], [ 566546.599000001326203, 5928306.64299999922514 ], [ 566554.11500000115484, 5928306.599999999627471 ], [ 566554.125, 5928308.365000002086163 ], [ 566546.609000001102686, 5928308.408000001683831 ] ], [ [ 566562.099999999627471, 5928313.734000002965331 ], [ 566563.871999999508262, 5928313.725000001490116 ], [ 566563.918000001460314, 5928322.616999998688698 ], [ 566562.146000000648201, 5928322.626000003889203 ], [ 566562.099999999627471, 5928313.734000002965331 ] ], [ [ 566575.561000000685453, 5928328.055000001564622 ], [ 566575.639000001363456, 5928337.012000001966953 ], [ 566573.875, 5928337.026999998837709 ], [ 566573.798000000417233, 5928328.071000000461936 ], [ 566573.816000000573695, 5928328.070000004023314 ], [ 566575.561000000685453, 5928328.055000001564622 ] ], [ [ 566563.142000000923872, 5928328.267000000923872 ], [ 566563.915000000037253, 5928328.257000001147389 ], [ 566564.054000000469387, 5928337.015000000596046 ], [ 566562.30800000205636, 5928337.043000001460314 ], [ 566562.168999999761581, 5928328.284000001847744 ], [ 566561.925999999977648, 5928328.28600000217557 ], [ 566561.907000000588596, 5928327.183000000193715 ], [ 566563.122999999672174, 5928327.162000000476837 ], [ 566563.142000000923872, 5928328.267000000923872 ] ], [ [ 566575.584000001661479, 5928327.458000000566244 ], [ 566575.559000000357628, 5928327.458000000566244 ], [ 566573.810000001452863, 5928327.464000003412366 ], [ 566573.765000000596046, 5928313.717999998480082 ], [ 566575.539000000804663, 5928313.71200000308454 ], [ 566575.584000001661479, 5928327.458000000566244 ] ], [ [ 566558.744000001810491, 5928344.269999999552965 ], [ 566558.736000000499189, 5928342.546000003814697 ], [ 566578.286000001244247, 5928342.452000001445413 ], [ 566578.294000000692904, 5928344.175999999046326 ], [ 566558.744000001810491, 5928344.269999999552965 ] ], [ [ 566572.298999999649823, 5928308.285000002011657 ], [ 566558.599000000394881, 5928308.333000000566244 ], [ 566558.578999999910593, 5928306.629999998956919 ], [ 566569.660000001080334, 5928306.545999998226762 ], [ 566578.091000000946224, 5928306.48200000077486 ], [ 566578.104000000283122, 5928308.264000002294779 ], [ 566572.298999999649823, 5928308.285000002011657 ] ], [ [ 566556.76900000218302, 5928300.297999998554587 ], [ 566567.604000002145767, 5928300.191999999806285 ], [ 566567.638000000268221, 5928303.573000000789762 ], [ 566556.802000002004206, 5928303.678999999538064 ], [ 566556.76900000218302, 5928300.297999998554587 ] ], [ [ 566557.11500000115484, 5928357.048000002279878 ], [ 566567.950000001117587, 5928356.942000003531575 ], [ 566567.983000000938773, 5928360.322999998927116 ], [ 566557.148000000976026, 5928360.429999999701977 ], [ 566557.11500000115484, 5928357.048000002279878 ] ], [ [ 566579.908999999985099, 5928349.869000000879169 ], [ 566569.074000000022352, 5928349.974999999627471 ], [ 566569.041000000201166, 5928346.59400000423193 ], [ 566579.876000000163913, 5928346.487000003457069 ], [ 566579.908999999985099, 5928349.869000000879169 ] ], [ [ 566591.902000000700355, 5928360.186000002548099 ], [ 566581.067000000737607, 5928360.292999999597669 ], [ 566581.034000000916421, 5928356.91100000217557 ], [ 566591.869000000879169, 5928356.805000003427267 ], [ 566591.902000000700355, 5928360.186000002548099 ] ], [ [ 566579.565000001341105, 5928291.570999998599291 ], [ 566568.730000001378357, 5928291.677000004798174 ], [ 566568.697000001557171, 5928288.296000003814697 ], [ 566579.532000001519918, 5928288.189000003039837 ], [ 566579.565000001341105, 5928291.570999998599291 ] ], [ [ 566557.064000000245869, 5928355.223999999463558 ], [ 566557.031000000424683, 5928351.843000004068017 ], [ 566567.866000001318753, 5928351.736000001430511 ], [ 566567.899000001139939, 5928355.118000004440546 ], [ 566557.064000000245869, 5928355.223999999463558 ] ], [ [ 566569.099000001326203, 5928360.392000000923872 ], [ 566569.066000001505017, 5928357.009999999776483 ], [ 566579.901000001467764, 5928356.90400000102818 ], [ 566579.93400000128895, 5928360.285000000149012 ], [ 566569.099000001326203, 5928360.392000000923872 ] ], [ [ 566569.003000000491738, 5928351.816000003367662 ], [ 566579.838000000454485, 5928351.709000002592802 ], [ 566579.871000000275671, 5928355.091000003740191 ], [ 566569.036000000312924, 5928355.197000002488494 ], [ 566569.003000000491738, 5928351.816000003367662 ] ], [ [ 566555.584000000730157, 5928291.657000001519918 ], [ 566544.74900000076741, 5928291.764000002294779 ], [ 566544.716000000946224, 5928288.382000001147389 ], [ 566555.551000000908971, 5928288.276000000536442 ], [ 566555.584000000730157, 5928291.657000001519918 ] ], [ [ 566568.82799999974668, 5928303.638000003993511 ], [ 566568.794999999925494, 5928300.257000003010035 ], [ 566579.629999999888241, 5928300.150000002235174 ], [ 566579.664000000804663, 5928303.531999999657273 ], [ 566568.82799999974668, 5928303.638000003993511 ] ], [ [ 566555.894000001251698, 5928350.009999999776483 ], [ 566545.058000000193715, 5928350.117000000551343 ], [ 566545.025000000372529, 5928346.734999999403954 ], [ 566555.860000001266599, 5928346.629000002518296 ], [ 566555.894000001251698, 5928350.009999999776483 ] ], [ [ 566581.050000001676381, 5928349.939999999478459 ], [ 566581.017000001855195, 5928346.559000000357628 ], [ 566591.852000001817942, 5928346.451999999582767 ], [ 566591.885999999940395, 5928349.834000000730157 ], [ 566581.050000001676381, 5928349.939999999478459 ] ], [ [ 566567.854000000283122, 5928346.525000000372529 ], [ 566567.887000000104308, 5928349.906000001356006 ], [ 566557.052000000141561, 5928350.013000002130866 ], [ 566557.018000001087785, 5928346.631000000983477 ], [ 566567.854000000283122, 5928346.525000000372529 ] ], [ [ 566581.02800000179559, 5928355.093000000342727 ], [ 566580.994000000879169, 5928351.712000001221895 ], [ 566591.830000001937151, 5928351.60499999858439 ], [ 566591.863000001758337, 5928354.987000001594424 ], [ 566581.02800000179559, 5928355.093000000342727 ] ], [ [ 566580.81900000013411, 5928300.25899999961257 ], [ 566591.654000000096858, 5928300.151999998837709 ], [ 566591.688000001013279, 5928303.534 ], [ 566580.851999999955297, 5928303.640000000596046 ], [ 566580.81900000013411, 5928300.25899999961257 ] ], [ [ 566556.808000001125038, 5928297.720000002533197 ], [ 566556.775000001303852, 5928294.337999999523163 ], [ 566567.610000001266599, 5928294.23200000077486 ], [ 566567.643999999389052, 5928297.613000001758337 ], [ 566556.808000001125038, 5928297.720000002533197 ] ], [ [ 566591.549000001512468, 5928291.451999999582767 ], [ 566580.713000000454485, 5928291.559000000357628 ], [ 566580.680000000633299, 5928288.177000002935529 ], [ 566591.516000001691282, 5928288.071000004187226 ], [ 566591.549000001512468, 5928291.451999999582767 ] ], [ [ 566544.826999999582767, 5928303.783999998122454 ], [ 566544.793999999761581, 5928300.403000002726912 ], [ 566555.630000000819564, 5928300.296000001952052 ], [ 566555.66300000064075, 5928303.677999999374151 ], [ 566544.826999999582767, 5928303.783999998122454 ] ], [ [ 566567.61600000038743, 5928291.645000003278255 ], [ 566556.780000002123415, 5928291.75199999846518 ], [ 566556.746999999508262, 5928288.370000002905726 ], [ 566567.583000000566244, 5928288.264000002294779 ], [ 566567.61600000038743, 5928291.645000003278255 ] ], [ [ 566555.82799999974668, 5928351.764000004157424 ], [ 566555.860999999567866, 5928355.146000001579523 ], [ 566545.025000000372529, 5928355.252000000327826 ], [ 566544.992000000551343, 5928351.870999999344349 ], [ 566555.82799999974668, 5928351.764000004157424 ] ], [ [ 566555.971000001765788, 5928360.374000001698732 ], [ 566545.135000000707805, 5928360.480999998748302 ], [ 566545.102000000886619, 5928357.099000001326203 ], [ 566555.938000001944602, 5928356.993000000715256 ], [ 566555.971000001765788, 5928360.374000001698732 ] ], [ [ 566555.641000000759959, 5928297.689000001177192 ], [ 566544.804999999701977, 5928297.795000001788139 ], [ 566544.771999999880791, 5928294.414000000804663 ], [ 566555.608000000938773, 5928294.307 ], [ 566555.641000000759959, 5928297.689000001177192 ] ], [ [ 566568.722000000067055, 5928294.289000000804663 ], [ 566579.558000001125038, 5928294.183000000193715 ], [ 566579.591000000946224, 5928297.564000001177192 ], [ 566568.754999999888241, 5928297.671000001952052 ], [ 566568.722000000067055, 5928294.289000000804663 ] ], [ [ 566591.606000000610948, 5928297.514000004157424 ], [ 566580.769999999552965, 5928297.620000002905726 ], [ 566580.736999999731779, 5928294.238000001758337 ], [ 566591.573000000789762, 5928294.132000001147389 ], [ 566591.606000000610948, 5928297.514000004157424 ] ], [ [ 566557.926000000908971, 5928337.083999998867512 ], [ 566556.224000000394881, 5928337.089999999850988 ], [ 566556.148000001907349, 5928313.813000001013279 ], [ 566557.850000000558794, 5928313.807 ], [ 566557.926000000908971, 5928337.083999998867512 ] ], [ [ 566551.910000001080334, 5928313.914000000804663 ], [ 566552.004000000655651, 5928337.11600000038743 ], [ 566550.215000000782311, 5928337.12300000153482 ], [ 566550.121000002138317, 5928313.920999998226762 ], [ 566551.910000001080334, 5928313.914000000804663 ] ], [ [ 566549.155000001192093, 5928340.963000003248453 ], [ 566549.146999999880791, 5928339.243000000715256 ], [ 566580.631000000052154, 5928339.105000000447035 ], [ 566580.639000001363456, 5928340.825000001117587 ], [ 566549.155000001192093, 5928340.963000003248453 ] ], [ [ 566574.791000001132488, 5928309.925999999046326 ], [ 566580.541000000201166, 5928309.900000004097819 ], [ 566580.548999999649823, 5928311.61600000038743 ], [ 566559.207000000402331, 5928311.71200000308454 ], [ 566544.245000001043081, 5928311.77900000102818 ], [ 566544.239000000990927, 5928310.315999999642372 ], [ 566544.237999999895692, 5928310.063000002875924 ], [ 566574.791000001132488, 5928309.925999999046326 ] ], [ [ 566573.023000000976026, 5928337.03800000064075 ], [ 566568.703000000678003, 5928337.041000004857779 ], [ 566568.686000001616776, 5928313.702000001445413 ], [ 566573.005999999120831, 5928313.699000002816319 ], [ 566573.023000000976026, 5928337.03800000064075 ] ] ] } },
{ "type": "Feature", "properties": { "gebaeude_id": "DEHHALKAJ0000thy", "dachneig": 0.0, "dachfl_2d": 742.824, "dachfl_3d": 742.824, "area_m2": 742.8 }, "geometry": { "type": "Polygon", "coordinates": [ [ [ 566592.779000000096858, 5928361.396999999880791 ], [ 566611.906000000424683, 5928361.307000001892447 ], [ 566611.557000000961125, 5928286.725000001490116 ], [ 566592.424000001512468, 5928286.814000001177192 ], [ 566592.779000000096858, 5928361.396999999880791 ] ], [ [ 566599.158999999985099, 5928307.379999997094274 ], [ 566599.19300000090152, 5928308.381000000983477 ], [ 566598.846000000834465, 5928308.39299999922514 ], [ 566598.811999999918044, 5928307.392000000923872 ], [ 566599.158999999985099, 5928307.379999997094274 ] ], [ [ 566598.631000000052154, 5928310.610999999567866 ], [ 566598.440999999642372, 5928310.64299999922514 ], [ 566598.23200000077486, 5928310.565000001341105 ], [ 566598.095999999903142, 5928310.387000000104308 ], [ 566598.071999999694526, 5928310.195000002160668 ], [ 566598.139999999664724, 5928310.014000002294779 ], [ 566598.312000000849366, 5928309.872000001370907 ], [ 566598.533000001683831, 5928309.844000000506639 ], [ 566598.712000001221895, 5928309.917999999597669 ], [ 566598.83500000089407, 5928310.068 ], [ 566598.872000000439584, 5928310.287999998778105 ], [ 566598.785000001080334, 5928310.494000000879169 ], [ 566598.631000000052154, 5928310.610999999567866 ] ], [ [ 566598.884000000543892, 5928310.849999999627471 ], [ 566599.013000002130866, 5928310.847000000998378 ], [ 566599.032999999821186, 5928311.781999999657273 ], [ 566598.290000000968575, 5928311.798000002279878 ], [ 566598.27000000141561, 5928310.862999998033047 ], [ 566598.884000000543892, 5928310.849999999627471 ] ], [ [ 566598.721000001765788, 5928320.853000001981854 ], [ 566598.683000001125038, 5928324.821000002324581 ], [ 566596.975999999791384, 5928324.803999997675419 ], [ 566597.014000000432134, 5928320.837000004947186 ], [ 566598.721000001765788, 5928320.853000001981854 ] ], [ [ 566596.893000001087785, 5928300.798000000417233 ], [ 566596.801000001840293, 5928296.952000003308058 ], [ 566598.572000000625849, 5928296.909 ], [ 566598.66399999987334, 5928300.756000002846122 ], [ 566596.893000001087785, 5928300.798000000417233 ] ], [ [ 566598.832000002264977, 5928348.801000000908971 ], [ 566597.044999999925494, 5928348.786000000312924 ], [ 566597.079000000841916, 5928344.943000001832843 ], [ 566598.865000002086163, 5928344.958000002428889 ], [ 566598.832000002264977, 5928348.801000000908971 ] ], [ [ 566595.360999999567866, 5928353.872000003233552 ], [ 566595.410000000149012, 5928359.044000001624227 ], [ 566593.628000001423061, 5928359.061000000685453 ], [ 566593.579000000841916, 5928353.888000002130866 ], [ 566595.360999999567866, 5928353.872000003233552 ] ], [ [ 566596.794999999925494, 5928296.684000000357628 ], [ 566596.787999999709427, 5928291.482999999076128 ], [ 566598.566000001505017, 5928291.480000000447035 ], [ 566598.574000000022352, 5928296.682000001892447 ], [ 566596.794999999925494, 5928296.684000000357628 ] ], [ [ 566593.292000001296401, 5928289.061000004410744 ], [ 566595.106000000610948, 5928289.06700000166893 ], [ 566595.088000000454485, 5928294.265000002458692 ], [ 566593.275000001303852, 5928294.259000001475215 ], [ 566593.292000001296401, 5928289.061000004410744 ] ], [ [ 566598.840000000782311, 5928356.582000000402331 ], [ 566597.129000000655651, 5928356.588999999687076 ], [ 566597.098000000230968, 5928349.053000001236796 ], [ 566598.810000002384186, 5928349.046000003814697 ], [ 566598.840000000782311, 5928356.582000000402331 ] ], [ [ 566598.676000000908971, 5928320.564000001177192 ], [ 566596.939999998547137, 5928320.58500000461936 ], [ 566596.834000001661479, 5928311.941999999806285 ], [ 566598.570000000298023, 5928311.921 ], [ 566598.676000000908971, 5928320.564000001177192 ] ], [ [ 566598.757000000216067, 5928333.792999999597669 ], [ 566597.000000001862645, 5928333.792999999597669 ], [ 566597.002000001259148, 5928325.217000000178814 ], [ 566598.75899999961257, 5928325.217000000178814 ], [ 566598.757000000216067, 5928333.792999999597669 ] ], [ [ 566599.003000000491738, 5928335.381000000983477 ], [ 566599.002000002190471, 5928335.616000002250075 ], [ 566598.865000002086163, 5928335.851000003516674 ], [ 566598.623999999836087, 5928335.978000001981854 ], [ 566598.721000001765788, 5928335.979000002145767 ], [ 566598.745000001043081, 5928344.577000001445413 ], [ 566597.048999999649823, 5928344.581000002101064 ], [ 566597.024000001139939, 5928335.984000002965331 ], [ 566598.389000000432134, 5928335.973000001162291 ], [ 566598.186000000685453, 5928335.848000004887581 ], [ 566598.051000000908971, 5928335.612000001594424 ], [ 566598.063000000081956, 5928335.341000001877546 ], [ 566598.188999999314547, 5928335.142000000923872 ], [ 566598.393000000156462, 5928335.026000000536442 ], [ 566598.665000000968575, 5928335.027000000700355 ], [ 566598.894000000320375, 5928335.17200000025332 ], [ 566599.003000000491738, 5928335.381000000983477 ] ], [ [ 566596.851000000722706, 5928309.783000001683831 ], [ 566596.79600000102073, 5928301.145000003278255 ], [ 566598.603000000119209, 5928301.13399999961257 ], [ 566598.659000000916421, 5928309.771999999880791 ], [ 566596.851000000722706, 5928309.783000001683831 ] ], [ [ 566595.168000001460314, 5928313.415000000968575 ], [ 566593.425999999977648, 5928313.420000001788139 ], [ 566593.380000000819564, 5928296.355999998748302 ], [ 566595.121000000275671, 5928296.351000003516674 ], [ 566595.168000001460314, 5928313.415000000968575 ] ], [ [ 566593.53000000026077, 5928351.820000002160668 ], [ 566593.519000000320375, 5928334.705000001937151 ], [ 566595.312000001780689, 5928334.704 ], [ 566595.323000001721084, 5928351.819000001996756 ], [ 566593.53000000026077, 5928351.820000002160668 ] ], [ [ 566600.302000000141561, 5928311.410000002011657 ], [ 566603.886000000871718, 5928311.409000001847744 ], [ 566603.890000000596046, 5928322.259999999776483 ], [ 566600.30599999986589, 5928322.261 ], [ 566600.302000000141561, 5928311.410000002011657 ] ], [ [ 566605.634000001475215, 5928323.45299999974668 ], [ 566609.324000001884997, 5928323.423000000417233 ], [ 566609.414000000804663, 5928334.254000000655651 ], [ 566605.724000000394881, 5928334.285000002011657 ], [ 566605.634000001475215, 5928323.45299999974668 ] ], [ [ 566600.120000000111759, 5928299.389000000432134 ], [ 566603.780999999493361, 5928299.363000001758337 ], [ 566603.855999999679625, 5928310.287999998778105 ], [ 566600.195000002160668, 5928310.313000001013279 ], [ 566600.120000000111759, 5928299.389000000432134 ] ], [ [ 566600.044999999925494, 5928287.419000001624227 ], [ 566603.741000001318753, 5928287.390000002458692 ], [ 566603.826000000350177, 5928298.248999999836087 ], [ 566600.130000000819564, 5928298.278000002726912 ], [ 566600.044999999925494, 5928287.419000001624227 ] ], [ [ 566609.187000001780689, 5928287.417999999597669 ], [ 566609.209000001661479, 5928298.22999999858439 ], [ 566605.488000000827014, 5928298.238000003620982 ], [ 566605.464999999850988, 5928287.425999999046326 ], [ 566609.187000001780689, 5928287.417999999597669 ] ], [ [ 566609.38399999961257, 5928335.375 ], [ 566609.417000001296401, 5928346.242000000551343 ], [ 566605.706000000238419, 5928346.253999998793006 ], [ 566605.672000001184642, 5928335.386000001803041 ], [ 566609.38399999961257, 5928335.375 ] ], [ [ 566605.519999999552965, 5928299.39500000141561 ], [ 566609.235000001266599, 5928299.376000000163913 ], [ 566609.28899999987334, 5928310.246000001206994 ], [ 566605.574000000953674, 5928310.265000002458692 ], [ 566605.519999999552965, 5928299.39500000141561 ] ], [ [ 566603.926000000908971, 5928323.389000002294779 ], [ 566603.981000000610948, 5928334.280000001192093 ], [ 566600.25899999961257, 5928334.29900000244379 ], [ 566600.203999999910593, 5928323.407999997958541 ], [ 566603.926000000908971, 5928323.389000002294779 ] ], [ [ 566603.98000000230968, 5928335.390999998897314 ], [ 566604.040000000037253, 5928346.286000000312924 ], [ 566600.314000001177192, 5928346.307 ], [ 566600.254000000655651, 5928335.411000000312924 ], [ 566603.98000000230968, 5928335.390999998897314 ] ], [ [ 566609.295000000856817, 5928311.361000001430511 ], [ 566609.309000002220273, 5928322.272000003606081 ], [ 566605.515999999828637, 5928322.276999998837709 ], [ 566605.502000002190471, 5928311.366000002250075 ], [ 566609.295000000856817, 5928311.361000001430511 ] ], [ [ 566603.942999999970198, 5928347.277000002563 ], [ 566604.045999999158084, 5928360.667999999597669 ], [ 566600.481000000610948, 5928360.695000000298023 ], [ 566600.378000001423061, 5928347.304000001400709 ], [ 566603.942999999970198, 5928347.277000002563 ] ], [ [ 566605.685999999754131, 5928347.418000001460314 ], [ 566609.44300000090152, 5928347.378000000491738 ], [ 566609.584000000730157, 5928360.572000000625849 ], [ 566605.826999999582767, 5928360.612000001594424 ], [ 566605.685999999754131, 5928347.418000001460314 ] ] ] } },
{ "type": "Feature", "properties": { "gebaeude_id": "20211007143813_61", "dachneig": 0.0, "dachfl_2d": 14.081, "dachfl_3d": 14.081, "area_m2": 14.1 }, "geometry": { "type": "Polygon", "coordinates": [ [ [ 566617.571999999694526, 5928368.360999999567866 ], [ 566611.628000001423061, 5928368.381000000983477 ], [ 566611.635999999940395, 5928370.750000001862645 ], [ 566617.580000001005828, 5928370.730000000447035 ], [ 566617.571999999694526, 5928368.360999999567866 ] ] ] } },
{ "type": "Feature", "properties": { "gebaeude_id": "20211007143813_44", "dachneig": 0.0, "dachfl_2d": 14.847, "dachfl_3d": 14.847, "area_m2": 14.8 }, "geometry": { "type": "Polygon", "coordinates": [ [ [ 566602.412000000476837, 5928368.552000001072884 ], [ 566602.398000000044703, 5928370.905000003054738 ], [ 566608.707000001333654, 5928370.943 ], [ 566608.722000000067055, 5928368.590000003576279 ], [ 566602.412000000476837, 5928368.552000001072884 ] ] ] } },
{ "type": "Feature", "properties": { "gebaeude_id": "20211007143813_71", "dachneig": 0.0, "dachfl_2d": 13.458, "dachfl_3d": 13.458, "area_m2": 13.5 }, "geometry": { "type": "Polygon", "coordinates": [ [ [ 566602.083999999798834, 5928379.088000001385808 ], [ 566604.292000000365078, 5928379.083000000566244 ], [ 566604.277999999932945, 5928372.987999999895692 ], [ 566602.070000001229346, 5928372.993000000715256 ], [ 566602.083999999798834, 5928379.088000001385808 ] ] ] } },
{ "type": "Feature", "properties": { "gebaeude_id": "20211007143813_74", "dachneig": 0.0, "dachfl_2d": 13.908, "dachfl_3d": 13.908, "area_m2": 13.9 }, "geometry": { "type": "Polygon", "coordinates": [ [ [ 566628.424000001512468, 5928418.142000002786517 ], [ 566628.268000000156462, 5928412.15400000102818 ], [ 566625.947000000625849, 5928412.214999999850988 ], [ 566626.103000000119209, 5928418.203000001609325 ], [ 566628.424000001512468, 5928418.142000002786517 ] ] ] } },
{ "type": "Feature", "properties": { "gebaeude_id": "DEHHALKA4Zu000Qj", "dachneig": 18.798, "dachfl_2d": 44.855, "dachfl_3d": 47.383, "area_m2": 44.9 }, "geometry": { "type": "Polygon", "coordinates": [ [ [ 566645.260000001639128, 5928445.603000000119209 ], [ 566652.402000000700355, 5928438.329 ], [ 566649.270999999716878, 5928435.264000000432134 ], [ 566649.233, 5928435.227 ], [ 566649.146999999880791, 5928435.14299999922514 ], [ 566642.049000000581145, 5928442.379000002518296 ], [ 566645.260000001639128, 5928445.603000000119209 ] ], [ [ 566645.957000000402331, 5928440.792000001296401 ], [ 566644.860000001266599, 5928441.876000002026558 ], [ 566644.228000001050532, 5928441.235999999567866 ], [ 566645.295000000856817, 5928440.121000001206994 ], [ 566645.957000000402331, 5928440.792000001296401 ] ] ] } },
{ "type": "Feature", "properties": { "gebaeude_id": "DEHHALKA4Zu000Qj", "dachneig": 7.557, "dachfl_2d": 117.324, "dachfl_3d": 118.356, "area_m2": 117.3 }, "geometry": { "type": "Polygon", "coordinates": [ [ [ 566649.146999999880791, 5928435.14299999922514 ], [ 566640.834000000730157, 5928427.004000000655651 ], [ 566633.803000000305474, 5928434.100999999791384 ], [ 566642.049000000581145, 5928442.379000002518296 ], [ 566649.146999999880791, 5928435.14299999922514 ] ] ] } },
{ "type": "Feature", "properties": { "gebaeude_id": "DEHHALKA4Zu000Qj", "dachneig": 0.0, "dachfl_2d": 10.923, "dachfl_3d": 10.923, "area_m2": 10.9 }, "geometry": { "type": "Polygon", "coordinates": [ [ [ 566651.462000001221895, 5928435.560000000521541 ], [ 566651.150000001303852, 5928429.798000000417233 ], [ 566649.367999999783933, 5928429.93299999833107 ], [ 566649.731000000610948, 5928434.795 ], [ 566649.233, 5928435.227 ], [ 566649.270999999716878, 5928435.264000000432134 ], [ 566650.459999999962747, 5928436.427999999374151 ], [ 566651.462000001221895, 5928435.560000000521541 ] ] ] } },
{ "type": "Feature", "properties": { "gebaeude_id": "DEHHALKA10007roI", "dachneig": 10.284, "dachfl_2d": 39.958, "dachfl_3d": 40.611, "area_m2": 40.0 }, "geometry": { "type": "Polygon", "coordinates": [ [ [ 566574.746000001206994, 5928446.012000001966953 ], [ 566567.673000000417233, 5928438.943 ], [ 566564.848000001162291, 5928441.769000001251698 ], [ 566571.921000001952052, 5928448.838000001385808 ], [ 566574.746000001206994, 5928446.012000001966953 ] ] ] } },
{ "type": "Feature", "properties": { "gebaeude_id": "DEHHALKA10007roI", "dachneig": 10.566, "dachfl_2d": 57.507, "dachfl_3d": 58.497, "area_m2": 57.5 }, "geometry": { "type": "Polygon", "coordinates": [ [ [ 566575.338000000454485, 5928441.088000001385808 ], [ 566577.223000001162291, 5928439.203000003471971 ], [ 566572.316000001505017, 5928434.298000002279878 ], [ 566567.673000000417233, 5928438.943 ], [ 566574.746000001206994, 5928446.012000001966953 ], [ 566577.503000000491738, 5928443.253000000491738 ], [ 566575.338000000454485, 5928441.088000001385808 ] ] ] } },
{ "type": "Feature", "properties": { "gebaeude_id": "20211007143813_59", "dachneig": 0.945, "dachfl_2d": 16.992, "dachfl_3d": 16.994, "area_m2": 17.0 }, "geometry": { "type": "Polygon", "coordinates": [ [ [ 566568.206000000238419, 5928508.550000000745058 ], [ 566566.971000000834465, 5928511.31700000166893 ], [ 566572.092000000178814, 5928513.602000001817942 ], [ 566573.32700000051409, 5928510.83500000089407 ], [ 566568.206000000238419, 5928508.550000000745058 ] ] ] } },
{ "type": "Feature", "properties": { "gebaeude_id": "20211007143813_43", "dachneig": 4.852, "dachfl_2d": 24.171, "dachfl_3d": 24.258, "area_m2": 24.2 }, "geometry": { "type": "Polygon", "coordinates": [ [ [ 566575.205000000074506, 5928488.300999999046326 ], [ 566571.996000001206994, 5928494.838000001385808 ], [ 566574.957000002264977, 5928496.292000001296401 ], [ 566578.201000000350177, 5928489.826999999582767 ], [ 566575.205000000074506, 5928488.300999999046326 ] ] ] } },
{ "type": "Feature", "properties": { "gebaeude_id": "20211007143813_57", "dachneig": 2.857, "dachfl_2d": 29.427, "dachfl_3d": 29.464, "area_m2": 29.4 }, "geometry": { "type": "Polygon", "coordinates": [ [ [ 566567.758000001311302, 5928489.436999998986721 ], [ 566573.008000001311302, 5928492.074000002816319 ], [ 566575.256000000052154, 5928487.598000003024936 ], [ 566570.006000000052154, 5928484.960999999195337 ], [ 566567.758000001311302, 5928489.436999998986721 ] ] ] } },
{ "type": "Feature", "properties": { "gebaeude_id": "DEHHALKA45b000OF", "dachneig": 0.0, "dachfl_2d": 283.049, "dachfl_3d": 283.049, "area_m2": 283.0 }, "geometry": { "type": "Polygon", "coordinates": [ [ [ 566479.86500000115484, 5928381.77900000102818 ], [ 566479.877000002190471, 5928381.77900000102818 ], [ 566479.962999999523163, 5928381.771999999880791 ], [ 566479.967000001110137, 5928379.901000002399087 ], [ 566480.084999999962747, 5928379.901000002399087 ], [ 566480.088999999687076, 5928379.535000002011657 ], [ 566479.925000000745058, 5928379.530000001192093 ], [ 566479.946000000461936, 5928378.811999998986721 ], [ 566479.947000000625849, 5928378.786000000312924 ], [ 566479.349000002257526, 5928378.793000003322959 ], [ 566479.315000001341105, 5928378.793000003322959 ], [ 566478.756999999284744, 5928378.781999999657273 ], [ 566478.773000000044703, 5928377.948000002652407 ], [ 566479.131000000052154, 5928377.634000001475215 ], [ 566481.725999998860061, 5928377.648000001907349 ], [ 566481.775000002235174, 5928373.048000002279878 ], [ 566481.918999999761581, 5928373.047000002115965 ], [ 566481.904000000096858, 5928372.743999999016523 ], [ 566482.492999999783933, 5928372.735999999567866 ], [ 566482.508000001311302, 5928373.014000004157424 ], [ 566482.510000000707805, 5928373.042000001296401 ], [ 566483.376999999396503, 5928373.035000002011657 ], [ 566483.375, 5928373.159000001847744 ], [ 566484.708999999798834, 5928373.129000004380941 ], [ 566484.735000001266599, 5928373.127999998629093 ], [ 566484.723000000230968, 5928373.750000001862645 ], [ 566483.378000000491738, 5928373.759000001475215 ], [ 566483.362000000663102, 5928373.759000001475215 ], [ 566483.27900000102818, 5928377.662999998778105 ], [ 566483.27000000141561, 5928378.134000001475215 ], [ 566483.294999999925494, 5928381.130000002682209 ], [ 566482.510999999940395, 5928381.138000002130866 ], [ 566482.121999999508262, 5928381.123999999836087 ], [ 566480.464000000618398, 5928381.122000003233552 ], [ 566480.483, 5928381.606000000610948 ], [ 566480.490000000223517, 5928381.773 ], [ 566480.507000000216067, 5928382.313000001013279 ], [ 566480.507000000216067, 5928382.331000002101064 ], [ 566482.326999999582767, 5928382.324999999254942 ], [ 566482.359000000171363, 5928392.255000000819564 ], [ 566482.359000000171363, 5928392.275999998673797 ], [ 566483.730000001378357, 5928392.271999999880791 ], [ 566492.156999999657273, 5928392.230999998748302 ], [ 566492.054000000469387, 5928370.627000002190471 ], [ 566469.753000001423061, 5928370.734000002965331 ], [ 566468.416000001132488, 5928370.740000000223517 ], [ 566468.421000001952052, 5928371.803999999538064 ], [ 566469.40500000026077, 5928371.7989999987185 ], [ 566469.415000000968575, 5928373.889000004157424 ], [ 566468.714000000618398, 5928373.89299999922514 ], [ 566468.431000000797212, 5928373.894000004976988 ], [ 566468.446000000461936, 5928377.18300000205636 ], [ 566468.456000001169741, 5928379.320000000298023 ], [ 566464.036000000312924, 5928379.341000003740191 ], [ 566464.050999999977648, 5928382.384000001475215 ], [ 566479.810999999754131, 5928382.333000002428889 ], [ 566479.882000000216067, 5928382.333000002428889 ], [ 566479.86500000115484, 5928381.793000001460314 ], [ 566479.809000000357628, 5928381.633000001311302 ], [ 566479.86500000115484, 5928381.77900000102818 ] ], [ [ 566465.850000000558794, 5928381.616000002250075 ], [ 566465.851999999955297, 5928379.73200000077486 ], [ 566479.810999999754131, 5928379.748999999836087 ], [ 566479.809000000357628, 5928381.633000001311302 ], [ 566465.850000000558794, 5928381.616000002250075 ] ], [ [ 566469.665000001899898, 5928374.296 ], [ 566469.684000000357628, 5928376.233000000938773 ], [ 566469.704000000841916, 5928378.351000003516674 ], [ 566468.756000000983477, 5928378.359999997541308 ], [ 566468.735000002197921, 5928376.242000000551343 ], [ 566468.716000000946224, 5928374.306000001728535 ], [ 566469.665000001899898, 5928374.296 ] ], [ [ 566478.42200000025332, 5928377.127000002190471 ], [ 566478.439000000245869, 5928378.287000000476837 ], [ 566470.02900000102818, 5928378.410000000149012 ], [ 566469.997000000439584, 5928376.204000003635883 ], [ 566478.406000000424683, 5928376.082000000402331 ], [ 566478.409000000916421, 5928376.233000000938773 ], [ 566479.304000001400709, 5928376.220000000670552 ], [ 566479.596000001765788, 5928376.215000001713634 ], [ 566479.609000001102686, 5928377.109999999403954 ], [ 566479.317000000737607, 5928377.114000003784895 ], [ 566478.42200000025332, 5928377.127000002190471 ] ], [ [ 566470.639999999664724, 5928372.05599999986589 ], [ 566480.510999999009073, 5928371.940999999642372 ], [ 566480.530999999493361, 5928373.621000001206994 ], [ 566480.828000000678003, 5928373.617000000551343 ], [ 566480.837999999523163, 5928374.537000002339482 ], [ 566480.541000001132488, 5928374.540000000968575 ], [ 566480.544999999925494, 5928374.902000000700355 ], [ 566470.674000000581145, 5928375.017000000923872 ], [ 566470.639999999664724, 5928372.05599999986589 ] ] ] } },
{ "type": "Feature", "properties": { "gebaeude_id": "DEHHALKA45b000OF", "dachneig": 0.0, "dachfl_2d": 402.666, "dachfl_3d": 402.666, "area_m2": 402.7 }, "geometry": { "type": "Polygon", "coordinates": [ [ [ 566467.925000000745058, 5928376.655000003054738 ], [ 566467.897000000812113, 5928370.743000004440546 ], [ 566467.896000000648201, 5928370.655000004917383 ], [ 566453.527999999932945, 5928370.723000001162291 ], [ 566453.630000000819564, 5928392.349000001326203 ], [ 566453.63399999961257, 5928393.057000001892447 ], [ 566453.632000000216067, 5928392.349000001326203 ], [ 566481.67200000025332, 5928392.257000003010035 ], [ 566481.641000000759959, 5928382.841000003740191 ], [ 566464.053000001236796, 5928382.898000001907349 ], [ 566463.432000000961125, 5928382.901000000536442 ], [ 566463.405000001192093, 5928377.207000002264977 ], [ 566463.403000000864267, 5928376.677000002935529 ], [ 566467.925000000745058, 5928376.655000003054738 ] ], [ [ 566466.673999999649823, 5928373.762000000104308 ], [ 566466.728000001050532, 5928375.305000001564622 ], [ 566465.628000001423061, 5928375.343000000342727 ], [ 566465.575000001117587, 5928373.800000002607703 ], [ 566466.673999999649823, 5928373.762000000104308 ] ], [ [ 566475.243000000715256, 5928390.343000002205372 ], [ 566478.334000000730157, 5928390.31900000013411 ], [ 566478.342000000178814, 5928391.348000003024936 ], [ 566475.251000000163913, 5928391.372000001370907 ], [ 566475.243000000715256, 5928390.343000002205372 ] ], [ [ 566478.865000002086163, 5928387.330999998375773 ], [ 566478.876000002026558, 5928384.780000003054738 ], [ 566480.446000000461936, 5928384.787000000476837 ], [ 566480.434000002220273, 5928387.338000001385808 ], [ 566478.865000002086163, 5928387.330999998375773 ] ] ] } },
{ "type": "Feature", "properties": { "gebaeude_id": "DEHHALKAJ0000wZz", "dachneig": 20.712, "dachfl_2d": 663.174, "dachfl_3d": 708.931, "area_m2": 663.2 }, "geometry": { "type": "Polygon", "coordinates": [ [ [ 566307.678000000305474, 5928450.409000003710389 ], [ 566339.866000001318753, 5928417.047000002115965 ], [ 566337.331000000238419, 5928414.550000002607703 ], [ 566339.065000000409782, 5928412.811000000685453 ], [ 566331.65500000026077, 5928405.677000002935529 ], [ 566297.77000000141561, 5928440.871000001206994 ], [ 566307.678000000305474, 5928450.409000003710389 ] ], [ [ 566320.218000001274049, 5928431.695000002160668 ], [ 566320.939000000245869, 5928430.873999999836087 ], [ 566321.764000001363456, 5928431.598000003024936 ], [ 566321.042000001296401, 5928432.419000001624227 ], [ 566320.218000001274049, 5928431.695000002160668 ] ] ] } },
{ "type": "Feature", "properties": { "gebaeude_id": "DEHHALKAJ0000wZz", "dachneig": 21.194, "dachfl_2d": 25.162, "dachfl_3d": 26.98, "area_m2": 25.2 }, "geometry": { "type": "Polygon", "coordinates": [ [ [ 566339.879000000655651, 5928417.012000003829598 ], [ 566344.688000000081956, 5928421.659000001847744 ], [ 566346.404000001959503, 5928419.877000000327826 ], [ 566339.065000000409782, 5928412.811000000685453 ], [ 566337.331000000238419, 5928414.550000002607703 ], [ 566339.879000000655651, 5928417.012000003829598 ] ] ] } },
{ "type": "Feature", "properties": { "gebaeude_id": "DEHHALKAJ0000wZz", "dachneig": 22.435, "dachfl_2d": 610.321, "dachfl_3d": 654.204, "area_m2": 610.3 }, "geometry": { "type": "Polygon", "coordinates": [ [ [ 566344.688000000081956, 5928421.659000001847744 ], [ 566339.866000001318753, 5928417.047000002115965 ], [ 566307.678000000305474, 5928450.409000003710389 ], [ 566317.542000001296401, 5928459.905999999493361 ], [ 566325.4720000019297, 5928451.668999999761581 ], [ 566324.174999998882413, 5928444.947999998927116 ], [ 566330.934000002220273, 5928445.976000001654029 ], [ 566349.700000001117587, 5928426.485000003129244 ], [ 566344.688000000081956, 5928421.659000001847744 ] ], [ [ 566334.922000002115965, 5928426.647000001743436 ], [ 566335.573000000789762, 5928427.296 ], [ 566334.757000000216067, 5928428.116000002250075 ], [ 566334.105000000447035, 5928427.466000001877546 ], [ 566334.922000002115965, 5928426.647000001743436 ] ] ] } },
{ "type": "Feature", "properties": { "gebaeude_id": "DEHHALKAJ0000wZz", "dachneig": 29.057, "dachfl_2d": 31.738, "dachfl_3d": 36.299, "area_m2": 31.7 }, "geometry": { "type": "Polygon", "coordinates": [ [ [ 566324.174999998882413, 5928444.947999998927116 ], [ 566331.938000001013279, 5928452.455000003799796 ], [ 566334.691999999806285, 5928449.594000000506639 ], [ 566330.934000002220273, 5928445.976000001654029 ], [ 566324.174999998882413, 5928444.947999998927116 ] ] ] } },
{ "type": "Feature", "properties": { "gebaeude_id": "DEHHALKAJ0000wZz", "dachneig": 29.241, "dachfl_2d": 31.414, "dachfl_3d": 36.01, "area_m2": 31.4 }, "geometry": { "type": "Polygon", "coordinates": [ [ [ 566324.174999998882413, 5928444.947999998927116 ], [ 566325.4720000019297, 5928451.668999999761581 ], [ 566329.21999999973923, 5928455.278000002726912 ], [ 566331.938000001013279, 5928452.455000003799796 ], [ 566324.174999998882413, 5928444.947999998927116 ] ] ] } },
{ "type": "Feature", "properties": { "gebaeude_id": "DEHHALKAJ0000wJt", "dachneig": 28.986, "dachfl_2d": 60.793, "dachfl_3d": 68.918, "area_m2": 60.8 }, "geometry": { "type": "Polygon", "coordinates": [ [ [ 566320.361000000499189, 5928325.618000004440546 ], [ 566320.339999999850988, 5928325.670000003650784 ], [ 566320.312000000849366, 5928325.719000002369285 ], [ 566320.277999999932945, 5928325.764000000432134 ], [ 566322.76799999922514, 5928323.216000001877546 ], [ 566322.725999999791384, 5928323.247000001370907 ], [ 566322.681000000797212, 5928323.271999999880791 ], [ 566322.633000001311302, 5928323.292000001296401 ], [ 566322.582000001333654, 5928323.30600000359118 ], [ 566322.530999999493361, 5928323.313000001013279 ], [ 566322.479000000283122, 5928323.313000001013279 ], [ 566322.427000001072884, 5928323.307 ], [ 566322.376000001095235, 5928323.295 ], [ 566322.32799999974668, 5928323.275999998673797 ], [ 566322.281999999657273, 5928323.252000002190471 ], [ 566322.239000000990927, 5928323.221999999135733 ], [ 566322.201000000350177, 5928323.186000002548099 ], [ 566322.167000002227724, 5928323.146000001579523 ], [ 566322.139000000432134, 5928323.1030000038445 ], [ 566322.116000001318753, 5928323.05599999986589 ], [ 566322.099000000394881, 5928323.006000002846122 ], [ 566322.089000001549721, 5928322.955000001937151 ], [ 566322.085000001825392, 5928322.903000002726912 ], [ 566322.088000000454485, 5928322.851000003516674 ], [ 566322.097000000067055, 5928322.800000000745058 ], [ 566322.113000000827014, 5928322.75 ], [ 566322.13399999961257, 5928322.703000001609325 ], [ 566322.16200000140816, 5928322.657999999821186 ], [ 566322.19400000013411, 5928322.618000000715256 ], [ 566322.23200000077486, 5928322.582000004127622 ], [ 566322.274000000208616, 5928322.550999999046326 ], [ 566322.319000001065433, 5928322.525000000372529 ], [ 566322.367999999783933, 5928322.505000002682209 ], [ 566322.418000000528991, 5928322.492000002413988 ], [ 566322.46999999973923, 5928322.484999999403954 ], [ 566322.522000000812113, 5928322.484000002965331 ], [ 566322.573000001721084, 5928322.490000000223517 ], [ 566322.623999998904765, 5928322.503000000491738 ], [ 566322.673000002279878, 5928322.520999999716878 ], [ 566322.719000001437962, 5928322.546000003814697 ], [ 566322.761000001803041, 5928322.5760000012815 ], [ 566322.800000000745058, 5928322.611000001430511 ], [ 566322.833000000566244, 5928322.651000002399087 ], [ 566322.862000000663102, 5928322.695000002160668 ], [ 566322.884000000543892, 5928322.742000000551343 ], [ 566322.901000000536442, 5928322.791000001132488 ], [ 566322.911000001244247, 5928322.842000002041459 ], [ 566322.915000000968575, 5928322.894000001251698 ], [ 566322.91300000064075, 5928322.946000000461936 ], [ 566322.902999999932945, 5928322.997999999672174 ], [ 566322.888000000268221, 5928323.04700000025332 ], [ 566322.86600000038743, 5928323.094999998807907 ], [ 566322.838999999687076, 5928323.138999998569489 ], [ 566322.80599999986589, 5928323.180000001564622 ], [ 566317.920000001788139, 5928329.298000002279878 ], [ 566329.78700000140816, 5928317.318999998271465 ], [ 566324.246000002138317, 5928311.702000003308058 ], [ 566319.537999999709427, 5928325.276000002399087 ], [ 566319.56599999871105, 5928325.228000001981854 ], [ 566319.599000001326203, 5928325.18300000205636 ], [ 566319.638000000268221, 5928325.143000001087785 ], [ 566319.682000000029802, 5928325.108000002801418 ], [ 566319.730000001378357, 5928325.078000003471971 ], [ 566319.780999999493361, 5928325.055000001564622 ], [ 566319.83500000089407, 5928325.039000004529953 ], [ 566319.890000000596046, 5928325.02899999730289 ], [ 566319.946000001393259, 5928325.027000000700355 ], [ 566320.001999999396503, 5928325.030999999493361 ], [ 566320.057000000029802, 5928325.042000003159046 ], [ 566320.110000002197921, 5928325.061000004410744 ], [ 566320.160000001080334, 5928325.08500000089407 ], [ 566320.207000001333654, 5928325.11600000038743 ], [ 566320.25, 5928325.153000002726912 ], [ 566320.28800000064075, 5928325.19400000013411 ], [ 566320.320000002160668, 5928325.240000002086163 ], [ 566320.346000001765788, 5928325.28999999910593 ], [ 566320.366000001318753, 5928325.342000002041459 ], [ 566320.379000001586974, 5928325.396999999880791 ], [ 566320.385000000707805, 5928325.453000001609325 ], [ 566320.38399999961257, 5928325.509000001475215 ], [ 566320.376000000163913, 5928325.563999999314547 ], [ 566320.361000000499189, 5928325.618000004440546 ] ] ] } },
{ "type": "Feature", "properties": { "gebaeude_id": "DEHHALKAJ0000wJt", "dachneig": 28.867, "dachfl_2d": 247.985, "dachfl_3d": 283.206, "area_m2": 248.0 }, "geometry": { "type": "Polygon", "coordinates": [ [ [ 566309.528000000864267, 5928337.769000003114343 ], [ 566315.63399999961257, 5928343.838000001385808 ], [ 566335.982000001706183, 5928323.368000002577901 ], [ 566329.78700000140816, 5928317.318999998271465 ], [ 566317.920000001788139, 5928329.298000002279878 ], [ 566309.528000000864267, 5928337.769000003114343 ] ], [ [ 566318.012000000104308, 5928330.163000002503395 ], [ 566318.014999998733401, 5928330.097000002861023 ], [ 566318.026999999769032, 5928330.031999999657273 ], [ 566318.04700000025332, 5928329.969000002369285 ], [ 566318.074000000953674, 5928329.909 ], [ 566318.109000000171363, 5928329.852 ], [ 566318.151000000536442, 5928329.801000002771616 ], [ 566318.199000000022352, 5928329.755000000819564 ], [ 566318.252000002190471, 5928329.716000001877546 ], [ 566318.310000000521541, 5928329.68299999833107 ], [ 566318.371000001206994, 5928329.657999999821186 ], [ 566318.435000001452863, 5928329.641000000759959 ], [ 566318.501000001095235, 5928329.632000001147389 ], [ 566318.567000000737607, 5928329.632000001147389 ], [ 566318.63300000037998, 5928329.638999998569489 ], [ 566318.697000000625849, 5928329.655000001192093 ], [ 566318.759000000543892, 5928329.678999999538064 ], [ 566318.81700000166893, 5928329.71000000461936 ], [ 566318.871000000275671, 5928329.748999997973442 ], [ 566318.920000000856817, 5928329.793999999761581 ], [ 566318.962999999523163, 5928329.844000000506639 ], [ 566318.998999999836087, 5928329.900000000372529 ], [ 566319.027000001631677, 5928329.959000000730157 ], [ 566319.048000000417233, 5928330.022000001743436 ], [ 566319.060999999754131, 5928330.087000001221895 ], [ 566319.066000000573695, 5928330.153000000864267 ], [ 566319.063000000081956, 5928330.219000000506639 ], [ 566319.051000000908971, 5928330.284 ], [ 566319.031000001356006, 5928330.348000001162291 ], [ 566319.004000000655651, 5928330.407999999821186 ], [ 566318.969000000506639, 5928330.464000001549721 ], [ 566318.927000001072884, 5928330.515000000596046 ], [ 566318.878999998793006, 5928330.561000002548099 ], [ 566318.8260000012815, 5928330.601000001654029 ], [ 566318.768000001087785, 5928330.633000003173947 ], [ 566318.707000001333654, 5928330.658000001683831 ], [ 566318.64299999922514, 5928330.675000000745058 ], [ 566318.576999999582767, 5928330.684000002220273 ], [ 566318.510999999940395, 5928330.684999998658895 ], [ 566318.445000000298023, 5928330.677000002935529 ], [ 566318.381000000983477, 5928330.661000000312924 ], [ 566318.31900000013411, 5928330.638000000268221 ], [ 566318.260999999940395, 5928330.605999998748302 ], [ 566318.207000001333654, 5928330.568 ], [ 566318.158000000752509, 5928330.523 ], [ 566318.114999999292195, 5928330.472000000998378 ], [ 566318.079000000841916, 5928330.416999999433756 ], [ 566318.050999999977648, 5928330.35700000077486 ], [ 566318.030000001192093, 5928330.293999999761581 ], [ 566318.017000000923872, 5928330.229000002145767 ], [ 566317.920000001788139, 5928329.298000002279878 ], [ 566318.012000000104308, 5928330.163000002503395 ] ] ] } },
{ "type": "Feature", "properties": { "gebaeude_id": "DEHHALKAJ0000wJt", "dachneig": 27.779, "dachfl_2d": 166.272, "dachfl_3d": 188.22, "area_m2": 166.3 }, "geometry": { "type": "Polygon", "coordinates": [ [ [ 566322.76799999922514, 5928323.216000001877546 ], [ 566320.277999999932945, 5928325.764000000432134 ], [ 566320.239000000059605, 5928325.803999999538064 ], [ 566320.195000000298023, 5928325.838999999687076 ], [ 566320.147000000812113, 5928325.868000002577901 ], [ 566320.096000000834465, 5928325.890999998897314 ], [ 566320.043000001460314, 5928325.908000001683831 ], [ 566319.987000000663102, 5928325.917000003159046 ], [ 566319.93099999986589, 5928325.920000001788139 ], [ 566319.875000000931323, 5928325.915000000968575 ], [ 566319.821000000461936, 5928325.903999999165535 ], [ 566319.767000000923872, 5928325.886000001803041 ], [ 566319.717000000178814, 5928325.860999999567866 ], [ 566319.670000001788139, 5928325.83 ], [ 566319.628000001423061, 5928325.793999997898936 ], [ 566319.590000000782311, 5928325.752000000327826 ], [ 566319.558000000193715, 5928325.706000003963709 ], [ 566319.532000000588596, 5928325.656999997794628 ], [ 566319.512000000104308, 5928325.604000004008412 ], [ 566319.49900000076741, 5928325.550000002607703 ], [ 566319.493000001646578, 5928325.493999999016523 ], [ 566319.493999999947846, 5928325.438000001013279 ], [ 566319.501000000163913, 5928325.382000003010035 ], [ 566319.515999999828637, 5928325.328000001609325 ], [ 566324.246000002138317, 5928311.702000003308058 ], [ 566303.881000000983477, 5928332.155000001192093 ], [ 566309.528000000864267, 5928337.769000003114343 ], [ 566317.920000001788139, 5928329.298000002279878 ], [ 566322.76799999922514, 5928323.216000001877546 ] ], [ [ 566313.43300000205636, 5928330.457000000402331 ], [ 566313.446000001393259, 5928330.484000001102686 ], [ 566313.456000000238419, 5928330.513000002130866 ], [ 566313.462000002153218, 5928330.543000001460314 ], [ 566313.465000000782311, 5928330.573000000789762 ], [ 566313.463000000454485, 5928330.604000000283122 ], [ 566313.458000000566244, 5928330.633000003173947 ], [ 566313.449000000022352, 5928330.662999998778105 ], [ 566313.437000000849366, 5928330.69000000320375 ], [ 566313.42100000102073, 5928330.716000001877546 ], [ 566313.401999999769032, 5928330.740000000223517 ], [ 566313.379999999888241, 5928330.76099999807775 ], [ 566313.355999999679625, 5928330.778999999165535 ], [ 566313.329000001773238, 5928330.794000001624227 ], [ 566313.300999999977648, 5928330.80599999986589 ], [ 566313.271999999880791, 5928330.813999999314547 ], [ 566313.242000000551343, 5928330.818000003695488 ], [ 566313.211000001057982, 5928330.81900000013411 ], [ 566313.180999998934567, 5928330.816000001505017 ], [ 566313.151000000536442, 5928330.80800000205636 ], [ 566313.123000000603497, 5928330.798000000417233 ], [ 566313.096000000834465, 5928330.782999997958541 ], [ 566313.071000002324581, 5928330.765999998897314 ], [ 566313.048999999649823, 5928330.746000001206994 ], [ 566313.029000000096858, 5928330.721999999135733 ], [ 566313.012000000104308, 5928330.697000000625849 ], [ 566312.99900000076741, 5928330.67 ], [ 566312.988999999128282, 5928330.640999998897314 ], [ 566312.983, 5928330.610999999567866 ], [ 566312.981000000610948, 5928330.581000000238419 ], [ 566312.982000001706183, 5928330.550000000745058 ], [ 566312.986999999731779, 5928330.521000001579523 ], [ 566312.996000000275671, 5928330.491000002250075 ], [ 566313.00899999961257, 5928330.464000001549721 ], [ 566313.024000001139939, 5928330.438000002875924 ], [ 566313.043999999761581, 5928330.414000000804663 ], [ 566313.065000000409782, 5928330.39300000295043 ], [ 566313.090000000782311, 5928330.375000001862645 ], [ 566313.11600000038743, 5928330.359999999403954 ], [ 566313.144000000320375, 5928330.348000001162291 ], [ 566313.173000000417233, 5928330.340000001713634 ], [ 566313.203999999910593, 5928330.335999997332692 ], [ 566313.234000001102686, 5928330.33500000089407 ], [ 566313.264000000432134, 5928330.337999999523163 ], [ 566313.293999999761581, 5928330.346000004559755 ], [ 566313.322000001557171, 5928330.356000000610948 ], [ 566313.349000001326203, 5928330.371000003069639 ], [ 566313.373999999836087, 5928330.388000002130866 ], [ 566313.395999999716878, 5928330.407999999821186 ], [ 566313.43300000205636, 5928330.457000000402331 ] ] ] } },
{ "type": "Feature", "properties": { "gebaeude_id": "DEHHALKAJ0000wJt", "dachneig": 3.896, "dachfl_2d": 114.946, "dachfl_3d": 115.213, "area_m2": 114.9 }, "geometry": { "type": "Polygon", "coordinates": [ [ [ 566314.434000002220273, 5928342.64500000141561 ], [ 566304.341000000946224, 5928332.612000003457069 ], [ 566298.647000000812113, 5928338.339999999850988 ], [ 566308.74100000038743, 5928348.374000003561378 ], [ 566314.434000002220273, 5928342.64500000141561 ] ] ] } },
{ "type": "Feature", "properties": { "gebaeude_id": "20211007143813_63", "dachneig": 0.0, "dachfl_2d": 14.894, "dachfl_3d": 14.894, "area_m2": 14.9 }, "geometry": { "type": "Polygon", "coordinates": [ [ [ 566293.2010000012815, 5928361.165000000968575 ], [ 566294.957000000402331, 5928359.402000000700355 ], [ 566290.716000000014901, 5928355.178000001236796 ], [ 566288.959999999962747, 5928356.941000001505017 ], [ 566293.2010000012815, 5928361.165000000968575 ] ] ] } },
{ "type": "Feature", "properties": { "gebaeude_id": "20211007143813_64", "dachneig": 1.147, "dachfl_2d": 14.661, "dachfl_3d": 14.664, "area_m2": 14.7 }, "geometry": { "type": "Polygon", "coordinates": [ [ [ 566291.345000001601875, 5928362.842000000178814 ], [ 566293.2010000012815, 5928361.165000000968575 ], [ 566288.959999999962747, 5928356.941000001505017 ], [ 566287.219000000506639, 5928358.659000001847744 ], [ 566291.345000001601875, 5928362.842000000178814 ] ] ] } },
{ "type": "Feature", "properties": { "gebaeude_id": "DEHHALKAJ0000vzZ", "dachneig": 13.88, "dachfl_2d": 48.027, "dachfl_3d": 49.488, "area_m2": 48.0 }, "geometry": { "type": "Polygon", "coordinates": [ [ [ 566243.785999999381602, 5928401.427999999374151 ], [ 566246.490000002086163, 5928404.16100000217557 ], [ 566255.389000001363456, 5928395.28799999691546 ], [ 566252.716000001877546, 5928392.588000001385808 ], [ 566243.785999999381602, 5928401.427999999374151 ] ] ] } },
{ "type": "Feature", "properties": { "gebaeude_id": "DEHHALKAJ0000vzZ", "dachneig": 13.741, "dachfl_2d": 48.539, "dachfl_3d": 49.986, "area_m2": 48.5 }, "geometry": { "type": "Polygon", "coordinates": [ [ [ 566255.389000001363456, 5928395.28799999691546 ], [ 566246.490000002086163, 5928404.16100000217557 ], [ 566249.191999998874962, 5928406.890000000596046 ], [ 566258.122000001370907, 5928398.049000000581145 ], [ 566255.389000001363456, 5928395.28799999691546 ] ] ] } },
{ "type": "Feature", "properties": { "gebaeude_id": "DEHHALKA1gl000Wh", "dachneig": 0.947, "dachfl_2d": 166.711, "dachfl_3d": 166.734, "area_m2": 166.7 }, "geometry": { "type": "Polygon", "coordinates": [ [ [ 566278.009999999776483, 5928401.576000003144145 ], [ 566273.631000000052154, 5928406.007000001147389 ], [ 566292.946000000461936, 5928425.03800000064075 ], [ 566297.295000000856817, 5928420.638000002130866 ], [ 566278.009999999776483, 5928401.576000003144145 ] ], [ [ 566292.575000000186265, 5928421.311000002548099 ], [ 566293.393999999389052, 5928422.15400000102818 ], [ 566292.401000001467764, 5928423.118999999016523 ], [ 566291.582000001333654, 5928422.276000000536442 ], [ 566292.575000000186265, 5928421.311000002548099 ] ] ] } },
{ "type": "Feature", "properties": { "gebaeude_id": "DEHHALKA1gl000Wh", "dachneig": 1.616, "dachfl_2d": 1107.115, "dachfl_3d": 1107.556, "area_m2": 1107.1 }, "geometry": { "type": "Polygon", "coordinates": [ [ [ 566268.369999999180436, 5928452.400000000372529 ], [ 566294.155000001192093, 5928426.230000004172325 ], [ 566272.690000000409782, 5928405.080000001937151 ], [ 566246.904000000096858, 5928431.25 ], [ 566268.369999999180436, 5928452.400000000372529 ] ] ] } },
{ "type": "Feature", "properties": { "gebaeude_id": "DEHHALKA1gl000Wh", "dachneig": 1.262, "dachfl_2d": 30.283, "dachfl_3d": 30.291, "area_m2": 30.3 }, "geometry": { "type": "Polygon", "coordinates": [ [ [ 566252.55900000128895, 5928425.509999999776483 ], [ 566257.253999998793006, 5928420.744000000879169 ], [ 566253.996000000275671, 5928417.584000000730157 ], [ 566249.326000000350177, 5928422.324000004678965 ], [ 566252.55900000128895, 5928425.509999999776483 ] ] ] } },
{ "type": "Feature", "properties": { "gebaeude_id": "DEHHALKAJ0000xSj", "dachneig": 3.621, "dachfl_2d": 167.173, "dachfl_3d": 167.691, "area_m2": 167.2 }, "geometry": { "type": "Polygon", "coordinates": [ [ [ 566622.964000000618398, 5928714.000000001862645 ], [ 566624.918999999761581, 5928701.839000001549721 ], [ 566608.139000000432134, 5928699.245000001043081 ], [ 566608.074000000022352, 5928699.666000002995133 ], [ 566608.371000000275671, 5928699.71199999935925 ], [ 566607.317000000737607, 5928706.497000001370907 ], [ 566607.29700000025332, 5928706.628000000491738 ], [ 566606.99900000076741, 5928706.581000002101064 ], [ 566606.964000001549721, 5928706.806000001728535 ], [ 566622.964000000618398, 5928714.000000001862645 ] ] ] } },
{ "type": "Feature", "properties": { "gebaeude_id": "DEHHALKAJ0000xSj", "dachneig": 0.0, "dachfl_2d": 121.591, "dachfl_3d": 121.709, "area_m2": 121.6 }, "geometry": { "type": "Polygon", "coordinates": [ [ [ 566612.578999999910593, 5928692.784 ], [ 566609.224000001326203, 5928692.261 ], [ 566609.200000001117587, 5928692.418000001460314 ], [ 566609.496999999508262, 5928692.463999999687076 ], [ 566608.582000002264977, 5928698.354000004008412 ], [ 566608.281999999657273, 5928698.322000002488494 ], [ 566608.139000000432134, 5928699.245000001043081 ], [ 566624.918999999761581, 5928701.839000001549721 ], [ 566626.07700000051409, 5928694.63399999961257 ], [ 566612.618000001646578, 5928692.534000001847744 ], [ 566612.578999999910593, 5928692.784 ] ] ] } },
{ "type": "Feature", "properties": { "gebaeude_id": "DEHHALKAJ00058wW", "dachneig": 0.0, "dachfl_2d": 82.112, "dachfl_3d": 82.112, "area_m2": 82.1 }, "geometry": { "type": "Polygon", "coordinates": [ [ [ 566624.466000000014901, 5928739.639999998733401 ], [ 566644.449000000953674, 5928742.848000004887581 ], [ 566645.092000001110137, 5928738.843000002205372 ], [ 566625.091000000014901, 5928735.634000001475215 ], [ 566624.466000000014901, 5928739.639999998733401 ] ] ] } },
{ "type": "Feature", "properties": { "gebaeude_id": "DEHHALKAJ0000wb4", "dachneig": 0.0, "dachfl_2d": 142.492, "dachfl_3d": 142.492, "area_m2": 142.5 }, "geometry": { "type": "Polygon", "coordinates": [ [ [ 566621.020000000484288, 5928745.427999999374151 ], [ 566623.081000000238419, 5928745.776000002399087 ], [ 566623.987000000663102, 5928745.155000004917383 ], [ 566624.816000001505017, 5928740.03600000217557 ], [ 566624.414000000804663, 5928739.974000001326203 ], [ 566626.154000000096858, 5928728.82799999974668 ], [ 566617.396000000648201, 5928727.460999999195337 ], [ 566615.015999999828637, 5928742.708000000566244 ], [ 566620.63300000037998, 5928743.585000002756715 ], [ 566620.478000000119209, 5928744.577000001445413 ], [ 566621.020000000484288, 5928745.427999999374151 ] ], [ [ 566620.341000000014901, 5928735.721000000834465 ], [ 566621.363000001758337, 5928735.903000000864267 ], [ 566621.221000000834465, 5928736.696000002324581 ], [ 566620.198999999091029, 5928736.513000000268221 ], [ 566620.341000000014901, 5928735.721000000834465 ] ], [ [ 566623.185000000521541, 5928741.401999998837709 ], [ 566622.28700000140816, 5928741.251000002026558 ], [ 566622.44300000090152, 5928740.321000000461936 ], [ 566623.342000001110137, 5928740.472000000998378 ], [ 566623.185000000521541, 5928741.401999998837709 ] ] ] } },
{ "type": "Feature", "properties": { "gebaeude_id": "20211007143813_56", "dachneig": 9.656, "dachfl_2d": 86.619, "dachfl_3d": 87.863, "area_m2": 86.6 }, "geometry": { "type": "Polygon", "coordinates": [ [ [ 566644.586000001057982, 5928761.23200000077486 ], [ 566645.44300000090152, 5928756.012000000104308 ], [ 566629.286000001244247, 5928753.35700000077486 ], [ 566628.428000000305474, 5928758.577000001445413 ], [ 566644.586000001057982, 5928761.23200000077486 ] ] ] } },
{ "type": "Feature", "properties": { "gebaeude_id": "DEHHALKAJ0000xVE", "dachneig": 0.0, "dachfl_2d": 17.619, "dachfl_3d": 17.619, "area_m2": 17.6 }, "geometry": { "type": "Polygon", "coordinates": [ [ [ 566611.049999999813735, 5928895.304000001400709 ], [ 566608.53000000026077, 5928898.872999999672174 ], [ 566611.508999998681247, 5928900.977 ], [ 566611.652999999932945, 5928900.773 ], [ 566611.985000000335276, 5928901.008000001311302 ], [ 566614.361999999731779, 5928897.628000000491738 ], [ 566611.049999999813735, 5928895.304000001400709 ] ] ] } },
{ "type": "Feature", "properties": { "gebaeude_id": "DEHHALKAJ0000xVE", "dachneig": 4.176, "dachfl_2d": 1599.793, "dachfl_3d": 1603.858, "area_m2": 1599.8 }, "geometry": { "type": "Polygon", "coordinates": [ [ [ 566635.746999999508262, 5928854.392000002786517 ], [ 566615.861000000499189, 5928882.73200000077486 ], [ 566616.087000001221895, 5928882.891000000759959 ], [ 566615.598000001162291, 5928883.587999999523163 ], [ 566615.589000000618398, 5928883.600999999791384 ], [ 566615.101000000722706, 5928884.296 ], [ 566615.05900000128895, 5928884.35500000230968 ], [ 566608.876000000163913, 5928893.166999999433756 ], [ 566611.069999999366701, 5928894.706000000238419 ], [ 566611.17200000025332, 5928894.778000000864267 ], [ 566611.188000001013279, 5928894.789000004529953 ], [ 566614.270000000484288, 5928896.952000001445413 ], [ 566614.388000001199543, 5928897.035000000149012 ], [ 566627.803000001236796, 5928906.447000000625849 ], [ 566627.515000000596046, 5928906.857000004500151 ], [ 566627.617999998852611, 5928906.930000001564622 ], [ 566635.620000001043081, 5928894.171 ], [ 566670.303999999538064, 5928844.740000002086163 ], [ 566670.154000000096858, 5928844.634999999776483 ], [ 566669.938000000081956, 5928844.94200000166893 ], [ 566651.696000001393259, 5928832.142000002786517 ], [ 566636.03000000026077, 5928854.468000000342727 ], [ 566635.971999999135733, 5928854.550000002607703 ], [ 566635.746999999508262, 5928854.392000002786517 ] ], [ [ 566635.191999999806285, 5928862.887000001966953 ], [ 566636.456000002101064, 5928861.085999999195337 ], [ 566638.469000002369285, 5928862.49800000153482 ], [ 566637.205000000074506, 5928864.2989999987185 ], [ 566635.191999999806285, 5928862.887000001966953 ] ], [ [ 566656.264000000432134, 5928856.700000001117587 ], [ 566655.0, 5928858.501000003889203 ], [ 566652.986999999731779, 5928857.089000001549721 ], [ 566654.251000000163913, 5928855.287999998778105 ], [ 566656.264000000432134, 5928856.700000001117587 ] ], [ [ 566632.693000001832843, 5928886.011000001803041 ], [ 566634.706000002101064, 5928887.424000000581145 ], [ 566633.441999998874962, 5928889.224999997764826 ], [ 566631.428999999538064, 5928887.811999998986721 ], [ 566631.714000001549721, 5928887.407000001519918 ], [ 566632.693000001832843, 5928886.011000001803041 ] ], [ [ 566645.642000000923872, 5928867.557 ], [ 566647.655000001192093, 5928868.969999998807907 ], [ 566646.391000000759959, 5928870.771000001579523 ], [ 566644.378000000491738, 5928869.357999999076128 ], [ 566645.642000000923872, 5928867.557 ] ], [ [ 566622.255999999120831, 5928881.323000002652407 ], [ 566623.519999999552965, 5928879.521000003442168 ], [ 566625.532999999821186, 5928880.934000002220273 ], [ 566624.268999999389052, 5928882.734999999403954 ], [ 566622.255999999120831, 5928881.323000002652407 ] ], [ [ 566645.82700000051409, 5928852.012000000104308 ], [ 566643.814000000245869, 5928850.599000001326203 ], [ 566645.078000000678003, 5928848.797999998554587 ], [ 566647.091000000946224, 5928850.21000000089407 ], [ 566645.82700000051409, 5928852.012000000104308 ] ], [ [ 566653.879999999888241, 5928855.604000000283122 ], [ 566653.766000000759959, 5928855.765999998897314 ], [ 566653.647000001743436, 5928855.936000000685453 ], [ 566653.525999999605119, 5928856.108000000938773 ], [ 566653.40500000026077, 5928856.281000001356006 ], [ 566653.286000000312924, 5928856.450000002980232 ], [ 566653.172000001184642, 5928856.613000001758337 ], [ 566653.064000002108514, 5928856.766000000759959 ], [ 566652.875000000931323, 5928857.035000000149012 ], [ 566645.899000002071261, 5928852.140000000596046 ], [ 566646.088000000454485, 5928851.871000001206994 ], [ 566646.196000000461936, 5928851.718000002205372 ], [ 566646.548999999649823, 5928851.213000001385808 ], [ 566646.671000000089407, 5928851.041000001132488 ], [ 566646.789000001735985, 5928850.870999999344349 ], [ 566647.010999999940395, 5928850.55600000359118 ], [ 566647.110000000335276, 5928850.414000002667308 ], [ 566647.200000001117587, 5928850.28600000217557 ], [ 566654.175999999977648, 5928855.181000001728535 ], [ 566654.086000001057982, 5928855.309000002220273 ], [ 566653.879999999888241, 5928855.604000000283122 ] ], [ [ 566645.463999999687076, 5928867.597000000998378 ], [ 566645.258000001311302, 5928867.892000004649162 ], [ 566645.025000000372529, 5928868.223000003024936 ], [ 566644.782999999821186, 5928868.56900000013411 ], [ 566644.442000000737607, 5928869.052999999374151 ], [ 566644.343000001274049, 5928869.195000004023314 ], [ 566644.253000001423061, 5928869.322999998927116 ], [ 566637.277000000700355, 5928864.427999999374151 ], [ 566637.367000000551343, 5928864.300000000745058 ], [ 566637.466000000014901, 5928864.157999999821186 ], [ 566637.688000001013279, 5928863.843000002205372 ], [ 566637.927000001072884, 5928863.501000000163913 ], [ 566638.048999999649823, 5928863.32799999974668 ], [ 566638.167000000365078, 5928863.159 ], [ 566638.578000000678003, 5928862.574000002816319 ], [ 566645.553999999538064, 5928867.469000000506639 ], [ 566645.463999999687076, 5928867.597000000998378 ] ], [ [ 566624.341000000946224, 5928882.864 ], [ 566624.431000000797212, 5928882.736000001430511 ], [ 566624.53000000026077, 5928882.594000000506639 ], [ 566624.752000001259148, 5928882.278999999165535 ], [ 566624.870000000111759, 5928882.109000001102686 ], [ 566625.112999999895692, 5928881.764000000432134 ], [ 566625.34499999973923, 5928881.432 ], [ 566625.45299999974668, 5928881.279000002890825 ], [ 566625.642000000923872, 5928881.010000001639128 ], [ 566632.617999999783933, 5928885.905000001192093 ], [ 566632.429000000469387, 5928886.174000000581145 ], [ 566632.208000000566244, 5928886.490000003948808 ], [ 566632.089000000618398, 5928886.659 ], [ 566631.968000001274049, 5928886.832000000402331 ], [ 566631.8470000019297, 5928887.004000000655651 ], [ 566631.728000000119209, 5928887.1739999987185 ], [ 566631.614000000990927, 5928887.336000001057982 ], [ 566631.506999999284744, 5928887.488999998196959 ], [ 566631.316999999806285, 5928887.75899999961257 ], [ 566624.341000000946224, 5928882.864 ] ] ] } },
{ "type": "Feature", "properties": { "gebaeude_id": "DEHHALKAJ0000wV0", "dachneig": 8.327, "dachfl_2d": 285.693, "dachfl_3d": 288.746, "area_m2": 285.7 }, "geometry": { "type": "Polygon", "coordinates": [ [ [ 566612.524000000208616, 5928880.47100000269711 ], [ 566633.015000000596046, 5928851.300000000745058 ], [ 566626.642, 5928846.81700000166893 ], [ 566605.580000000074506, 5928876.757000001147389 ], [ 566611.973000001162291, 5928881.255000000819564 ], [ 566612.524000000208616, 5928880.47100000269711 ] ] ] } },
{ "type": "Feature", "properties": { "gebaeude_id": "DEHHALKAJ0000wV0", "dachneig": 3.817, "dachfl_2d": 65.574, "dachfl_3d": 65.722, "area_m2": 65.6 }, "geometry": { "type": "Polygon", "coordinates": [ [ [ 566632.682000001892447, 5928858.119000000879169 ], [ 566635.337999999523163, 5928854.344000000506639 ], [ 566632.592000000178814, 5928852.412000002339482 ], [ 566633.254999999888241, 5928851.469000000506639 ], [ 566633.015000000596046, 5928851.300000000745058 ], [ 566612.524000000208616, 5928880.47100000269711 ], [ 566611.973000001162291, 5928881.255000000819564 ], [ 566612.803999999538064, 5928880.668000001460314 ], [ 566615.49000000115484, 5928882.557000003755093 ], [ 566619.270000000484288, 5928877.185000000521541 ], [ 566617.149000001139939, 5928875.693000001832843 ], [ 566630.561999999918044, 5928856.627000002190471 ], [ 566632.682000001892447, 5928858.119000000879169 ] ] ] } },
{ "type": "Feature", "properties": { "gebaeude_id": "DEHHALKAJ0000wW5", "dachneig": 3.662, "dachfl_2d": 58.224, "dachfl_3d": 58.343, "area_m2": 58.2 }, "geometry": { "type": "Polygon", "coordinates": [ [ [ 566335.714000000618398, 5928840.228000001981854 ], [ 566324.955000001937151, 5928840.944000001996756 ], [ 566325.451999999582767, 5928846.344999998807907 ], [ 566336.060000002384186, 5928845.672000002115965 ], [ 566335.714000000618398, 5928840.228000001981854 ] ] ] } },
{ "type": "Feature", "properties": { "gebaeude_id": "DEHHALKAJ0000xSJ", "dachneig": 2.488, "dachfl_2d": 1227.302, "dachfl_3d": 1228.451, "area_m2": 1227.3 }, "geometry": { "type": "Polygon", "coordinates": [ [ [ 566373.151999999769032, 5928903.868000002577901 ], [ 566393.652000001631677, 5928902.527000000700355 ], [ 566393.868000000715256, 5928902.512000001966953 ], [ 566393.359000000171363, 5928895.01799999922514 ], [ 566389.776999999769032, 5928842.1739999987185 ], [ 566369.074000000953674, 5928843.574999999254942 ], [ 566370.444999999366701, 5928863.803999999538064 ], [ 566370.530000001192093, 5928863.7989999987185 ], [ 566373.151999999769032, 5928903.868000002577901 ] ], [ [ 566377.121000001206994, 5928846.431000001728535 ], [ 566377.182000000029802, 5928847.353000000119209 ], [ 566374.75800000037998, 5928847.513000000268221 ], [ 566374.697999999858439, 5928846.591000001877546 ], [ 566377.121000001206994, 5928846.431000001728535 ] ], [ [ 566379.616000001318753, 5928883.889000000432134 ], [ 566379.70000000204891, 5928884.850999999791384 ], [ 566377.167000000365078, 5928885.071000002324581 ], [ 566377.083000000566244, 5928884.109000004827976 ], [ 566379.616000001318753, 5928883.889000000432134 ] ], [ [ 566378.120000001043081, 5928861.444000003859401 ], [ 566378.168999999761581, 5928862.482000002637506 ], [ 566375.671000000089407, 5928862.601000001654029 ], [ 566375.622000000439584, 5928861.562000002712011 ], [ 566378.120000001043081, 5928861.444000003859401 ] ], [ [ 566376.729000000283122, 5928876.376000000163913 ], [ 566376.659999999217689, 5928875.199000002816319 ], [ 566378.86600000038743, 5928875.068 ], [ 566378.935000001452863, 5928876.246000001206994 ], [ 566376.729000000283122, 5928876.376000000163913 ] ], [ [ 566380.117999999783933, 5928891.385000001639128 ], [ 566380.172000001184642, 5928892.448000000789762 ], [ 566377.704000000841916, 5928892.572000000625849 ], [ 566377.651000000536442, 5928891.509999999776483 ], [ 566380.117999999783933, 5928891.385000001639128 ] ], [ [ 566375.123000000603497, 5928854.037999998778105 ], [ 566377.627999999560416, 5928853.914000002667308 ], [ 566377.679000000469387, 5928854.962999999523163 ], [ 566375.174000000581145, 5928855.085999999195337 ], [ 566375.123000000603497, 5928854.037999998778105 ] ], [ [ 566376.231999999843538, 5928868.881000002846122 ], [ 566376.153000000864267, 5928867.669000001624227 ], [ 566378.374000001698732, 5928867.523000001907349 ], [ 566378.453000000678003, 5928868.734999999403954 ], [ 566376.231999999843538, 5928868.881000002846122 ] ], [ [ 566376.316000000573695, 5928871.734000001102686 ], [ 566376.220999999903142, 5928870.214000001549721 ], [ 566378.639000001363456, 5928870.063000001013279 ], [ 566378.733, 5928871.583000000566244 ], [ 566376.316000000573695, 5928871.734000001102686 ] ], [ [ 566379.176000000908971, 5928877.593000002205372 ], [ 566379.25, 5928879.18100000359118 ], [ 566376.697000001557171, 5928879.300000002607703 ], [ 566376.623000000603497, 5928877.713000001385808 ], [ 566379.176000000908971, 5928877.593000002205372 ] ] ] } },
{ "type": "Feature", "properties": { "gebaeude_id": "DEHHALKAJ00058ul", "dachneig": 4.101, "dachfl_2d": 229.117, "dachfl_3d": 229.724, "area_m2": 229.1 }, "geometry": { "type": "Polygon", "coordinates": [ [ [ 566370.614000000990927, 5928869.035000002011657 ], [ 566370.154000000096858, 5928863.823000000789762 ], [ 566369.967000001110137, 5928863.835999999195337 ], [ 566325.816999999806285, 5928866.829000001773238 ], [ 566326.160000000149012, 5928871.88599999807775 ], [ 566370.614000000990927, 5928869.035000002011657 ] ] ] } },
{ "type": "Feature", "properties": { "gebaeude_id": "DEHHALKAJ0000wm6", "dachneig": 4.457, "dachfl_2d": 241.037, "dachfl_3d": 241.776, "area_m2": 241.0 }, "geometry": { "type": "Polygon", "coordinates": [ [ [ 566407.031000000424683, 5928914.093000002205372 ], [ 566394.330000001005828, 5928914.907999999821186 ], [ 566395.689000001177192, 5928933.903000002726912 ], [ 566408.251000000163913, 5928933.097000000998378 ], [ 566407.031000000424683, 5928914.093000002205372 ] ] ] } },
{ "type": "Feature", "properties": { "gebaeude_id": "DEHHALKAJ0000wm6", "dachneig": 4.405, "dachfl_2d": 243.881, "dachfl_3d": 244.612, "area_m2": 243.9 }, "geometry": { "type": "Polygon", "coordinates": [ [ [ 566395.689000001177192, 5928933.903000002726912 ], [ 566394.330000001005828, 5928914.907999999821186 ], [ 566381.619000000879169, 5928915.724000003188848 ], [ 566382.839000001549721, 5928934.728000000119209 ], [ 566395.689000001177192, 5928933.903000002726912 ] ] ] } },
{ "type": "Feature", "properties": { "gebaeude_id": "DEHHALKAJ0000wk1", "dachneig": 3.536, "dachfl_2d": 12.715, "dachfl_3d": 12.739, "area_m2": 12.7 }, "geometry": { "type": "Polygon", "coordinates": [ [ [ 566422.389999999664724, 5928910.477 ], [ 566417.906999998725951, 5928910.737999999895692 ], [ 566418.072000000625849, 5928913.56500000320375 ], [ 566422.553999999538064, 5928913.303999999538064 ], [ 566422.389999999664724, 5928910.477 ] ] ] } },
{ "type": "Feature", "properties": { "gebaeude_id": "DEHHALKAJ0000wmG", "dachneig": 1.858, "dachfl_2d": 1269.072, "dachfl_3d": 1269.625, "area_m2": 1269.1 }, "geometry": { "type": "Polygon", "coordinates": [ [ [ 566430.224000001326203, 5928912.857000002637506 ], [ 566440.245000000111759, 5928912.272000001743436 ], [ 566449.981999999843538, 5928911.705 ], [ 566446.268000000156462, 5928847.724999999627471 ], [ 566436.623999999836087, 5928848.201999999582767 ], [ 566427.108, 5928848.673000002279878 ], [ 566426.486999999731779, 5928848.704000001773238 ], [ 566426.542000002227724, 5928849.643000001087785 ], [ 566430.224000001326203, 5928912.857000002637506 ] ], [ [ 566427.126000000163913, 5928849.031000003218651 ], [ 566427.844000000506639, 5928849.03999999910593 ], [ 566427.837000000290573, 5928849.618000002577901 ], [ 566427.118999999947846, 5928849.609000001102686 ], [ 566427.126000000163913, 5928849.031000003218651 ] ], [ [ 566432.562000001780689, 5928852.995000002905726 ], [ 566433.589000000618398, 5928852.921 ], [ 566433.66200000140816, 5928853.921 ], [ 566432.635000001639128, 5928853.995000004768372 ], [ 566432.562000001780689, 5928852.995000002905726 ] ] ] } },
{ "type": "Feature", "properties": { "gebaeude_id": "DEHHALKAJ00058kN", "dachneig": 0.0, "dachfl_2d": 148.052, "dachfl_3d": 148.052, "area_m2": 148.1 }, "geometry": { "type": "Polygon", "coordinates": [ [ [ 566506.793999998830259, 5928860.616000002250075 ], [ 566506.800000000745058, 5928864.06500000320375 ], [ 566507.111000000499189, 5928864.05800000205636 ], [ 566507.115000000223517, 5928864.223999999463558 ], [ 566517.693000001832843, 5928864.002999998629093 ], [ 566517.405999999493361, 5928850.323000000789762 ], [ 566506.606999999843538, 5928850.550000000745058 ], [ 566506.632000001147389, 5928851.698000000789762 ], [ 566506.793999998830259, 5928860.616000002250075 ] ] ] } },
{ "type": "Feature", "properties": { "gebaeude_id": "DEHHALKAJ0000wj2", "dachneig": 6.592, "dachfl_2d": 125.477, "dachfl_3d": 125.887, "area_m2": 125.5 }, "geometry": { "type": "Polygon", "coordinates": [ [ [ 566506.015000000596046, 5928865.141000000759959 ], [ 566506.515999999828637, 5928865.129000002518296 ], [ 566506.490000000223517, 5928864.074000004678965 ], [ 566506.489000000990927, 5928864.071000000461936 ], [ 566500.419999998994172, 5928864.197999998927116 ], [ 566500.557000001892447, 5928870.745000002905726 ], [ 566500.669999999925494, 5928876.155000003054738 ], [ 566500.905999999493361, 5928887.402000000700355 ], [ 566501.281999999657273, 5928887.394000001251698 ], [ 566503.435999999754131, 5928887.339999999850988 ], [ 566503.464000000618398, 5928887.338999999687076 ], [ 566507.065000000409782, 5928887.24800000153482 ], [ 566506.99000000115484, 5928884.27900000102818 ], [ 566506.979000001214445, 5928883.833999998867512 ], [ 566506.955000001005828, 5928882.890000000596046 ], [ 566506.804000000469387, 5928876.908000001683831 ], [ 566506.002000000327826, 5928876.927999999374151 ], [ 566505.985000001266599, 5928876.247999999672174 ], [ 566501.012000001966953, 5928876.37300000153482 ], [ 566501.006000000052154, 5928876.148000001907349 ], [ 566506.79700000025332, 5928876.001000000163913 ], [ 566506.760999999009073, 5928874.603000001981854 ], [ 566506.749999999068677, 5928874.140000004321337 ], [ 566506.670000000856817, 5928870.98200000077486 ], [ 566501.239000000990927, 5928871.119000000879169 ], [ 566500.888000001199543, 5928871.128000000491738 ], [ 566500.88300000037998, 5928870.924000000581145 ], [ 566500.878000000491738, 5928870.737999999895692 ], [ 566506.65400000102818, 5928870.593000000342727 ], [ 566506.553000001236796, 5928866.604000002145767 ], [ 566506.543000000528991, 5928866.2010000012815 ], [ 566506.042000000365078, 5928866.214000001549721 ], [ 566506.033000000752509, 5928865.856000000610948 ], [ 566506.015000000596046, 5928865.141000000759959 ] ], [ [ 566504.792999999597669, 5928867.043999999761581 ], [ 566504.928999998606741, 5928867.099000001326203 ], [ 566505.019999999552965, 5928867.216 ], [ 566505.04600000102073, 5928867.360999999567866 ], [ 566504.995000001043081, 5928867.5 ], [ 566504.988000000827014, 5928867.521999999880791 ], [ 566504.853000000119209, 5928867.626000003889203 ], [ 566504.707000000402331, 5928867.646000001579523 ], [ 566504.567999999970198, 5928867.596000004559755 ], [ 566504.473000000230968, 5928867.483000000938773 ], [ 566504.458000000566244, 5928867.465000001713634 ], [ 566504.435000002384186, 5928867.296 ], [ 566504.49100000038743, 5928867.160000002011657 ], [ 566504.604000001214445, 5928867.06500000320375 ], [ 566504.748999999836087, 5928867.039000004529953 ], [ 566504.772000000812113, 5928867.035000000149012 ], [ 566504.792999999597669, 5928867.043999999761581 ] ], [ [ 566505.734000000171363, 5928870.505000000819564 ], [ 566505.60700000077486, 5928870.331000000238419 ], [ 566505.593000000342727, 5928870.11600000038743 ], [ 566505.675000000745058, 5928869.948000000789762 ], [ 566505.826999999582767, 5928869.838000001385808 ], [ 566506.040999999269843, 5928869.816000001505017 ], [ 566506.235000001266599, 5928869.910999998450279 ], [ 566506.338000000454485, 5928870.066999999806285 ], [ 566506.358000000938773, 5928870.252000000327826 ], [ 566506.27000000141561, 5928870.449000002816319 ], [ 566506.091000000946224, 5928870.569000003859401 ], [ 566505.904000000096858, 5928870.582000002264977 ], [ 566505.734000000171363, 5928870.505000000819564 ] ], [ [ 566502.269000001251698, 5928874.417999999597669 ], [ 566504.17200000025332, 5928874.372000001370907 ], [ 566504.19400000013411, 5928875.256999999284744 ], [ 566504.207000001333654, 5928875.811000000685453 ], [ 566502.304000001400709, 5928875.857000002637506 ], [ 566502.300999999977648, 5928875.739000003784895 ], [ 566502.269000001251698, 5928874.417999999597669 ] ], [ [ 566505.519000001251698, 5928879.551000000908971 ], [ 566505.561999999918044, 5928881.398000001907349 ], [ 566505.623999999836087, 5928884.031000001356006 ], [ 566503.769000001251698, 5928884.073999999091029 ], [ 566503.663000001572073, 5928879.594000000506639 ], [ 566503.873999999836087, 5928879.588999999687076 ], [ 566505.519000001251698, 5928879.551000000908971 ] ] ] } },
{ "type": "Feature", "properties": { "gebaeude_id": "DEHHALKAJ0000wj2", "dachneig": 5.63, "dachfl_2d": 71.255, "dachfl_3d": 71.63, "area_m2": 71.3 }, "geometry": { "type": "Polygon", "coordinates": [ [ [ 566506.566999999806285, 5928863.187000000849366 ], [ 566506.566999999806285, 5928863.184999998658895 ], [ 566506.562000001780689, 5928860.622999999672174 ], [ 566500.777000000700355, 5928860.800000000745058 ], [ 566500.686000000685453, 5928860.802999997511506 ], [ 566500.68099999986589, 5928860.745000002905726 ], [ 566500.662000000476837, 5928860.540000000968575 ], [ 566500.66100000217557, 5928860.526000000536442 ], [ 566506.515000000596046, 5928860.365000002086163 ], [ 566506.370000001974404, 5928851.957000004127622 ], [ 566502.989000000990927, 5928851.566000001505017 ], [ 566502.940000000409782, 5928851.560000000521541 ], [ 566500.419000000692904, 5928851.26799999922514 ], [ 566500.389000001363456, 5928851.265000000596046 ], [ 566500.422000001184642, 5928850.98000000230968 ], [ 566500.042000001296401, 5928850.949999999254942 ], [ 566500.315999999642372, 5928860.536000000312924 ], [ 566500.419999998994172, 5928864.197999998927116 ], [ 566506.489000000990927, 5928864.071000000461936 ], [ 566506.568999999202788, 5928864.059000002220273 ], [ 566506.566999999806285, 5928863.187000000849366 ] ], [ [ 566504.697999999858439, 5928863.056000001728535 ], [ 566503.178000000305474, 5928863.090000001713634 ], [ 566503.157000001519918, 5928862.163000002503395 ], [ 566503.138000000268221, 5928861.288000002503395 ], [ 566504.657000000588596, 5928861.254000002518296 ], [ 566504.697999999858439, 5928863.045 ], [ 566504.697999999858439, 5928863.056000001728535 ] ], [ [ 566504.49100000038743, 5928851.807 ], [ 566504.558000001125038, 5928853.600999999791384 ], [ 566503.022000000812113, 5928853.659 ], [ 566502.955000000074506, 5928851.865000000223517 ], [ 566504.49100000038743, 5928851.807 ] ] ] } },
{ "type": "Feature", "properties": { "gebaeude_id": "DEHHALKAJ0000wkg", "dachneig": 0.0, "dachfl_2d": 35.45, "dachfl_3d": 35.45, "area_m2": 35.4 }, "geometry": { "type": "Polygon", "coordinates": [ [ [ 566503.031000001356006, 5928887.689000001177192 ], [ 566503.103000000119209, 5928891.343000000342727 ], [ 566503.58500000089407, 5928891.328000003471971 ], [ 566503.5970000019297, 5928891.736999999731779 ], [ 566503.388000000268221, 5928891.743000002577901 ], [ 566503.503000000491738, 5928897.532000003382564 ], [ 566507.366000001318753, 5928897.444000003859401 ], [ 566507.166000000201166, 5928887.585000002756715 ], [ 566503.031000001356006, 5928887.689000001177192 ] ], [ [ 566505.070000001229346, 5928895.318000001832843 ], [ 566506.06700000166893, 5928895.295000001788139 ], [ 566506.092000000178814, 5928896.367000000551343 ], [ 566505.09499999973923, 5928896.390000000596046 ], [ 566505.070000001229346, 5928895.318000001832843 ] ], [ [ 566505.041000000201166, 5928891.887000000104308 ], [ 566506.025000001303852, 5928891.864 ], [ 566506.053000000305474, 5928893.007000003010035 ], [ 566505.06900000013411, 5928893.030000003054738 ], [ 566505.041000000201166, 5928891.887000000104308 ] ], [ [ 566504.79600000102073, 5928888.554999999701977 ], [ 566506.081000000238419, 5928888.556000001728535 ], [ 566506.080000001005828, 5928889.604000002145767 ], [ 566504.794999999925494, 5928889.603000000119209 ], [ 566504.79600000102073, 5928888.554999999701977 ] ] ] } },
{ "type": "Feature", "properties": { "gebaeude_id": "DEHHALKAJ0000wkg", "dachneig": 0.0, "dachfl_2d": 68.289, "dachfl_3d": 68.289, "area_m2": 68.3 }, "geometry": { "type": "Polygon", "coordinates": [ [ [ 566507.842000000178814, 5928914.935000000521541 ], [ 566507.797000001184642, 5928912.599000001326203 ], [ 566507.19300000090152, 5928912.610999999567866 ], [ 566507.18099999986589, 5928911.973000003024936 ], [ 566507.783999999053776, 5928911.962000001221895 ], [ 566507.740000002086163, 5928909.635000001639128 ], [ 566503.685999999754131, 5928909.700000001117587 ], [ 566503.680999998934567, 5928909.39299999922514 ], [ 566507.734000000171363, 5928909.32799999974668 ], [ 566507.71999999973923, 5928908.645999997854233 ], [ 566507.649000001139939, 5928904.909 ], [ 566503.540000000037253, 5928904.99800000153482 ], [ 566503.532000000588596, 5928904.659000001847744 ], [ 566507.549999999813735, 5928904.572000002488494 ], [ 566507.494000000879169, 5928902.01799999922514 ], [ 566506.810000002384186, 5928902.028000000864267 ], [ 566506.810000002384186, 5928902.023 ], [ 566506.800000000745058, 5928900.785000003874302 ], [ 566507.467000000178814, 5928900.744000002741814 ], [ 566507.401000000536442, 5928897.725000001490116 ], [ 566503.50899999961257, 5928897.809000000357628 ], [ 566503.040000000968575, 5928897.818000001832843 ], [ 566503.375, 5928915.207000002264977 ], [ 566503.798000001348555, 5928915.199000002816319 ], [ 566503.795000000856817, 5928914.989 ], [ 566507.842000000178814, 5928914.935000000521541 ] ], [ [ 566506.13399999961257, 5928907.2989999987185 ], [ 566505.2010000012815, 5928907.311000002548099 ], [ 566505.184000000357628, 5928905.949000000953674 ], [ 566506.117000000551343, 5928905.936999998986721 ], [ 566506.13399999961257, 5928907.2989999987185 ] ], [ [ 566506.360000000335276, 5928903.196000002324581 ], [ 566504.864000000059605, 5928903.221000000834465 ], [ 566504.847999999299645, 5928902.28600000217557 ], [ 566506.345000000670552, 5928902.26099999807775 ], [ 566506.360000000335276, 5928903.196000002324581 ] ], [ [ 566504.847999999299645, 5928900.265000000596046 ], [ 566504.813000000081956, 5928899.255000002682209 ], [ 566506.254000000655651, 5928899.205 ], [ 566506.290000000968575, 5928900.214999997988343 ], [ 566504.847999999299645, 5928900.265000000596046 ] ] ] } },
{ "type": "Feature", "properties": { "gebaeude_id": "DEHHALKAJ0000x1P", "dachneig": 10.173, "dachfl_2d": 378.641, "dachfl_3d": 384.622, "area_m2": 378.6 }, "geometry": { "type": "Polygon", "coordinates": [ [ [ 566507.596000001765788, 5928887.237999999895692 ], [ 566507.602999999187887, 5928887.574000000953674 ], [ 566507.744000001810491, 5928894.545000001788139 ], [ 566542.842000001110137, 5928893.925000000745058 ], [ 566542.614000000059605, 5928883.082000002264977 ], [ 566507.527000000700355, 5928883.816999999806285 ], [ 566507.596000001765788, 5928887.237999999895692 ] ] ] } },
{ "type": "Feature", "properties": { "gebaeude_id": "DEHHALKAJ0000x1P", "dachneig": 10.579, "dachfl_2d": 367.481, "dachfl_3d": 373.788, "area_m2": 367.5 }, "geometry": { "type": "Polygon", "coordinates": [ [ [ 566507.744000001810491, 5928894.545000001788139 ], [ 566507.896000000648201, 5928902.009999999776483 ], [ 566507.951000000350177, 5928904.707000002264977 ], [ 566507.964000000618398, 5928905.400000000372529 ], [ 566516.577000001445413, 5928905.234000002965331 ], [ 566516.566000001505017, 5928904.682000003755093 ], [ 566516.56900000013411, 5928904.682000003755093 ], [ 566521.728000000119209, 5928904.607000002637506 ], [ 566543.119000001810491, 5928904.293000003322959 ], [ 566542.842000001110137, 5928893.925000000745058 ], [ 566507.744000001810491, 5928894.545000001788139 ] ] ] } },
{ "type": "Feature", "properties": { "gebaeude_id": "DEHHALKAJ0000x1P", "dachneig": 11.741, "dachfl_2d": 316.703, "dachfl_3d": 323.403, "area_m2": 316.7 }, "geometry": { "type": "Polygon", "coordinates": [ [ [ 566542.674000000581145, 5928873.816999999806285 ], [ 566507.330000001005828, 5928874.458000004291534 ], [ 566507.381000000983477, 5928876.896000001579523 ], [ 566507.520000000484288, 5928883.496000001206994 ], [ 566540.977000000886619, 5928882.795000001788139 ], [ 566540.979000000283122, 5928882.795000001788139 ], [ 566542.61600000038743, 5928882.760000003501773 ], [ 566542.674000000581145, 5928873.816999999806285 ] ] ] } },
{ "type": "Feature", "properties": { "gebaeude_id": "DEHHALKAJ0000x1P", "dachneig": 10.621, "dachfl_2d": 363.595, "dachfl_3d": 369.908, "area_m2": 363.6 }, "geometry": { "type": "Polygon", "coordinates": [ [ [ 566542.674000000581145, 5928873.816999999806285 ], [ 566542.458000001497567, 5928863.484000001102686 ], [ 566517.693000001832843, 5928864.002999998629093 ], [ 566507.115000000223517, 5928864.223999999463558 ], [ 566507.330000001005828, 5928874.458000004291534 ], [ 566542.674000000581145, 5928873.816999999806285 ] ] ] } },
{ "type": "Feature", "properties": { "gebaeude_id": "DEHHALKAJ0000x1P", "dachneig": 0.0, "dachfl_2d": 10.13, "dachfl_3d": 10.13, "area_m2": 10.1 }, "geometry": { "type": "Polygon", "coordinates": [ [ [ 566531.771999999880791, 5928910.444000001996756 ], [ 566533.507000000216067, 5928910.427000002935529 ], [ 566533.350000000558794, 5928904.436000000685453 ], [ 566531.70200000051409, 5928904.460000002756715 ], [ 566531.771999999880791, 5928910.444000001996756 ] ] ] } },
{ "type": "Feature", "properties": { "gebaeude_id": "DEHHALKAJ0000x1P", "dachneig": 0.0, "dachfl_2d": 77.481, "dachfl_3d": 77.481, "area_m2": 77.5 }, "geometry": { "type": "Polygon", "coordinates": [ [ [ 566521.92100000102073, 5928912.41499999910593 ], [ 566531.904000001959503, 5928912.22100000269711 ], [ 566531.887000000104308, 5928910.443000001832843 ], [ 566531.771999999880791, 5928910.444000001996756 ], [ 566531.70200000051409, 5928904.460000002756715 ], [ 566521.728000000119209, 5928904.607000002637506 ], [ 566521.92100000102073, 5928912.41499999910593 ] ] ] } },
{ "type": "Feature", "properties": { "gebaeude_id": "DEHHALKAJ00059Am", "dachneig": 2.379, "dachfl_2d": 391.857, "dachfl_3d": 392.195, "area_m2": 391.9 }, "geometry": { "type": "Polygon", "coordinates": [ [ [ 566515.322999999858439, 5928832.868000004440546 ], [ 566514.791000000201166, 5928807.824000000953674 ], [ 566499.151000000536442, 5928808.156000001356006 ], [ 566499.683000000193715, 5928833.199000002816319 ], [ 566515.322999999858439, 5928832.868000004440546 ] ] ] } },
{ "type": "Feature", "properties": { "gebaeude_id": "DEHHALKAJ000591b", "dachneig": 3.138, "dachfl_2d": 108.141, "dachfl_3d": 108.303, "area_m2": 108.1 }, "geometry": { "type": "Polygon", "coordinates": [ [ [ 566535.290000000037253, 5928834.490000000223517 ], [ 566522.12400000076741, 5928834.917000003159046 ], [ 566522.390999999828637, 5928843.122000001370907 ], [ 566535.557000000029802, 5928842.695000004023314 ], [ 566535.290000000037253, 5928834.490000000223517 ] ] ] } },
{ "type": "Feature", "properties": { "gebaeude_id": "DEHHALKAJ0000wiH", "dachneig": 4.347, "dachfl_2d": 59.772, "dachfl_3d": 59.923, "area_m2": 59.8 }, "geometry": { "type": "Polygon", "coordinates": [ [ [ 566507.964000000618398, 5928905.400000000372529 ], [ 566508.026000000536442, 5928908.528000000864267 ], [ 566508.028000000864267, 5928908.637000003829598 ], [ 566508.028000000864267, 5928908.639000000432134 ], [ 566508.696000001393259, 5928908.623999997973442 ], [ 566508.70200000051409, 5928908.879999998956919 ], [ 566508.713000000454485, 5928909.401000002399087 ], [ 566508.042999999597669, 5928909.416000004857779 ], [ 566508.044000000692904, 5928909.447000000625849 ], [ 566508.112000000663102, 5928913.002000002190471 ], [ 566516.780000001192093, 5928912.808999998494983 ], [ 566516.634000000543892, 5928905.23200000077486 ], [ 566516.576000000350177, 5928905.234000002965331 ], [ 566507.964000000618398, 5928905.400000000372529 ] ], [ [ 566510.928000001236796, 5928907.849000001326203 ], [ 566513.411000001244247, 5928907.852 ], [ 566513.408000000752509, 5928910.06500000320375 ], [ 566510.912999999709427, 5928910.061000000685453 ], [ 566510.917000001296401, 5928907.854000002145767 ], [ 566510.917000001296401, 5928907.849000001326203 ], [ 566510.928000001236796, 5928907.849000001326203 ] ] ] } },
{ "type": "Feature", "properties": { "gebaeude_id": "DEHHALKAJ0000wiH", "dachneig": 0.0, "dachfl_2d": 376.486, "dachfl_3d": 377.378, "area_m2": 376.5 }, "geometry": { "type": "Polygon", "coordinates": [ [ [ 566517.021000000648201, 5928913.122999999672174 ], [ 566516.868000000715256, 5928913.126000002026558 ], [ 566515.300000001676381, 5928913.16100000217557 ], [ 566508.119000000879169, 5928913.320000002160668 ], [ 566508.148000000976026, 5928914.862000001594424 ], [ 566508.150000001303852, 5928914.946000002324581 ], [ 566508.150999999605119, 5928915.002000000327826 ], [ 566508.262000000104308, 5928920.787000000476837 ], [ 566508.262000000104308, 5928920.789000002667308 ], [ 566508.278000000864267, 5928921.627000002190471 ], [ 566508.278000000864267, 5928921.629000004380941 ], [ 566508.634000001475215, 5928940.116999998688698 ], [ 566516.483, 5928939.940999999642372 ], [ 566524.201000000350177, 5928939.76799999922514 ], [ 566524.285000000149012, 5928939.766000000759959 ], [ 566523.899000001139939, 5928919.729000000283122 ], [ 566517.559000000357628, 5928919.851000001654029 ], [ 566517.505000000819564, 5928917.024000003933907 ], [ 566517.471000000834465, 5928915.290000000968575 ], [ 566517.423000001348555, 5928912.79700000025332 ], [ 566517.014000000432134, 5928912.804999999701977 ], [ 566517.021000000648201, 5928913.122999999672174 ] ], [ [ 566511.753000000491738, 5928919.303000001236796 ], [ 566511.771999999880791, 5928918.63399999961257 ], [ 566512.365000000223517, 5928918.650999998673797 ], [ 566512.352000000886619, 5928919.122000001370907 ], [ 566512.346000000834465, 5928919.31900000013411 ], [ 566511.897000000812113, 5928919.307000001892447 ], [ 566511.753000000491738, 5928919.303000001236796 ] ] ] } },
{ "type": "Feature", "properties": { "gebaeude_id": "DEHHALKAJ00058ub", "dachneig": 5.909, "dachfl_2d": 38.979, "dachfl_3d": 39.191, "area_m2": 39.0 }, "geometry": { "type": "Polygon", "coordinates": [ [ [ 566524.722000000067055, 5928993.14299999922514 ], [ 566539.439000000245869, 5928994.026000002399087 ], [ 566539.581000001169741, 5928991.332000000402331 ], [ 566535.296000000089407, 5928991.105999998748302 ], [ 566524.858000000938773, 5928990.557000001892447 ], [ 566524.722000000067055, 5928993.14299999922514 ] ] ] } },
{ "type": "Feature", "properties": { "gebaeude_id": "DEHHALKAJ00058ub", "dachneig": 5.647, "dachfl_2d": 43.624, "dachfl_3d": 43.817, "area_m2": 43.6 }, "geometry": { "type": "Polygon", "coordinates": [ [ [ 566524.722000000067055, 5928993.14299999922514 ], [ 566524.571000001393259, 5928996.008000001311302 ], [ 566535.199000000022352, 5928996.568 ], [ 566539.240000000223517, 5928997.814999999478459 ], [ 566539.439000000245869, 5928994.026000002399087 ], [ 566524.722000000067055, 5928993.14299999922514 ] ] ] } },
{ "type": "Feature", "properties": { "gebaeude_id": "DEHHALKAJ0000wsF", "dachneig": 13.037, "dachfl_2d": 514.497, "dachfl_3d": 528.659, "area_m2": 514.5 }, "geometry": { "type": "Polygon", "coordinates": [ [ [ 566570.446000000461936, 5928991.803999999538064 ], [ 566569.879999999888241, 5928961.75199999846518 ], [ 566559.683000001125038, 5928961.968000004068017 ], [ 566559.492000000551343, 5928961.971999999135733 ], [ 566552.732000001706183, 5928962.113999998196959 ], [ 566553.36699999962002, 5928992.165000002831221 ], [ 566570.446000000461936, 5928991.803999999538064 ] ] ] } },
{ "type": "Feature", "properties": { "gebaeude_id": "DEHHALKAJ0000wsF", "dachneig": 13.228, "dachfl_2d": 308.584, "dachfl_3d": 316.939, "area_m2": 308.6 }, "geometry": { "type": "Polygon", "coordinates": [ [ [ 566580.109000001102686, 5928961.535000003874302 ], [ 566569.879999999888241, 5928961.75199999846518 ], [ 566570.446000000461936, 5928991.803999999538064 ], [ 566574.530000001192093, 5928991.718000002205372 ], [ 566580.745000001043081, 5928991.58700000308454 ], [ 566580.109000001102686, 5928961.535000003874302 ] ] ] } },
{ "type": "Feature", "properties": { "gebaeude_id": "DEHHALKAJ0000wsF", "dachneig": 17.416, "dachfl_2d": 82.653, "dachfl_3d": 86.624, "area_m2": 51.3 }, "geometry": { "type": "Polygon", "coordinates": [ [ [ 566580.745000001043081, 5928991.58700000308454 ], [ 566574.530000001192093, 5928991.718000002205372 ], [ 566574.70295885077212, 5928999.900000000372529 ], [ 566580.920728052500635, 5928999.900000000372529 ], [ 566580.745000001043081, 5928991.58700000308454 ] ] ] } },
{ "type": "Feature", "properties": { "gebaeude_id": "DEHHALKA2iz000K5", "dachneig": 9.0, "dachfl_2d": 196.256, "dachfl_3d": 198.613, "area_m2": 196.3 }, "geometry": { "type": "Polygon", "coordinates": [ [ [ 566443.480000000447035, 5928931.696000000461936 ], [ 566444.949000000022352, 5928955.983000000938773 ], [ 566445.279999999329448, 5928955.958000002428889 ], [ 566453.474000001326203, 5928955.463999999687076 ], [ 566451.99800000153482, 5928931.177999999374151 ], [ 566443.480000000447035, 5928931.696000000461936 ] ], [ [ 566447.181000000797212, 5928935.214000001549721 ], [ 566447.109000001102686, 5928934.014000002294779 ], [ 566448.78000000026077, 5928933.912999998778105 ], [ 566448.852000000886619, 5928935.113000001758337 ], [ 566447.181000000797212, 5928935.214000001549721 ] ], [ [ 566449.846000000834465, 5928951.460000002756715 ], [ 566449.910000001080334, 5928952.519000001251698 ], [ 566447.183000000193715, 5928952.684000004082918 ], [ 566447.119000000879169, 5928951.625 ], [ 566449.846000000834465, 5928951.460000002756715 ] ], [ [ 566449.468000001274049, 5928945.23200000077486 ], [ 566449.53700000140816, 5928946.373999997973442 ], [ 566447.851000001654029, 5928946.475000003352761 ], [ 566446.810999999754131, 5928946.537999998778105 ], [ 566446.741999998688698, 5928945.397000003606081 ], [ 566448.167000001296401, 5928945.311000000685453 ], [ 566449.468000001274049, 5928945.23200000077486 ] ], [ [ 566446.507000000216067, 5928941.506000000983477 ], [ 566446.43099999986589, 5928940.258000003173947 ], [ 566449.155000001192093, 5928940.094000002369285 ], [ 566449.231000000610948, 5928941.341000003740191 ], [ 566446.507000000216067, 5928941.506000000983477 ] ] ] } },
{ "type": "Feature", "properties": { "gebaeude_id": "DEHHALKA2iz000K5", "dachneig": 3.607, "dachfl_2d": 38.763, "dachfl_3d": 38.84, "area_m2": 38.8 }, "geometry": { "type": "Polygon", "coordinates": [ [ [ 566445.560000001452863, 5928960.607999999076128 ], [ 566453.794000000692904, 5928960.111000001430511 ], [ 566453.867000000551343, 5928960.107000002637506 ], [ 566453.58600000012666, 5928955.457000000402331 ], [ 566453.474000001326203, 5928955.463999999687076 ], [ 566445.279999999329448, 5928955.958000002428889 ], [ 566445.560000001452863, 5928960.607999999076128 ] ] ] } },
{ "type": "Feature", "properties": { "gebaeude_id": "DEHHALKAJ00058vf", "dachneig": 7.985, "dachfl_2d": 109.298, "dachfl_3d": 110.368, "area_m2": 109.3 }, "geometry": { "type": "Polygon", "coordinates": [ [ [ 566415.927000001072884, 5928946.775000002235174 ], [ 566420.553999999538064, 5928946.493999999016523 ], [ 566419.285000001080334, 5928925.578000001609325 ], [ 566418.578999999910593, 5928925.618999999016523 ], [ 566418.406999999657273, 5928922.666999999433756 ], [ 566414.44400000013411, 5928922.818 ], [ 566415.927000001072884, 5928946.775000002235174 ] ] ] } },
{ "type": "Feature", "properties": { "gebaeude_id": "DEHHALKAJ0000x0S", "dachneig": 7.987, "dachfl_2d": 91.419, "dachfl_3d": 92.319, "area_m2": 91.4 }, "geometry": { "type": "Polygon", "coordinates": [ [ [ 566420.553999999538064, 5928946.493999999016523 ], [ 566415.927000001072884, 5928946.775000002235174 ], [ 566416.945000000298023, 5928963.063999999314547 ], [ 566417.716000000014901, 5928963.020999999716878 ], [ 566417.736999999731779, 5928963.403000002726912 ], [ 566417.469000000506639, 5928963.417999999597669 ], [ 566416.967000000178814, 5928963.447000002488494 ], [ 566417.144999999552965, 5928966.608999999240041 ], [ 566421.771999999880791, 5928966.324999999254942 ], [ 566420.553999999538064, 5928946.493999999016523 ] ], [ [ 566416.695000000298023, 5928950.761000001803041 ], [ 566416.709999999962747, 5928951.239000003784895 ], [ 566416.254999999888241, 5928951.254000000655651 ], [ 566416.23900000192225, 5928950.776000000536442 ], [ 566416.695000000298023, 5928950.761000001803041 ] ] ] } },
{ "type": "Feature", "properties": { "gebaeude_id": "DEHHALKAJ0000wXl", "dachneig": 12.58, "dachfl_2d": 65.854, "dachfl_3d": 67.474, "area_m2": 65.9 }, "geometry": { "type": "Polygon", "coordinates": [ [ [ 566450.19300000090152, 5928961.883000001311302 ], [ 566427.627000000327826, 5928963.293999999761581 ], [ 566427.809000000357628, 5928966.201000003144145 ], [ 566450.37400000076741, 5928964.790000000968575 ], [ 566450.19300000090152, 5928961.883000001311302 ] ] ] } },
{ "type": "Feature", "properties": { "gebaeude_id": "DEHHALKAJ0000wXl", "dachneig": 3.846, "dachfl_2d": 67.259, "dachfl_3d": 67.411, "area_m2": 67.3 }, "geometry": { "type": "Polygon", "coordinates": [ [ [ 566450.590000000782311, 5928968.238000003620982 ], [ 566428.024000001139939, 5928969.649000000208616 ], [ 566428.209999999962747, 5928972.618000004440546 ], [ 566450.775000000372529, 5928971.207000002264977 ], [ 566450.590000000782311, 5928968.238000003620982 ] ] ] } },
{ "type": "Feature", "properties": { "gebaeude_id": "DEHHALKAJ0000wXl", "dachneig": 3.313, "dachfl_2d": 78.11, "dachfl_3d": 78.241, "area_m2": 78.1 }, "geometry": { "type": "Polygon", "coordinates": [ [ [ 566450.590000000782311, 5928968.238000003620982 ], [ 566450.37400000076741, 5928964.790000000968575 ], [ 566427.809000000357628, 5928966.201000003144145 ], [ 566428.024000001139939, 5928969.649000000208616 ], [ 566450.590000000782311, 5928968.238000003620982 ] ] ] } },
{ "type": "Feature", "properties": { "gebaeude_id": "DEHHALKAJ0000wXl", "dachneig": 12.242, "dachfl_2d": 67.722, "dachfl_3d": 69.298, "area_m2": 67.7 }, "geometry": { "type": "Polygon", "coordinates": [ [ [ 566450.775000000372529, 5928971.207000002264977 ], [ 566428.209999999962747, 5928972.618000004440546 ], [ 566428.397000000812113, 5928975.60700000077486 ], [ 566450.962000001221895, 5928974.197000000625849 ], [ 566450.775000000372529, 5928971.207000002264977 ] ] ] } },
{ "type": "Feature", "properties": { "gebaeude_id": "DEHHALKAJ0000wXl", "dachneig": 3.105, "dachfl_2d": 54.934, "dachfl_3d": 55.018, "area_m2": 54.9 }, "geometry": { "type": "Polygon", "coordinates": [ [ [ 566453.794000000692904, 5928960.111000001430511 ], [ 566450.113000000827014, 5928960.333000002428889 ], [ 566450.19300000090152, 5928961.883000001311302 ], [ 566450.962000001221895, 5928974.197000000625849 ], [ 566451.028000000864267, 5928975.473000004887581 ], [ 566454.56900000013411, 5928975.291999999433756 ], [ 566453.794000000692904, 5928960.111000001430511 ] ] ] } },
{ "type": "Feature", "properties": { "gebaeude_id": "20211007143813_41", "dachneig": 2.886, "dachfl_2d": 25.139, "dachfl_3d": 25.171, "area_m2": 25.1 }, "geometry": { "type": "Polygon", "coordinates": [ [ [ 566618.174000000581145, 5928953.212000001221895 ], [ 566618.351999999955297, 5928958.167000003159046 ], [ 566623.417999999597669, 5928957.986000003293157 ], [ 566623.241000001318753, 5928953.029999999329448 ], [ 566618.174000000581145, 5928953.212000001221895 ] ] ] } },
{ "type": "Feature", "properties": { "gebaeude_id": "20211007143813_51", "dachneig": 2.654, "dachfl_2d": 152.128, "dachfl_3d": 152.291, "area_m2": 152.1 }, "geometry": { "type": "Polygon", "coordinates": [ [ [ 566614.664000001735985, 5928953.33700000308454 ], [ 566642.851999999023974, 5928952.328000001609325 ], [ 566642.659000000916421, 5928946.938000001013279 ], [ 566614.471000000834465, 5928947.947000002488494 ], [ 566614.664000001735985, 5928953.33700000308454 ] ] ] } },
{ "type": "Feature", "properties": { "gebaeude_id": "DEHHALKAJ0000xNM", "dachneig": 0.0, "dachfl_2d": 229.552, "dachfl_3d": 229.552, "area_m2": 166.9 }, "geometry": { "type": "Polygon", "coordinates": [ [ [ 566614.710998507216573, 5928999.900000000372529 ], [ 566627.276744688861072, 5928999.900000000372529 ], [ 566626.84499999973923, 5928988.977 ], [ 566619.116000001318753, 5928989.278000000864267 ], [ 566618.631000000052154, 5928976.818000001832843 ], [ 566616.193000001832843, 5928976.940000005066395 ], [ 566614.710998507216573, 5928999.900000000372529 ] ] ] } },
{ "type": "Feature", "properties": { "gebaeude_id": "DEHHALKAJ0000waR", "dachneig": 9.268, "dachfl_2d": 315.216, "dachfl_3d": 319.385, "area_m2": 315.2 }, "geometry": { "type": "Polygon", "coordinates": [ [ [ 566631.031999999657273, 5928964.302000004798174 ], [ 566618.16200000140816, 5928964.803000001236796 ], [ 566618.631000000052154, 5928976.818000001832843 ], [ 566619.116000001318753, 5928989.278000000864267 ], [ 566626.84499999973923, 5928988.977 ], [ 566627.025999999605119, 5928988.970000002533197 ], [ 566631.966000000946224, 5928988.776999998837709 ], [ 566631.031999999657273, 5928964.302000004798174 ] ] ] } },
{ "type": "Feature", "properties": { "gebaeude_id": "DEHHALKAJ0000waR", "dachneig": 9.272, "dachfl_2d": 314.798, "dachfl_3d": 318.973, "area_m2": 314.8 }, "geometry": { "type": "Polygon", "coordinates": [ [ [ 566644.81900000013411, 5928988.276000002399087 ], [ 566643.865000000223517, 5928963.802000002935529 ], [ 566631.031999999657273, 5928964.302000004798174 ], [ 566631.966000000946224, 5928988.776999998837709 ], [ 566644.81900000013411, 5928988.276000002399087 ] ] ] } },
{ "type": "Feature", "properties": { "gebaeude_id": "DEHHALKAJ0000wAr", "dachneig": 0.161, "dachfl_2d": 2216.643, "dachfl_3d": 2216.657, "area_m2": 2216.6 }, "geometry": { "type": "Polygon", "coordinates": [ [ [ 566583.424000000581145, 5928417.179000003263354 ], [ 566583.173999999649823, 5928417.432 ], [ 566583.151000001467764, 5928417.456000000238419 ], [ 566581.573999999091029, 5928419.052999997511506 ], [ 566583.005000000819564, 5928420.466000001877546 ], [ 566577.157000001519918, 5928426.390000000596046 ], [ 566585.859000000171363, 5928434.981000000610948 ], [ 566592.372000000439584, 5928428.382999999448657 ], [ 566592.61699999962002, 5928428.134999999776483 ], [ 566592.771999999880791, 5928428.287000002339482 ], [ 566593.237999999895692, 5928428.747000001370907 ], [ 566599.525999999605119, 5928434.955000001937151 ], [ 566604.08600000012666, 5928430.335000002756715 ], [ 566604.332000000402331, 5928430.086000002920628 ], [ 566604.40500000026077, 5928430.157999999821186 ], [ 566604.629999999888241, 5928429.912000000476837 ], [ 566604.71999999973923, 5928429.813999999314547 ], [ 566604.814999999478459, 5928429.906999999657273 ], [ 566605.243000001646578, 5928430.330000003799796 ], [ 566610.556000000797212, 5928435.560000000521541 ], [ 566617.624999999068677, 5928428.398000001907349 ], [ 566623.912000000476837, 5928422.02900000102818 ], [ 566610.908999999985099, 5928409.146999999880791 ], [ 566610.716000001877546, 5928408.955000001937151 ], [ 566610.326999999582767, 5928408.570000002160668 ], [ 566610.675000000745058, 5928408.220000000670552 ], [ 566610.684000000357628, 5928408.211000001057982 ], [ 566619.442000000737607, 5928399.397000001743436 ], [ 566619.668999999761581, 5928399.168999999761581 ], [ 566613.471000001765788, 5928392.863000003620982 ], [ 566613.318999999202788, 5928392.863000003620982 ], [ 566598.153000000864267, 5928392.879000000655651 ], [ 566598.150999999605119, 5928393.074999999254942 ], [ 566598.08600000012666, 5928398.774000002071261 ], [ 566598.082999999634922, 5928399.004000002518296 ], [ 566598.082000001333654, 5928399.093000002205372 ], [ 566597.91200000140816, 5928399.092000002041459 ], [ 566597.677000000141561, 5928399.091 ], [ 566592.581000001169741, 5928399.075000002980232 ], [ 566592.58500000089407, 5928398.865000000223517 ], [ 566592.587999999523163, 5928398.747000001370907 ], [ 566592.611000000499189, 5928397.75000000372529 ], [ 566591.043999999761581, 5928397.754999998956919 ], [ 566545.485000001266599, 5928397.912000002339482 ], [ 566544.55599999986589, 5928397.915000000968575 ], [ 566544.550000000745058, 5928399.291999997571111 ], [ 566537.665000000037253, 5928399.260000001639128 ], [ 566537.71000000089407, 5928406.631000002846122 ], [ 566537.186999999918044, 5928406.640999998897314 ], [ 566532.918999999761581, 5928406.724000003188848 ], [ 566530.639000000432134, 5928408.946000002324581 ], [ 566530.558999999426305, 5928409.025000000372529 ], [ 566530.566000000573695, 5928409.031999999657273 ], [ 566530.609000001102686, 5928409.073000000789762 ], [ 566530.648000000044703, 5928409.111999999731779 ], [ 566544.02000000141561, 5928422.134999999776483 ], [ 566544.651000000536442, 5928422.747999999672174 ], [ 566544.974999999627471, 5928423.064000001177192 ], [ 566545.056000000797212, 5928423.143000001087785 ], [ 566553.172000002115965, 5928414.930000003427267 ], [ 566553.484000000171363, 5928414.614 ], [ 566553.847000000998378, 5928414.974000003188848 ], [ 566553.859000002034009, 5928414.986000001430511 ], [ 566563.603000000119209, 5928424.64299999922514 ], [ 566563.654000000096858, 5928424.69400000013411 ], [ 566576.703000000678003, 5928411.410000000149012 ], [ 566576.885999999940395, 5928411.223999999463558 ], [ 566577.135999999940395, 5928410.97100000269711 ], [ 566577.706000000238419, 5928411.535000002011657 ], [ 566583.424000000581145, 5928417.179000003263354 ] ], [ [ 566592.103000001050532, 5928428.063999999314547 ], [ 566591.841000001877546, 5928428.33500000089407 ], [ 566591.435000002384186, 5928427.943000001832843 ], [ 566591.737000001594424, 5928427.629999998956919 ], [ 566591.838000000454485, 5928427.526000000536442 ], [ 566592.243999999947846, 5928427.918999999761581 ], [ 566592.103000001050532, 5928428.063999999314547 ] ], [ [ 566585.486000000499189, 5928404.200000001117587 ], [ 566586.230000000447035, 5928404.195000000298023 ], [ 566586.235999999567866, 5928404.93099999986589 ], [ 566585.491000001318753, 5928404.937000000849366 ], [ 566585.486000000499189, 5928404.200000001117587 ] ], [ [ 566545.91200000140816, 5928403.843000002205372 ], [ 566545.103000001050532, 5928403.861999999731779 ], [ 566545.08600000012666, 5928403.101000003516674 ], [ 566545.895000000484288, 5928403.082000002264977 ], [ 566545.91200000140816, 5928403.843000002205372 ] ], [ [ 566594.110000001266599, 5928400.896999999880791 ], [ 566594.947000001557171, 5928400.909999998286366 ], [ 566594.93400000128895, 5928401.75899999961257 ], [ 566594.096999999135733, 5928401.745999999344349 ], [ 566594.110000001266599, 5928400.896999999880791 ] ], [ [ 566595.420000000856817, 5928417.139000002294779 ], [ 566595.300000000745058, 5928417.24800000153482 ], [ 566595.154000000096858, 5928417.316999999806285 ], [ 566595.001000000163913, 5928417.343000002205372 ], [ 566594.735999999567866, 5928417.285000002011657 ], [ 566594.527999999932945, 5928417.109999999403954 ], [ 566594.454999999143183, 5928416.973000004887581 ], [ 566594.42100000102073, 5928416.815000001341105 ], [ 566594.434000000357628, 5928416.653999999165535 ], [ 566594.489000000059605, 5928416.508000003173947 ], [ 566594.67100000102073, 5928416.307 ], [ 566594.927000001072884, 5928416.215000001713634 ], [ 566595.082000001333654, 5928416.219999996945262 ], [ 566595.236000000499189, 5928416.269999999552965 ], [ 566595.369000000879169, 5928416.362000003457069 ], [ 566595.468000000342727, 5928416.482000004500151 ], [ 566595.550000000745058, 5928416.740000000223517 ], [ 566595.502000001259148, 5928417.008000003173947 ], [ 566595.420000000856817, 5928417.139000002294779 ] ], [ [ 566608.612000000663102, 5928404.08500000089407 ], [ 566608.393000001087785, 5928403.923000002279878 ], [ 566608.311000000685453, 5928403.789999997243285 ], [ 566608.268000002019107, 5928403.633000005036592 ], [ 566608.270999999716878, 5928403.471000000834465 ], [ 566608.316000000573695, 5928403.322000002488494 ], [ 566608.488000000827014, 5928403.109999999403954 ], [ 566608.738000000827014, 5928403.001000000163913 ], [ 566608.894000000320375, 5928402.996999999508262 ], [ 566609.050999999977648, 5928403.038000002503395 ], [ 566609.190000000409782, 5928403.121000001206994 ], [ 566609.296000000089407, 5928403.236000001430511 ], [ 566609.394999999552965, 5928403.490000002086163 ], [ 566609.363000000827014, 5928403.761 ], [ 566609.28899999987334, 5928403.898 ], [ 566609.175000000745058, 5928404.014000000432134 ], [ 566609.032999999821186, 5928404.093000000342727 ], [ 566608.881000000052154, 5928404.128000000491738 ], [ 566608.612000000663102, 5928404.08500000089407 ] ], [ [ 566548.048000001348555, 5928405.177999999374151 ], [ 566548.021000000648201, 5928405.338999999687076 ], [ 566547.948999999091029, 5928405.485000001266599 ], [ 566547.843000002205372, 5928405.602000001817942 ], [ 566547.597000000998378, 5928405.721999999135733 ], [ 566547.321999999694526, 5928405.712999999523163 ], [ 566547.178000002168119, 5928405.651000002399087 ], [ 566547.052000002004206, 5928405.546 ], [ 566546.961000001057982, 5928405.41100000217557 ], [ 566546.912999999709427, 5928405.261000001803041 ], [ 566546.932000000961125, 5928404.987000001594424 ], [ 566547.07700000051409, 5928404.754000002518296 ], [ 566547.203000000678003, 5928404.660000002011657 ], [ 566547.356999999843538, 5928404.604000004008412 ], [ 566547.519999999552965, 5928404.593000000342727 ], [ 566547.673000002279878, 5928404.626000003889203 ], [ 566547.901000000536442, 5928404.77900000102818 ], [ 566548.030999999493361, 5928405.022000001743436 ], [ 566548.048000001348555, 5928405.177999999374151 ] ], [ [ 566595.803000000305474, 5928407.783000001683831 ], [ 566595.641000001691282, 5928407.816000003367662 ], [ 566595.482000001706183, 5928407.802999999374151 ], [ 566595.446000000461936, 5928407.785000002011657 ], [ 566595.23200000077486, 5928407.678999997675419 ], [ 566595.06800000090152, 5928407.453000001609325 ], [ 566595.03000000026077, 5928407.298000002279878 ], [ 566595.03600000217557, 5928407.131999999284744 ], [ 566595.088999999687076, 5928406.975000001490116 ], [ 566595.179000001400709, 5928406.844000002369285 ], [ 566595.411999999545515, 5928406.688999997451901 ], [ 566595.689000001177192, 5928406.661000000312924 ], [ 566595.843000000342727, 5928406.705000001937151 ], [ 566595.983000000938773, 5928406.793000001460314 ], [ 566596.093000000342727, 5928406.918000001460314 ], [ 566596.162000000476837, 5928407.062000000849366 ], [ 566596.179000000469387, 5928407.339999999850988 ], [ 566596.064999998547137, 5928407.594999998807907 ], [ 566595.985999999567866, 5928407.671 ], [ 566595.950000001117587, 5928407.706000003963709 ], [ 566595.803000000305474, 5928407.783000001683831 ] ], [ [ 566547.981999999843538, 5928402.561999998986721 ], [ 566548.040000000037253, 5928402.717000003904104 ], [ 566548.053000002168119, 5928402.876000003889203 ], [ 566547.970000000670552, 5928403.143000001087785 ], [ 566547.772000001743436, 5928403.339999997988343 ], [ 566547.626000001095235, 5928403.402999999001622 ], [ 566547.46100000012666, 5928403.423000002279878 ], [ 566547.297000001184642, 5928403.396000001579523 ], [ 566547.153000000864267, 5928403.32799999974668 ], [ 566546.963000001385808, 5928403.123000003397465 ], [ 566546.890999999828637, 5928402.853000001981854 ], [ 566546.910000001080334, 5928402.694000001996756 ], [ 566546.974999999627471, 5928402.541000004857779 ], [ 566547.080000001005828, 5928402.412999998778105 ], [ 566547.212000000290573, 5928402.322999998927116 ], [ 566547.484000001102686, 5928402.261000001803041 ], [ 566547.754000001586974, 5928402.334000000730157 ], [ 566547.882000001147389, 5928402.429000003263354 ], [ 566547.981999999843538, 5928402.561999998986721 ] ], [ [ 566596.918999999761581, 5928414.519999999552965 ], [ 566596.783000000752509, 5928414.618000000715256 ], [ 566596.625, 5928414.67200000025332 ], [ 566596.465000001713634, 5928414.681000001728535 ], [ 566596.199000000022352, 5928414.591 ], [ 566596.006000000052154, 5928414.388000000268221 ], [ 566595.947000000625849, 5928414.239 ], [ 566595.930000000633299, 5928414.072999998927116 ], [ 566595.961000001057982, 5928413.909000001847744 ], [ 566596.034000000916421, 5928413.765000000596046 ], [ 566596.245000000111759, 5928413.58 ], [ 566596.518000001087785, 5928413.514000000432134 ], [ 566596.675999999977648, 5928413.537000002339482 ], [ 566596.829000000841916, 5928413.606000000610948 ], [ 566596.955000001005828, 5928413.715000003576279 ], [ 566597.043000000528991, 5928413.850000001490116 ], [ 566597.098000000230968, 5928414.125000001862645 ], [ 566597.01799999922514, 5928414.394000001251698 ], [ 566596.918999999761581, 5928414.519999999552965 ] ], [ [ 566597.328000000678003, 5928405.607999999076128 ], [ 566597.151000000536442, 5928405.389000002294779 ], [ 566597.103000001050532, 5928405.235000003129244 ], [ 566597.099999999627471, 5928405.067999998107553 ], [ 566597.145000000484288, 5928404.907000001519918 ], [ 566597.228000000119209, 5928404.77000000141561 ], [ 566597.454000000841916, 5928404.602000001817942 ], [ 566597.73100000154227, 5928404.55800000205636 ], [ 566597.888000001199543, 5928404.594000002369285 ], [ 566598.034000001847744, 5928404.6739999987185 ], [ 566598.152000000700355, 5928404.793000001460314 ], [ 566598.229000000283122, 5928404.934999998658895 ], [ 566598.262000000104308, 5928405.213999999687076 ], [ 566598.161000000312924, 5928405.475999999791384 ], [ 566598.052000000141561, 5928405.59400000423193 ], [ 566597.907999998889863, 5928405.680000001564622 ], [ 566597.746999999508262, 5928405.723000004887581 ], [ 566597.58600000012666, 5928405.718000000342727 ], [ 566597.328000000678003, 5928405.607999999076128 ] ], [ [ 566599.293999999761581, 5928420.291999999433756 ], [ 566599.331000002101064, 5928420.571000000461936 ], [ 566599.292000000365078, 5928420.7280000038445 ], [ 566599.208000000566244, 5928420.87300000153482 ], [ 566599.08600000012666, 5928420.988000001758337 ], [ 566598.941999998874962, 5928421.062000000849366 ], [ 566598.662000002339482, 5928421.089000001549721 ], [ 566598.400999999605119, 5928420.981000000610948 ], [ 566598.285000001080334, 5928420.868999999016523 ], [ 566598.201999999582767, 5928420.723999999463558 ], [ 566598.16300000064075, 5928420.559999998658895 ], [ 566598.170000000856817, 5928420.399000000208616 ], [ 566598.287999999709427, 5928420.143000001087785 ], [ 566598.511000000871718, 5928419.970000000670552 ], [ 566598.666000002063811, 5928419.926000000908971 ], [ 566598.833999999798834, 5928419.927000001072884 ], [ 566598.994000000879169, 5928419.975000001490116 ], [ 566599.129999999888241, 5928420.061999998986721 ], [ 566599.293999999761581, 5928420.291999999433756 ] ], [ [ 566592.026999999769032, 5928414.363000001758337 ], [ 566592.061999998986721, 5928414.206000003963709 ], [ 566592.220000000670552, 5928413.971999999135733 ], [ 566592.469000002369285, 5928413.838000001385808 ], [ 566592.629000000655651, 5928413.820000002160668 ], [ 566592.795000000856817, 5928413.848999999463558 ], [ 566592.946000001393259, 5928413.923000002279878 ], [ 566593.064999999478459, 5928414.032000001519918 ], [ 566593.189000002108514, 5928414.285999998450279 ], [ 566593.179999999701977, 5928414.568000003695488 ], [ 566593.11500000115484, 5928414.716 ], [ 566593.008000002242625, 5928414.845000000670552 ], [ 566592.868000000715256, 5928414.938999997451901 ], [ 566592.713999999687076, 5928414.988000003620982 ], [ 566592.432000000029802, 5928414.968000000342727 ], [ 566592.19200000166893, 5928414.819000001996756 ], [ 566592.097000000998378, 5928414.688999999314547 ], [ 566592.039000000804663, 5928414.531000001356006 ], [ 566592.026999999769032, 5928414.363000001758337 ] ], [ [ 566584.295000000856817, 5928418.414000000804663 ], [ 566584.256000001914799, 5928418.25 ], [ 566584.264000000432134, 5928418.08699999935925 ], [ 566584.38300000037998, 5928417.829000003635883 ], [ 566584.609000001102686, 5928417.656000001356006 ], [ 566584.766000000759959, 5928417.612000001594424 ], [ 566584.935000002384186, 5928417.612999998033047 ], [ 566585.097000000998378, 5928417.662000004202127 ], [ 566585.233, 5928417.749999998137355 ], [ 566585.398000000976026, 5928417.98200000077486 ], [ 566585.435000000521541, 5928418.265000000596046 ], [ 566585.395000000484288, 5928418.421999998390675 ], [ 566585.309000000357628, 5928418.568 ], [ 566585.186000001616776, 5928418.684000000357628 ], [ 566585.041000000201166, 5928418.758000003173947 ], [ 566584.757000001147389, 5928418.783999998122454 ], [ 566584.494999999180436, 5928418.675000000745058 ], [ 566584.378000002354383, 5928418.561999997124076 ], [ 566584.295000000856817, 5928418.414000000804663 ] ], [ [ 566602.04600000102073, 5928408.601000001654029 ], [ 566602.136000000871718, 5928408.735999999567866 ], [ 566602.192999999970198, 5928409.015000000596046 ], [ 566602.112999999895692, 5928409.289000000804663 ], [ 566602.013000001199543, 5928409.416999999433756 ], [ 566601.876000001095235, 5928409.516000000759959 ], [ 566601.716000000014901, 5928409.572000000625849 ], [ 566601.553999999538064, 5928409.582000002264977 ], [ 566601.48200000077486, 5928409.558000000193715 ], [ 566601.284000001847744, 5928409.491000002250075 ], [ 566601.087000001221895, 5928409.28600000217557 ], [ 566601.025999999605119, 5928409.134999999776483 ], [ 566601.009000000543892, 5928408.967000000178814 ], [ 566601.040000000968575, 5928408.800000000745058 ], [ 566601.113000000827014, 5928408.655000003054738 ], [ 566601.3260000012815, 5928408.465999998152256 ], [ 566601.602000001817942, 5928408.399000002071261 ], [ 566601.763000001199543, 5928408.421000001952052 ], [ 566601.917999999597669, 5928408.490000000223517 ], [ 566601.96100000012666, 5928408.526999998837709 ], [ 566602.04600000102073, 5928408.601000001654029 ] ], [ [ 566590.388000000268221, 5928411.519000003114343 ], [ 566590.637000001966953, 5928411.657999999821186 ], [ 566590.74000000115484, 5928411.784000003710389 ], [ 566590.807000001892447, 5928411.940000005066395 ], [ 566590.826999999582767, 5928412.107999999076128 ], [ 566590.800000000745058, 5928412.269000001251698 ], [ 566590.652000001631677, 5928412.513000002130866 ], [ 566590.407999999821186, 5928412.660000000149012 ], [ 566590.247000000439584, 5928412.686000002548099 ], [ 566590.079000000841916, 5928412.666000001132488 ], [ 566589.923000001348555, 5928412.598000003024936 ], [ 566589.797000001184642, 5928412.495000002905726 ], [ 566589.660000001080334, 5928412.245000004768372 ], [ 566589.65500000026077, 5928411.960000002756715 ], [ 566589.71299999859184, 5928411.808000000193715 ], [ 566589.814000000245869, 5928411.672000002115965 ], [ 566589.95000000204891, 5928411.571000002324581 ], [ 566590.103000000119209, 5928411.514000002294779 ], [ 566590.388000000268221, 5928411.519000003114343 ] ], [ [ 566601.509999999776483, 5928403.579 ], [ 566601.537999998778105, 5928403.412000000476837 ], [ 566601.609000002034009, 5928403.264000002294779 ], [ 566601.820000000298023, 5928403.071000004187226 ], [ 566602.097000000998378, 5928402.99800000153482 ], [ 566602.25899999961257, 5928403.01799999922514 ], [ 566602.415000000968575, 5928403.08500000089407 ], [ 566602.546000000089407, 5928403.194000003859401 ], [ 566602.638000001199543, 5928403.329000001773238 ], [ 566602.700000001117587, 5928403.608000000938773 ], [ 566602.625000001862645, 5928403.88399999961257 ], [ 566602.527000000700355, 5928404.014000000432134 ], [ 566602.390999999828637, 5928404.116000002250075 ], [ 566602.231000000610948, 5928404.175000002607703 ], [ 566602.06800000090152, 5928404.188000002875924 ], [ 566601.794999999925494, 5928404.102 ], [ 566601.593999999575317, 5928403.899000000208616 ], [ 566601.53000000026077, 5928403.747999999672174 ], [ 566601.509999999776483, 5928403.579 ] ], [ [ 566594.158000000752509, 5928409.423000002279878 ], [ 566594.070000001229346, 5928409.696000000461936 ], [ 566593.964999999850988, 5928409.822000002488494 ], [ 566593.822999999858439, 5928409.918000001460314 ], [ 566593.661000001244247, 5928409.970000000670552 ], [ 566593.497000000439584, 5928409.975000001490116 ], [ 566593.226999999955297, 5928409.876000000163913 ], [ 566593.034000001847744, 5928409.662999998778105 ], [ 566592.978000001050532, 5928409.50899999961257 ], [ 566592.965000000782311, 5928409.339000001549721 ], [ 566593.001000002026558, 5928409.172000002115965 ], [ 566593.078999999910593, 5928409.026999998837709 ], [ 566593.299999999813735, 5928408.843000000342727 ], [ 566593.581000000238419, 5928408.783000001683831 ], [ 566593.742000000551343, 5928408.811000004410744 ], [ 566593.895999999716878, 5928408.885000001639128 ], [ 566594.023000000976026, 5928409.000000001862645 ], [ 566594.109000000171363, 5928409.140000000596046 ], [ 566594.158000000752509, 5928409.423000002279878 ] ], [ [ 566599.469000000506639, 5928412.013000002130866 ], [ 566599.328000000678003, 5928412.109000001102686 ], [ 566599.165000000968575, 5928412.161000000312924 ], [ 566599.0, 5928412.166000001132488 ], [ 566598.730000001378357, 5928412.066000001505017 ], [ 566598.537999999709427, 5928411.853000001981854 ], [ 566598.480999999679625, 5928411.698000000789762 ], [ 566598.468000000342727, 5928411.528000002726912 ], [ 566598.504999999888241, 5928411.359999999403954 ], [ 566598.583000000566244, 5928411.216 ], [ 566598.804000000469387, 5928411.031000001356006 ], [ 566599.08600000012666, 5928410.971999999135733 ], [ 566599.248000000603497, 5928411.0 ], [ 566599.401999999769032, 5928411.074000004678965 ], [ 566599.527999999932945, 5928411.188999999314547 ], [ 566599.614000000059605, 5928411.33 ], [ 566599.662999999709427, 5928411.612999999895692 ], [ 566599.574000001884997, 5928411.887000000104308 ], [ 566599.469000000506639, 5928412.013000002130866 ] ], [ [ 566604.887999999336898, 5928407.078000003471971 ], [ 566604.878999999724329, 5928406.905999999493361 ], [ 566604.918999999761581, 5928406.740000000223517 ], [ 566605.000000000931323, 5928406.59600000269711 ], [ 566605.225000000558794, 5928406.41499999910593 ], [ 566605.50899999961257, 5928406.361000001430511 ], [ 566605.67100000102073, 5928406.392000000923872 ], [ 566605.824000000953674, 5928406.470000000670552 ], [ 566605.949000000022352, 5928406.587999999523163 ], [ 566606.032999999821186, 5928406.72999999858439 ], [ 566606.0760000012815, 5928407.015999998897314 ], [ 566605.981999999843538, 5928407.289000002667308 ], [ 566605.87400000076741, 5928407.413000002503395 ], [ 566605.729999999515712, 5928407.506999999284744 ], [ 566605.565000000409782, 5928407.55599999986589 ], [ 566605.400000001303852, 5928407.557 ], [ 566605.131000000052154, 5928407.452000001445413 ], [ 566604.942000000737607, 5928407.234000004827976 ], [ 566604.887999999336898, 5928407.078000003471971 ] ], [ [ 566586.496000001206994, 5928405.048999996855855 ], [ 566586.517, 5928403.939000001177192 ], [ 566588.619000000879169, 5928403.979000002145767 ], [ 566588.597999999299645, 5928405.089000001549721 ], [ 566586.496000001206994, 5928405.048999996855855 ] ], [ [ 566604.297000001184642, 5928424.896999999880791 ], [ 566600.923000000417233, 5928421.519999999552965 ], [ 566601.900000001303852, 5928420.542999999597669 ], [ 566604.158000000752509, 5928422.803000001236796 ], [ 566606.244000001810491, 5928424.890999998897314 ], [ 566605.267000000923872, 5928425.868000004440546 ], [ 566604.297000001184642, 5928424.896999999880791 ] ] ] } },
{ "type": "Feature", "properties": { "gebaeude_id": "DEHHALKAJ0000wAr", "dachneig": 0.0, "dachfl_2d": 11.152, "dachfl_3d": 11.152, "area_m2": 11.2 }, "geometry": { "type": "Polygon", "coordinates": [ [ [ 566620.209000000730157, 5928426.551000002771616 ], [ 566621.46000000089407, 5928427.77900000102818 ], [ 566625.917000002227724, 5928423.237000001594424 ], [ 566624.666000001132488, 5928422.009999999776483 ], [ 566620.209000000730157, 5928426.551000002771616 ] ] ] } },
{ "type": "Feature", "properties": { "gebaeude_id": "DEHHALKA5N5000ML", "dachneig": 0.0, "dachfl_2d": 973.326, "dachfl_3d": 973.326, "area_m2": 973.3 }, "geometry": { "type": "Polygon", "coordinates": [ [ [ 566345.362000000663102, 5928242.221999999135733 ], [ 566357.474000000394881, 5928233.852 ], [ 566340.253000001423061, 5928200.376000000163913 ], [ 566334.766000000759959, 5928202.985999999567866 ], [ 566334.940000000409782, 5928203.351000001654029 ], [ 566334.519999999552965, 5928203.550999997183681 ], [ 566334.345999999903142, 5928203.184999998658895 ], [ 566306.192999999970198, 5928216.572999997064471 ], [ 566304.996000000275671, 5928222.605999998748302 ], [ 566327.343999999575317, 5928249.5760000012815 ], [ 566329.742999999783933, 5928247.513000002130866 ], [ 566325.332000000402331, 5928242.382000001147389 ], [ 566329.039000000804663, 5928239.19200000166893 ], [ 566315.101999999955297, 5928222.30599999986589 ], [ 566331.037999999709427, 5928214.528999999165535 ], [ 566345.362000000663102, 5928242.221999999135733 ] ], [ [ 566319.319000001996756, 5928237.094999998807907 ], [ 566319.57799999974668, 5928237.417000003159046 ], [ 566319.262000000104308, 5928237.671 ], [ 566319.003000001423061, 5928237.349000001326203 ], [ 566319.319000001996756, 5928237.094999998807907 ] ], [ [ 566322.672000001184642, 5928239.55600000359118 ], [ 566322.924999999813735, 5928239.861999999731779 ], [ 566322.592000000178814, 5928240.137000000104308 ], [ 566322.338999999687076, 5928239.831000000238419 ], [ 566322.672000001184642, 5928239.55600000359118 ] ], [ [ 566310.034000000916421, 5928225.813000002875924 ], [ 566310.304999999701977, 5928226.139000002294779 ], [ 566309.977000000886619, 5928226.411000000312924 ], [ 566309.705999999307096, 5928226.08500000089407 ], [ 566310.034000000916421, 5928225.813000002875924 ] ], [ [ 566345.377000002190471, 5928223.594000002369285 ], [ 566345.576000000350177, 5928223.995000001043081 ], [ 566345.214000000618398, 5928224.175000004470348 ], [ 566345.014000001363456, 5928223.774000000208616 ], [ 566345.377000002190471, 5928223.594000002369285 ] ], [ [ 566340.274000000208616, 5928219.247000003233552 ], [ 566340.089000001549721, 5928218.879000002518296 ], [ 566340.483, 5928218.680000001564622 ], [ 566340.668000001460314, 5928219.048000002279878 ], [ 566340.274000000208616, 5928219.247000003233552 ] ], [ [ 566348.57799999974668, 5928230.637000001966953 ], [ 566348.959000000730157, 5928230.449999999254942 ], [ 566349.150000001303852, 5928230.838999999687076 ], [ 566348.768000001087785, 5928231.026000000536442 ], [ 566348.57799999974668, 5928230.637000001966953 ] ], [ [ 566345.356999999843538, 5928228.146999998018146 ], [ 566345.565000000409782, 5928228.536000004038215 ], [ 566345.183000000193715, 5928228.739000003784895 ], [ 566344.976000000722706, 5928228.349999997764826 ], [ 566345.356999999843538, 5928228.146999998018146 ] ], [ [ 566312.345999999903142, 5928215.636000001803041 ], [ 566311.968000001274049, 5928215.847000000998378 ], [ 566311.753000000491738, 5928215.463000001385808 ], [ 566312.132000000216067, 5928215.252000002190471 ], [ 566312.345999999903142, 5928215.636000001803041 ] ], [ [ 566348.067000000737607, 5928233.281999999657273 ], [ 566348.245000000111759, 5928233.655000001192093 ], [ 566347.826000000350177, 5928233.854000002145767 ], [ 566347.649000000208616, 5928233.48000000230968 ], [ 566348.067000000737607, 5928233.281999999657273 ] ], [ [ 566344.769000001251698, 5928223.307000001892447 ], [ 566345.162999999709427, 5928223.100000003352761 ], [ 566345.360999999567866, 5928223.476000003516674 ], [ 566345.316000000573695, 5928223.5 ], [ 566344.959999999962747, 5928223.687000002712011 ], [ 566344.762000001035631, 5928223.311000000685453 ], [ 566344.769000001251698, 5928223.307000001892447 ] ], [ [ 566335.052000002004206, 5928208.129999998956919 ], [ 566335.230000000447035, 5928208.523000003769994 ], [ 566334.821000000461936, 5928208.708000002428889 ], [ 566334.643000001087785, 5928208.31500000320375 ], [ 566335.052000002004206, 5928208.129999998956919 ] ], [ [ 566322.734000001102686, 5928211.545000003650784 ], [ 566322.321999999694526, 5928211.735999999567866 ], [ 566322.139999998733401, 5928211.343000000342727 ], [ 566322.552000000141561, 5928211.151999998837709 ], [ 566322.734000001102686, 5928211.545000003650784 ] ], [ [ 566338.060000000521541, 5928210.403000000864267 ], [ 566337.861000000499189, 5928209.993000002577901 ], [ 566338.264999999664724, 5928209.79700000025332 ], [ 566338.463999999687076, 5928210.206000002101064 ], [ 566338.060000000521541, 5928210.403000000864267 ] ], [ [ 566311.053999999538064, 5928221.33700000308454 ], [ 566309.756000000983477, 5928221.085000002756715 ], [ 566310.008000001311302, 5928219.782999999821186 ], [ 566311.307000000961125, 5928220.035000000149012 ], [ 566311.053999999538064, 5928221.33700000308454 ] ], [ [ 566313.905999999493361, 5928226.877999998629093 ], [ 566314.570000001229346, 5928226.303000001236796 ], [ 566315.230000000447035, 5928227.06700000166893 ], [ 566314.566000001505017, 5928227.641000000759959 ], [ 566314.698000000789762, 5928227.793999999761581 ], [ 566314.110000000335276, 5928228.302000002935529 ], [ 566313.318000001832843, 5928227.387000003829598 ], [ 566313.905999999493361, 5928226.877999998629093 ] ], [ [ 566337.280999999493361, 5928206.828000001609325 ], [ 566337.370000000111759, 5928207.030000003054738 ], [ 566338.05900000128895, 5928206.723999997600913 ], [ 566338.417000001296401, 5928207.529999999329448 ], [ 566337.728000000119209, 5928207.836000001057982 ], [ 566337.829000001773238, 5928208.063000002875924 ], [ 566337.006000000052154, 5928208.428000001236796 ], [ 566336.457000001333654, 5928207.192999998107553 ], [ 566337.280999999493361, 5928206.828000001609325 ] ], [ [ 566348.031000000424683, 5928225.239000003784895 ], [ 566348.118999999947846, 5928225.440000001341105 ], [ 566348.932000000029802, 5928225.076999999582767 ], [ 566349.290000000037253, 5928225.89500000141561 ], [ 566348.474000001326203, 5928226.252000000327826 ], [ 566348.567999999970198, 5928226.469000000506639 ], [ 566347.793000000528991, 5928226.808000003919005 ], [ 566347.254999999888241, 5928225.578000001609325 ], [ 566348.031000000424683, 5928225.239000003784895 ] ], [ [ 566347.194000001065433, 5928231.819000003859401 ], [ 566345.870000000111759, 5928232.458000002428889 ], [ 566345.217999999411404, 5928231.106000002473593 ], [ 566346.542000000365078, 5928230.467000003904104 ], [ 566347.194000001065433, 5928231.819000003859401 ] ], [ [ 566306.510999999940395, 5928221.072000002488494 ], [ 566307.001000001095235, 5928218.5489999987185 ], [ 566309.650000001303852, 5928219.062999999150634 ], [ 566309.161000000312924, 5928221.585999999195337 ], [ 566306.510999999940395, 5928221.072000002488494 ] ], [ [ 566342.725999999791384, 5928234.201999999582767 ], [ 566341.570000002160668, 5928231.947999998927116 ], [ 566344.651000000536442, 5928230.367000000551343 ], [ 566345.807000000961125, 5928232.622000001370907 ], [ 566342.725999999791384, 5928234.201999999582767 ] ] ] } },
{ "type": "Feature", "properties": { "gebaeude_id": "DEHHALKAJ0000who", "dachneig": 0.0, "dachfl_2d": 15.492, "dachfl_3d": 15.492, "area_m2": 15.5 }, "geometry": { "type": "Polygon", "coordinates": [ [ [ 566377.101000000722706, 5928405.023000001907349 ], [ 566381.531000001356006, 5928402.156999999657273 ], [ 566379.933000000193715, 5928399.686000004410744 ], [ 566379.916000001132488, 5928399.697000000625849 ], [ 566375.510000000707805, 5928402.563000004738569 ], [ 566377.101000000722706, 5928405.023000001907349 ] ] ] } },
{ "type": "Feature", "properties": { "gebaeude_id": "DEHHALKAJ0000xUk", "dachneig": 0.0, "dachfl_2d": 22.992, "dachfl_3d": 22.992, "area_m2": 23.0 }, "geometry": { "type": "Polygon", "coordinates": [ [ [ 566507.708999999798834, 5928915.329 ], [ 566503.800000001676381, 5928915.382000001147389 ], [ 566503.798000001348555, 5928915.199000002816319 ], [ 566503.375, 5928915.207000002264977 ], [ 566503.483, 5928920.823000002652407 ], [ 566503.892, 5928920.815999999642372 ], [ 566503.890000000596046, 5928920.677000001072884 ], [ 566507.781000000424683, 5928920.625000001862645 ], [ 566507.708999999798834, 5928915.329 ] ] ] } },
{ "type": "Feature", "properties": { "gebaeude_id": "DEHHALKAJ00058vI", "dachneig": 2.243, "dachfl_2d": 271.656, "dachfl_3d": 271.859, "area_m2": 271.7 }, "geometry": { "type": "Polygon", "coordinates": [ [ [ 566329.463000000454485, 5928882.338000001385808 ], [ 566332.698000000789762, 5928932.436000002548099 ], [ 566338.089999999850988, 5928932.06500000320375 ], [ 566334.872000000439584, 5928881.989 ], [ 566329.463000000454485, 5928882.338000001385808 ] ] ] } },
{ "type": "Feature", "properties": { "gebaeude_id": "DEHHALKAJ0000w6b", "dachneig": 0.0, "dachfl_2d": 14.438, "dachfl_3d": 14.438, "area_m2": 14.4 }, "geometry": { "type": "Polygon", "coordinates": [ [ [ 566374.09499999973923, 5928400.219999998807907 ], [ 566374.024000002071261, 5928400.266000000759959 ], [ 566375.510000000707805, 5928402.563000004738569 ], [ 566379.916000001132488, 5928399.697000000625849 ], [ 566379.933000000193715, 5928399.686000004410744 ], [ 566378.446000000461936, 5928397.388000003993511 ], [ 566374.09499999973923, 5928400.219999998807907 ] ] ] } },
{ "type": "Feature", "properties": { "gebaeude_id": "DEHHALKAJ0000xNU", "dachneig": 2.565, "dachfl_2d": 791.108, "dachfl_3d": 791.815, "area_m2": 791.1 }, "geometry": { "type": "Polygon", "coordinates": [ [ [ 566338.156999999657273, 5928931.870999999344349 ], [ 566338.169999999925494, 5928932.060000002384186 ], [ 566350.639000001363456, 5928931.204000003635883 ], [ 566353.656000000424683, 5928930.997000003233552 ], [ 566353.67200000025332, 5928931.379999997094274 ], [ 566353.977000000886619, 5928931.359000002965331 ], [ 566354.072999999858439, 5928931.353000001981854 ], [ 566353.933000001125038, 5928930.698000000789762 ], [ 566353.928999999538064, 5928930.639000004157424 ], [ 566350.566999999806285, 5928880.980000004172325 ], [ 566334.919000000692904, 5928881.986000001430511 ], [ 566334.872000000439584, 5928881.989 ], [ 566338.156999999657273, 5928931.870999999344349 ] ], [ [ 566353.918999999761581, 5928930.641000000759959 ], [ 566350.639000001363456, 5928930.897000001743436 ], [ 566353.928999999538064, 5928930.639000004157424 ], [ 566353.918999999761581, 5928930.641000000759959 ] ] ] } },
{ "type": "Feature", "properties": { "gebaeude_id": "DEHHALKAJ0000xNU", "dachneig": 2.529, "dachfl_2d": 821.185, "dachfl_3d": 822.001, "area_m2": 821.2 }, "geometry": { "type": "Polygon", "coordinates": [ [ [ 566357.079000000841916, 5928931.15400000102818 ], [ 566370.066999999806285, 5928930.296 ], [ 566366.945000001229346, 5928879.926000000908971 ], [ 566350.584000001661479, 5928880.979000002145767 ], [ 566350.566999999806285, 5928880.980000004172325 ], [ 566353.928999999538064, 5928930.639000004157424 ], [ 566353.939000000245869, 5928930.691000003367662 ], [ 566353.933000001125038, 5928930.698000000789762 ], [ 566354.072999999858439, 5928931.353000001981854 ], [ 566357.079000000841916, 5928931.15400000102818 ] ] ] } },
{ "type": "Feature", "properties": { "gebaeude_id": "DEHHALKAJ00059Dv", "dachneig": 14.763, "dachfl_2d": 86.797, "dachfl_3d": 89.761, "area_m2": 86.8 }, "geometry": { "type": "Polygon", "coordinates": [ [ [ 566556.716000000014901, 5928867.710999999195337 ], [ 566556.711000001057982, 5928867.698000000789762 ], [ 566553.441999999806285, 5928867.786000000312924 ], [ 566554.207999999634922, 5928895.324000004678965 ], [ 566557.23200000077486, 5928895.243000002577901 ], [ 566557.225000000558794, 5928894.802000002935529 ], [ 566556.716000000014901, 5928867.710999999195337 ] ] ] } },
{ "type": "Feature", "properties": { "gebaeude_id": "DEHHALKAJ0000wBx", "dachneig": 0.0, "dachfl_2d": 12.737, "dachfl_3d": 12.737, "area_m2": 12.7 }, "geometry": { "type": "Polygon", "coordinates": [ [ [ 566377.139000001363456, 5928395.367000002413988 ], [ 566372.709000001661479, 5928398.232999999076128 ], [ 566374.024000002071261, 5928400.266000000759959 ], [ 566374.09499999973923, 5928400.219999998807907 ], [ 566378.446000000461936, 5928397.388000003993511 ], [ 566377.139000001363456, 5928395.367000002413988 ] ] ] } },
{ "type": "Feature", "properties": { "gebaeude_id": "DEHHALKAJ0000xIT", "dachneig": 2.702, "dachfl_2d": 2482.863, "dachfl_3d": 2484.983, "area_m2": 2482.9 }, "geometry": { "type": "Polygon", "coordinates": [ [ [ 566290.600000000558794, 5928909.932000003755093 ], [ 566307.928999999538064, 5928908.781000001356006 ], [ 566304.138000001199543, 5928850.983000000938773 ], [ 566303.33500000089407, 5928838.748999997973442 ], [ 566285.955000000074506, 5928839.906000003218651 ], [ 566268.031999999657273, 5928841.098000001162291 ], [ 566272.60700000077486, 5928910.752999998629093 ], [ 566272.631999999284744, 5928911.12500000372529 ], [ 566273.183000000193715, 5928911.089000003412366 ], [ 566290.600000000558794, 5928909.932000003755093 ] ] ] } },
{ "type": "Feature", "properties": { "gebaeude_id": "DEHHALKAJ00058uA", "dachneig": 2.158, "dachfl_2d": 297.481, "dachfl_3d": 297.693, "area_m2": 297.5 }, "geometry": { "type": "Polygon", "coordinates": [ [ [ 566307.953999999910593, 5928908.778999999165535 ], [ 566313.066999999806285, 5928908.438999999314547 ], [ 566309.261000000871718, 5928850.816000001505017 ], [ 566309.24800000153482, 5928850.648000001907349 ], [ 566304.138000001199543, 5928850.983000000938773 ], [ 566307.928999999538064, 5928908.781000001356006 ], [ 566307.953999999910593, 5928908.778999999165535 ] ] ] } },
{ "type": "Feature", "properties": { "gebaeude_id": "DEHHALKAJ0000xRY", "dachneig": 9.788, "dachfl_2d": 167.549, "dachfl_3d": 170.069, "area_m2": 167.5 }, "geometry": { "type": "Polygon", "coordinates": [ [ [ 566442.246000001206994, 5928921.371000001206994 ], [ 566442.237000001594424, 5928921.208999998867512 ], [ 566441.720999999903142, 5928912.186000004410744 ], [ 566423.508000001311302, 5928913.24800000153482 ], [ 566424.022999999113381, 5928922.239 ], [ 566424.033000000752509, 5928922.401000002399087 ], [ 566442.246000001206994, 5928921.371000001206994 ] ] ] } },
{ "type": "Feature", "properties": { "gebaeude_id": "DEHHALKAJ0000xRY", "dachneig": 9.838, "dachfl_2d": 52.509, "dachfl_3d": 53.295, "area_m2": 52.5 }, "geometry": { "type": "Polygon", "coordinates": [ [ [ 566424.033000000752509, 5928922.401000002399087 ], [ 566424.201000000350177, 5928925.291000002995133 ], [ 566442.41300000064075, 5928924.228000000119209 ], [ 566442.246000001206994, 5928921.371000001206994 ], [ 566424.033000000752509, 5928922.401000002399087 ] ] ] } },
{ "type": "Feature", "properties": { "gebaeude_id": "DEHHALKAJ00059FN", "dachneig": 9.084, "dachfl_2d": 186.407, "dachfl_3d": 188.742, "area_m2": 130.2 }, "geometry": { "type": "Polygon", "coordinates": [ [ [ 566657.082000000402331, 5928959.025000004097819 ], [ 566658.694426036439836, 5928999.900000000372529 ], [ 566661.779930626158603, 5928999.900000000372529 ], [ 566660.358, 5928958.936999998986721 ], [ 566660.302000002004206, 5928958.939000001177192 ], [ 566657.082000000402331, 5928959.025000004097819 ] ] ] } },
{ "type": "Feature", "properties": { "gebaeude_id": "DEHHALKAJ0000wTr", "dachneig": 14.784, "dachfl_2d": 294.475, "dachfl_3d": 304.546, "area_m2": 294.5 }, "geometry": { "type": "Polygon", "coordinates": [ [ [ 566567.283999999985099, 5928867.412000000476837 ], [ 566556.716000000014901, 5928867.698000000789762 ], [ 566556.718000001274049, 5928867.807000003755093 ], [ 566557.225000000558794, 5928894.802000002935529 ], [ 566557.226000001654029, 5928894.834000000730157 ], [ 566557.233, 5928895.243000002577901 ], [ 566568.036000000312924, 5928894.950000001117587 ], [ 566567.283999999985099, 5928867.412000000476837 ] ] ] } },
{ "type": "Feature", "properties": { "gebaeude_id": "DEHHALKAJ0000wTr", "dachneig": 14.291, "dachfl_2d": 297.41, "dachfl_3d": 306.907, "area_m2": 297.4 }, "geometry": { "type": "Polygon", "coordinates": [ [ [ 566568.410000001080334, 5928894.940000005066395 ], [ 566578.82799999974668, 5928894.658000001683831 ], [ 566578.0760000012815, 5928867.120000001043081 ], [ 566567.283999999985099, 5928867.412000000476837 ], [ 566568.036000000312924, 5928894.950000001117587 ], [ 566568.410000001080334, 5928894.940000005066395 ] ] ] } },
{ "type": "Feature", "properties": { "gebaeude_id": "DEHHALKAJ0000wjM", "dachneig": 8.74, "dachfl_2d": 89.167, "dachfl_3d": 90.315, "area_m2": 89.2 }, "geometry": { "type": "Polygon", "coordinates": [ [ [ 566422.553999999538064, 5928913.303999999538064 ], [ 566413.763000000268221, 5928913.815999999642372 ], [ 566414.292999999597669, 5928922.905999999493361 ], [ 566414.46100000012666, 5928922.896999999880791 ], [ 566418.406999999657273, 5928922.666999999433756 ], [ 566418.410000001080334, 5928922.719000002369285 ], [ 566424.031999999657273, 5928922.401000002399087 ], [ 566424.022999999113381, 5928922.239 ], [ 566423.508000001311302, 5928913.24800000153482 ], [ 566422.553999999538064, 5928913.303999999538064 ] ] ] } },
{ "type": "Feature", "properties": { "gebaeude_id": "DEHHALKAJ0000wjM", "dachneig": 13.443, "dachfl_2d": 16.33, "dachfl_3d": 16.683, "area_m2": 16.3 }, "geometry": { "type": "Polygon", "coordinates": [ [ [ 566418.410000001080334, 5928922.719000002369285 ], [ 566418.578999999910593, 5928925.618999999016523 ], [ 566424.201000000350177, 5928925.291000002995133 ], [ 566424.031999999657273, 5928922.401000002399087 ], [ 566418.410000001080334, 5928922.719000002369285 ] ] ] } },
{ "type": "Feature", "properties": { "gebaeude_id": "DEHHALKAJ0000wih", "dachneig": 9.88, "dachfl_2d": 110.807, "dachfl_3d": 112.474, "area_m2": 110.8 }, "geometry": { "type": "Polygon", "coordinates": [ [ [ 566451.422000002115965, 5928920.852 ], [ 566450.886000000871718, 5928911.652000000700355 ], [ 566441.720999999903142, 5928912.186000004410744 ], [ 566442.237000001594424, 5928921.208999998867512 ], [ 566442.246000001206994, 5928921.371000001206994 ], [ 566442.41300000064075, 5928924.228000000119209 ], [ 566451.587999999523163, 5928923.693 ], [ 566451.422000002115965, 5928920.852 ] ] ] } },
{ "type": "Feature", "properties": { "gebaeude_id": "DEHHALKA1gl000Wb", "dachneig": 1.257, "dachfl_2d": 13.915, "dachfl_3d": 13.918, "area_m2": 13.9 }, "geometry": { "type": "Polygon", "coordinates": [ [ [ 566256.570000000298023, 5928415.791000001132488 ], [ 566256.160999999381602, 5928415.387000000104308 ], [ 566253.996000000275671, 5928417.584000000730157 ], [ 566254.961000001989305, 5928418.519000003114343 ], [ 566257.253999998793006, 5928420.744000000879169 ], [ 566259.394000000320375, 5928418.573000000789762 ], [ 566256.570000000298023, 5928415.791000001132488 ] ] ] } },
{ "type": "Feature", "properties": { "gebaeude_id": "DEHHALKA1gl000Wb", "dachneig": 0.0, "dachfl_2d": 16.687, "dachfl_3d": 16.687, "area_m2": 16.7 }, "geometry": { "type": "Polygon", "coordinates": [ [ [ 566259.911000000312924, 5928408.780000003054738 ], [ 566254.570000002160668, 5928414.201000003144145 ], [ 566255.970000000670552, 5928415.581000000238419 ], [ 566256.160999999381602, 5928415.387000000104308 ], [ 566256.570000000298023, 5928415.791000001132488 ], [ 566256.604000001214445, 5928415.748999999836087 ], [ 566261.257000001147389, 5928410.045 ], [ 566259.911000000312924, 5928408.780000003054738 ] ] ] } },
{ "type": "Feature", "properties": { "gebaeude_id": "DEHHALKAJ0000xTQ", "dachneig": 4.24, "dachfl_2d": 164.919, "dachfl_3d": 165.384, "area_m2": 164.9 }, "geometry": { "type": "Polygon", "coordinates": [ [ [ 566038.552000000141561, 5928938.190999999642372 ], [ 566037.75, 5928938.80599999986589 ], [ 566038.75899999961257, 5928956.464000001549721 ], [ 566043.458999999798834, 5928957.618000000715256 ], [ 566043.53000000026077, 5928959.477 ], [ 566047.192999999970198, 5928960.650000002235174 ], [ 566047.036000000312924, 5928958.216000003740191 ], [ 566046.56800000090152, 5928950.974999999627471 ], [ 566046.28000000026077, 5928946.512000000104308 ], [ 566046.151999999769032, 5928944.531999999657273 ], [ 566045.711000001057982, 5928937.699999999254942 ], [ 566038.552000000141561, 5928938.190999999642372 ] ] ] } },
{ "type": "Feature", "properties": { "gebaeude_id": "DEHHALKAJ0000xTQ", "dachneig": 9.416, "dachfl_2d": 17.374, "dachfl_3d": 17.617, "area_m2": 17.4 }, "geometry": { "type": "Polygon", "coordinates": [ [ [ 566038.75899999961257, 5928956.464000001549721 ], [ 566031.149999999441206, 5928959.675000004470348 ], [ 566039.770000000484288, 5928959.118000002577901 ], [ 566043.458999999798834, 5928957.618000000715256 ], [ 566038.75899999961257, 5928956.464000001549721 ] ] ] } },
{ "type": "Feature", "properties": { "gebaeude_id": "DEHHALKAJ0000xTQ", "dachneig": 3.573, "dachfl_2d": 163.93, "dachfl_3d": 164.265, "area_m2": 163.9 }, "geometry": { "type": "Polygon", "coordinates": [ [ [ 566037.75, 5928938.80599999986589 ], [ 566029.604000000283122, 5928935.737000001594424 ], [ 566030.536000000312924, 5928950.167000001296401 ], [ 566030.826000000350177, 5928954.666000001132488 ], [ 566030.831000001169741, 5928954.785000000149012 ], [ 566030.963000000454485, 5928956.775000002235174 ], [ 566031.149999999441206, 5928959.675000004470348 ], [ 566038.75899999961257, 5928956.464000001549721 ], [ 566037.75, 5928938.80599999986589 ] ] ] } },
{ "type": "Feature", "properties": { "gebaeude_id": "DEHHALKAJ0000xTQ", "dachneig": 9.783, "dachfl_2d": 16.989, "dachfl_3d": 17.24, "area_m2": 17.0 }, "geometry": { "type": "Polygon", "coordinates": [ [ [ 566037.75, 5928938.80599999986589 ], [ 566038.552000000141561, 5928938.190999999642372 ], [ 566038.345000000670552, 5928935.172000002115965 ], [ 566029.604000000283122, 5928935.737000001594424 ], [ 566037.75, 5928938.80599999986589 ] ] ] } },
{ "type": "Feature", "properties": { "gebaeude_id": "DEHHALKAJ0000wL4", "dachneig": 1.411, "dachfl_2d": 12.3, "dachfl_3d": 12.304, "area_m2": 12.3 }, "geometry": { "type": "Polygon", "coordinates": [ [ [ 566106.333000000566244, 5928223.00899999961257 ], [ 566104.685999999754131, 5928223.727000001817942 ], [ 566105.410000001080334, 5928225.386 ], [ 566107.539000000804663, 5928224.480000000447035 ], [ 566107.565000000409782, 5928224.468000000342727 ], [ 566107.623000000603497, 5928224.444000003859401 ], [ 566111.564000000245869, 5928222.766000000759959 ], [ 566110.814000001177192, 5928221.054000003263354 ], [ 566106.432000000961125, 5928222.966000001877546 ], [ 566106.422000001184642, 5928222.970000000670552 ], [ 566106.417000001296401, 5928222.971999999135733 ], [ 566106.333000000566244, 5928223.00899999961257 ] ] ] } },
{ "type": "Feature", "properties": { "gebaeude_id": "DEHHALKAJ0000wL4", "dachneig": 0.0, "dachfl_2d": 11.045, "dachfl_3d": 11.054, "area_m2": 11.0 }, "geometry": { "type": "Polygon", "coordinates": [ [ [ 566142.035000001080334, 5928231.610000001266599 ], [ 566143.935999999754131, 5928228.505999999120831 ], [ 566143.930000000633299, 5928228.070000002160668 ], [ 566143.928000000305474, 5928227.954 ], [ 566143.811000000685453, 5928227.982999999076128 ], [ 566143.414000001735985, 5928228.07799999974668 ], [ 566143.272000000812113, 5928227.980000000447035 ], [ 566143.107000001706183, 5928227.86600000038743 ], [ 566141.810000001452863, 5928226.97100000269711 ], [ 566141.498999999836087, 5928226.833999998867512 ], [ 566139.609000001102686, 5928230.081000002101064 ], [ 566142.035000001080334, 5928231.610000001266599 ] ] ] } },
{ "type": "Feature", "properties": { "gebaeude_id": "DEHHALKAJ0000wL4", "dachneig": 1.338, "dachfl_2d": 75.718, "dachfl_3d": 75.733, "area_m2": 75.7 }, "geometry": { "type": "Polygon", "coordinates": [ [ [ 566114.639000001363456, 5928215.151999998837709 ], [ 566104.773000000976026, 5928219.351000001654029 ], [ 566106.176000000908971, 5928222.648000001907349 ], [ 566111.129000000655651, 5928220.487000001594424 ], [ 566112.035000000149012, 5928222.561000002548099 ], [ 566112.038000001572073, 5928222.570000002160668 ], [ 566113.933000000193715, 5928227.020999999716878 ], [ 566118.807000000961125, 5928224.946000002324581 ], [ 566114.639000001363456, 5928215.151999998837709 ] ] ] } },
{ "type": "Feature", "properties": { "gebaeude_id": "20211011093632_139", "dachneig": 0.957, "dachfl_2d": 25.326, "dachfl_3d": 25.329, "area_m2": 25.3 }, "geometry": { "type": "Polygon", "coordinates": [ [ [ 566124.723000000230968, 5928206.161000000312924 ], [ 566122.612999999895692, 5928200.685000000521541 ], [ 566118.58600000012666, 5928202.238000001758337 ], [ 566120.696000000461936, 5928207.713000001385808 ], [ 566124.723000000230968, 5928206.161000000312924 ] ] ] } },
{ "type": "Feature", "properties": { "gebaeude_id": "20211011093632_133", "dachneig": 0.0, "dachfl_2d": 14.727, "dachfl_3d": 14.727, "area_m2": 14.7 }, "geometry": { "type": "Polygon", "coordinates": [ [ [ 566043.919999998994172, 5928349.191999999806285 ], [ 566041.341000000946224, 5928343.716000001877546 ], [ 566039.140000000596046, 5928344.753000000491738 ], [ 566041.719000001437962, 5928350.229000002145767 ], [ 566043.919999998994172, 5928349.191999999806285 ] ] ] } },
{ "type": "Feature", "properties": { "gebaeude_id": "DEHHALKAJ0000tVr", "dachneig": 11.578, "dachfl_2d": 65.37, "dachfl_3d": 66.734, "area_m2": 65.4 }, "geometry": { "type": "Polygon", "coordinates": [ [ [ 566084.486999999731779, 5928410.941999999806285 ], [ 566076.000000000931323, 5928410.03999999910593 ], [ 566081.24199999962002, 5928420.264999998733401 ], [ 566087.579000000841916, 5928417.063000001013279 ], [ 566084.486999999731779, 5928410.941999999806285 ] ] ] } },
{ "type": "Feature", "properties": { "gebaeude_id": "DEHHALKAJ0000tVr", "dachneig": 10.006, "dachfl_2d": 124.786, "dachfl_3d": 126.709, "area_m2": 124.8 }, "geometry": { "type": "Polygon", "coordinates": [ [ [ 566092.809000000357628, 5928385.649000000208616 ], [ 566090.792999999597669, 5928384.990000000223517 ], [ 566090.512000001966953, 5928384.899000002071261 ], [ 566081.989000000059605, 5928382.115000002086163 ], [ 566081.970999999903142, 5928382.109000001102686 ], [ 566076.840000001713634, 5928380.434000000357628 ], [ 566076.707000001333654, 5928380.390000000596046 ], [ 566074.383000001311302, 5928379.631000000983477 ], [ 566073.933000000193715, 5928379.484000004827976 ], [ 566073.870000001043081, 5928379.464000001549721 ], [ 566073.863000000827014, 5928379.462000004947186 ], [ 566073.236999999731779, 5928381.280000001192093 ], [ 566074.080999999307096, 5928382.951000003144145 ], [ 566072.606999999843538, 5928387.195000000298023 ], [ 566072.473000000230968, 5928387.688000002875924 ], [ 566072.466000000014901, 5928387.808000003919005 ], [ 566082.202000001445413, 5928391.031000001356006 ], [ 566092.809000000357628, 5928385.649000000208616 ] ] ] } },
{ "type": "Feature", "properties": { "gebaeude_id": "DEHHALKAJ0000tVr", "dachneig": 10.053, "dachfl_2d": 194.757, "dachfl_3d": 197.769, "area_m2": 194.8 }, "geometry": { "type": "Polygon", "coordinates": [ [ [ 566084.486999999731779, 5928410.941999999806285 ], [ 566092.129000001586974, 5928387.716 ], [ 566092.23200000077486, 5928387.401000002399087 ], [ 566092.809000000357628, 5928385.649000000208616 ], [ 566082.202000001445413, 5928391.031000001356006 ], [ 566077.923000001348555, 5928404.292000001296401 ], [ 566076.000000000931323, 5928410.03999999910593 ], [ 566084.486999999731779, 5928410.941999999806285 ] ] ] } },
{ "type": "Feature", "properties": { "gebaeude_id": "DEHHALKAJ0000tVr", "dachneig": 6.487, "dachfl_2d": 386.613, "dachfl_3d": 389.094, "area_m2": 386.6 }, "geometry": { "type": "Polygon", "coordinates": [ [ [ 566040.752000002190471, 5928406.172000002115965 ], [ 566044.677000001072884, 5928413.867000000551343 ], [ 566045.998999999836087, 5928413.19200000166893 ], [ 566048.754999999888241, 5928418.593000002205372 ], [ 566055.368000000715256, 5928410.969000000506639 ], [ 566054.790000000968575, 5928409.835999999195337 ], [ 566058.572999999858439, 5928405.45299999974668 ], [ 566058.884999999776483, 5928405.092000000178814 ], [ 566059.005999999120831, 5928404.9510000012815 ], [ 566054.603000000119209, 5928396.321000000461936 ], [ 566054.608000000938773, 5928395.892000000923872 ], [ 566054.617000000551343, 5928395.233000000938773 ], [ 566029.894999999552965, 5928388.27000000141561 ], [ 566039.38399999961257, 5928406.870000002905726 ], [ 566040.752000002190471, 5928406.172000002115965 ] ], [ [ 566044.44300000090152, 5928407.418999999761581 ], [ 566044.498999999836087, 5928407.394000001251698 ], [ 566045.156999998725951, 5928407.094999996945262 ], [ 566046.157000000588596, 5928409.299000000581145 ], [ 566044.668999999761581, 5928409.975000001490116 ], [ 566043.669000000692904, 5928407.77000000141561 ], [ 566044.44300000090152, 5928407.418999999761581 ] ], [ [ 566042.000000001862645, 5928404.78999999910593 ], [ 566040.900000002235174, 5928402.75 ], [ 566042.441000000573695, 5928401.918999999761581 ], [ 566043.540000001899898, 5928403.958999998867512 ], [ 566043.507000002078712, 5928403.977 ], [ 566042.879999999888241, 5928404.315000001341105 ], [ 566042.87400000076741, 5928404.318 ], [ 566042.000000001862645, 5928404.78999999910593 ] ], [ [ 566038.523000000044703, 5928397.431000001728535 ], [ 566039.611000001430511, 5928399.561999998986721 ], [ 566038.098000001162291, 5928400.334000002592802 ], [ 566037.011000001803041, 5928398.201999999582767 ], [ 566038.523000000044703, 5928397.431000001728535 ] ], [ [ 566043.985999999567866, 5928407.015999998897314 ], [ 566043.423000001348555, 5928407.331000000238419 ], [ 566043.351000000722706, 5928407.372000001370907 ], [ 566042.217000000178814, 5928405.345000002533197 ], [ 566042.28800000064075, 5928405.305000001564622 ], [ 566043.146999999880791, 5928404.824999999254942 ], [ 566043.161000000312924, 5928404.816999999806285 ], [ 566043.775000000372529, 5928404.474000001326203 ], [ 566044.907999999821186, 5928406.501000000163913 ], [ 566044.845000000670552, 5928406.536000000312924 ], [ 566044.217000000178814, 5928406.888000002130866 ], [ 566044.205000001937151, 5928406.894000004976988 ], [ 566043.985999999567866, 5928407.015999998897314 ] ], [ [ 566036.606000000610948, 5928395.14299999922514 ], [ 566036.349000000394881, 5928394.640000004321337 ], [ 566035.432000000029802, 5928395.107999999076128 ], [ 566034.394000000320375, 5928393.072000000625849 ], [ 566035.905999998562038, 5928392.300999997183681 ], [ 566036.945000002160668, 5928394.336000001057982 ], [ 566036.356000000610948, 5928394.637000000104308 ], [ 566036.606000000610948, 5928395.14299999922514 ] ], [ [ 566036.613000000827014, 5928395.140000000596046 ], [ 566037.2010000012815, 5928394.839999999850988 ], [ 566038.30599999986589, 5928397.004000004380941 ], [ 566036.792999999597669, 5928397.776000002399087 ], [ 566035.689000001177192, 5928395.611000003293157 ], [ 566036.606000000610948, 5928395.14299999922514 ], [ 566036.613000000827014, 5928395.140000000596046 ] ] ] } },
{ "type": "Feature", "properties": { "gebaeude_id": "DEHHALKAJ0000tVr", "dachneig": 4.724, "dachfl_2d": 153.458, "dachfl_3d": 153.959, "area_m2": 153.5 }, "geometry": { "type": "Polygon", "coordinates": [ [ [ 566031.048000001348555, 5928384.902000000700355 ], [ 566029.894999999552965, 5928388.27000000141561 ], [ 566054.617000000551343, 5928395.233000000938773 ], [ 566055.31800000090152, 5928393.073000000789762 ], [ 566055.589999998919666, 5928392.235999999567866 ], [ 566056.387000001035631, 5928389.782000001519918 ], [ 566032.2010000012815, 5928381.534 ], [ 566031.048000001348555, 5928384.902000000700355 ] ], [ [ 566035.203999999910593, 5928382.907999999821186 ], [ 566034.242000000551343, 5928385.716000001877546 ], [ 566032.608, 5928385.156999999657273 ], [ 566033.626000001095235, 5928382.186000002548099 ], [ 566033.632000001147389, 5928382.167000001296401 ], [ 566035.265999999828637, 5928382.727 ], [ 566035.203999999910593, 5928382.907999999821186 ] ], [ [ 566034.068000001832843, 5928386.225999997928739 ], [ 566033.093000000342727, 5928389.075000002980232 ], [ 566031.458999999798834, 5928388.515000002458692 ], [ 566032.48000000230968, 5928385.530000001192093 ], [ 566032.507000000216067, 5928385.4510000012815 ], [ 566034.142, 5928386.011 ], [ 566034.068000001832843, 5928386.225999997928739 ] ] ] } },
{ "type": "Feature", "properties": { "gebaeude_id": "DEHHALKAJ0000tVr", "dachneig": 7.04, "dachfl_2d": 298.293, "dachfl_3d": 300.531, "area_m2": 298.3 }, "geometry": { "type": "Polygon", "coordinates": [ [ [ 566052.061000000685453, 5928371.402000000700355 ], [ 566032.2010000012815, 5928381.534 ], [ 566056.387000001035631, 5928389.782000001519918 ], [ 566064.169999999925494, 5928385.764000000432134 ], [ 566057.16399999987334, 5928372.009000001475215 ], [ 566053.360000001266599, 5928373.949000000953674 ], [ 566053.212999999523163, 5928373.658999998122454 ], [ 566052.061000000685453, 5928371.402000000700355 ] ], [ [ 566051.43400000128895, 5928373.927999999374151 ], [ 566052.342000001110137, 5928373.467000002041459 ], [ 566052.563000001013279, 5928373.903000000864267 ], [ 566052.598999999463558, 5928373.973000003024936 ], [ 566051.690999999642372, 5928374.434000000357628 ], [ 566051.604000001214445, 5928374.262000001966953 ], [ 566051.43400000128895, 5928373.927999999374151 ] ], [ [ 566056.672000001184642, 5928381.559999998658895 ], [ 566057.260999999940395, 5928382.734999999403954 ], [ 566056.566000000573695, 5928383.087000001221895 ], [ 566055.976999999955297, 5928381.911000000312924 ], [ 566056.672000001184642, 5928381.559999998658895 ] ], [ [ 566039.454000000841916, 5928381.682000001892447 ], [ 566038.685999999754131, 5928380.177999999374151 ], [ 566040.689000001177192, 5928379.156999999657273 ], [ 566041.456000001169741, 5928380.660000000149012 ], [ 566039.454000000841916, 5928381.682000001892447 ] ], [ [ 566043.806000000797212, 5928377.565999999642372 ], [ 566045.072000000625849, 5928376.919999998062849 ], [ 566045.865000000223517, 5928376.516000000759959 ], [ 566045.917000001296401, 5928376.617000000551343 ], [ 566046.632000000216067, 5928378.01999999769032 ], [ 566044.574000001884997, 5928379.070000002160668 ], [ 566044.260999999940395, 5928378.458000004291534 ], [ 566044.237000000663102, 5928378.410000000149012 ], [ 566043.806000000797212, 5928377.565999999642372 ] ], [ [ 566044.076999999582767, 5928379.322999998927116 ], [ 566042.010000000707805, 5928380.378000000491738 ], [ 566041.708999999798834, 5928379.787999998778105 ], [ 566041.697000001557171, 5928379.765999998897314 ], [ 566041.24199999962002, 5928378.873999999836087 ], [ 566043.310000001452863, 5928377.81900000013411 ], [ 566044.076999999582767, 5928379.322999998927116 ] ] ] } },
{ "type": "Feature", "properties": { "gebaeude_id": "DEHHALKAJ0000tVr", "dachneig": 0.0, "dachfl_2d": 13.598, "dachfl_3d": 13.598, "area_m2": 13.6 }, "geometry": { "type": "Polygon", "coordinates": [ [ [ 566082.57799999974668, 5928422.82799999974668 ], [ 566080.947000001557171, 5928423.66100000217557 ], [ 566080.69400000013411, 5928424.561000000685453 ], [ 566082.945000002160668, 5928428.984000001102686 ], [ 566085.105999999679625, 5928427.888000000268221 ], [ 566082.57799999974668, 5928422.82799999974668 ] ] ] } },
{ "type": "Feature", "properties": { "gebaeude_id": "DEHHALKAJ0000tVr", "dachneig": 0.461, "dachfl_2d": 153.083, "dachfl_3d": 153.111, "area_m2": 153.1 }, "geometry": { "type": "Polygon", "coordinates": [ [ [ 566071.784000000916421, 5928388.914000000804663 ], [ 566072.455000000074506, 5928389.141000002622604 ], [ 566072.871000000275671, 5928389.282000001519918 ], [ 566075.936999999918044, 5928390.317999998107553 ], [ 566079.150000000372529, 5928396.812000002712011 ], [ 566076.830000000074506, 5928403.675999999046326 ], [ 566077.923000001348555, 5928404.292000001296401 ], [ 566082.202000001445413, 5928391.031000001356006 ], [ 566072.466000000014901, 5928387.808000003919005 ], [ 566072.473000000230968, 5928387.688000002875924 ], [ 566068.872999999672174, 5928386.487999999895692 ], [ 566066.507000002078712, 5928387.710000002756715 ], [ 566066.342000000178814, 5928387.794000003486872 ], [ 566065.123000000603497, 5928388.425000002607703 ], [ 566064.964999999850988, 5928388.506000002846122 ], [ 566064.730000001378357, 5928388.052000004798174 ], [ 566064.726999999955297, 5928388.046000001952052 ], [ 566063.678999999538064, 5928386.017000002786517 ], [ 566056.387000001035631, 5928389.782000001519918 ], [ 566055.589999998919666, 5928392.235999999567866 ], [ 566056.154000000096858, 5928392.419000001624227 ], [ 566056.071999999694526, 5928392.671000001952052 ], [ 566055.881999999284744, 5928393.256000002846122 ], [ 566055.31800000090152, 5928393.073000000789762 ], [ 566054.617000000551343, 5928395.233000000938773 ], [ 566054.608000000938773, 5928395.892000000923872 ], [ 566054.603000000119209, 5928396.321000000461936 ], [ 566059.005999999120831, 5928404.9510000012815 ], [ 566058.884999999776483, 5928405.092000000178814 ], [ 566059.926000000908971, 5928405.958000000566244 ], [ 566062.446000001393259, 5928402.996999999508262 ], [ 566062.531999999657273, 5928402.894999999552965 ], [ 566062.603000000119209, 5928402.812000000849366 ], [ 566060.25899999961257, 5928398.075000001117587 ], [ 566062.578999999910593, 5928391.210999999195337 ], [ 566064.875, 5928390.074999999254942 ], [ 566069.073000000789762, 5928387.997999999672174 ], [ 566071.784000000916421, 5928388.914000000804663 ] ] ] } },
{ "type": "Feature", "properties": { "gebaeude_id": "DEHHALKAJ0000tVr", "dachneig": 10.002, "dachfl_2d": 36.105, "dachfl_3d": 36.662, "area_m2": 36.1 }, "geometry": { "type": "Polygon", "coordinates": [ [ [ 566024.434000000357628, 5928382.74100000038743 ], [ 566030.700000000186265, 5928395.024000003933907 ], [ 566032.795000000856817, 5928393.955 ], [ 566029.894999999552965, 5928388.27000000141561 ], [ 566031.048000001348555, 5928384.902000000700355 ], [ 566024.434000000357628, 5928382.74100000038743 ] ] ] } },
{ "type": "Feature", "properties": { "gebaeude_id": "DEHHALKAJ0000tVr", "dachneig": 8.248, "dachfl_2d": 210.957, "dachfl_3d": 214.409, "area_m2": 211.0 }, "geometry": { "type": "Polygon", "coordinates": [ [ [ 566031.048000001348555, 5928384.902000000700355 ], [ 566032.2010000012815, 5928381.534 ], [ 566052.061000000685453, 5928371.402000000700355 ], [ 566053.212999999523163, 5928373.658999998122454 ], [ 566053.360000001266599, 5928373.949000000953674 ], [ 566057.16399999987334, 5928372.009000001475215 ], [ 566055.105999998748302, 5928367.975000001490116 ], [ 566053.539000000804663, 5928367.524000002071261 ], [ 566051.226999999955297, 5928362.993000000715256 ], [ 566043.504000000655651, 5928366.934000000357628 ], [ 566039.24000000115484, 5928369.109000001102686 ], [ 566040.235000002197921, 5928371.059000002220273 ], [ 566040.300999999046326, 5928371.188000002875924 ], [ 566037.900000000372529, 5928372.412999998778105 ], [ 566028.583000000566244, 5928377.166000001132488 ], [ 566029.983000001870096, 5928379.910000002011657 ], [ 566024.434000000357628, 5928382.74100000038743 ], [ 566031.048000001348555, 5928384.902000000700355 ] ], [ [ 566044.821000001393259, 5928371.589000001549721 ], [ 566045.576999999582767, 5928371.17200000025332 ], [ 566046.201999999582767, 5928372.306000001728535 ], [ 566045.445000000298023, 5928372.721999999135733 ], [ 566044.821000001393259, 5928371.589000001549721 ] ] ] } },
{ "type": "Feature", "properties": { "gebaeude_id": "DEHHALKAJ0000tVr", "dachneig": 29.862, "dachfl_2d": 22.22, "dachfl_3d": 25.621, "area_m2": 22.2 }, "geometry": { "type": "Polygon", "coordinates": [ [ [ 566072.246000001206994, 5928410.614 ], [ 566072.25, 5928410.622000003233552 ], [ 566071.760999999940395, 5928410.863000001758337 ], [ 566071.506999999284744, 5928411.55800000205636 ], [ 566071.833000000566244, 5928412.260000001639128 ], [ 566072.602000000886619, 5928412.515000000596046 ], [ 566073.108000000938773, 5928412.235999999567866 ], [ 566073.11500000115484, 5928412.251000002026558 ], [ 566073.632000001147389, 5928413.259000001475215 ], [ 566073.121999999508262, 5928413.520999997854233 ], [ 566072.884000000543892, 5928414.219999998807907 ], [ 566073.258000001311302, 5928414.932 ], [ 566073.959999999962747, 5928415.153000000864267 ], [ 566074.519000000320375, 5928414.923000000417233 ], [ 566075.509000000543892, 5928417.042999999597669 ], [ 566077.007000000216067, 5928416.275000000372529 ], [ 566073.243000001646578, 5928408.932 ], [ 566071.822999999858439, 5928406.162000002339482 ], [ 566071.81900000013411, 5928406.155000003054738 ], [ 566070.33600000012666, 5928406.888999998569489 ], [ 566072.246000001206994, 5928410.614 ] ] ] } },
{ "type": "Feature", "properties": { "gebaeude_id": "DEHHALKAJ0000tVr", "dachneig": 1.868, "dachfl_2d": 84.904, "dachfl_3d": 84.949, "area_m2": 84.9 }, "geometry": { "type": "Polygon", "coordinates": [ [ [ 566037.015999999828637, 5928369.000000001862645 ], [ 566037.519000001251698, 5928369.986999999731779 ], [ 566039.24000000115484, 5928369.109000001102686 ], [ 566043.99900000076741, 5928366.68100000359118 ], [ 566039.708000000566244, 5928358.269000004976988 ], [ 566039.063000001013279, 5928358.598000001162291 ], [ 566038.665000000968575, 5928357.81900000013411 ], [ 566039.310999998822808, 5928357.490000002086163 ], [ 566039.081000001169741, 5928357.03999999910593 ], [ 566039.076000000350177, 5928357.043000001460314 ], [ 566031.964000000618398, 5928360.776999996975064 ], [ 566036.838999999687076, 5928370.333000000566244 ], [ 566036.951999999582767, 5928370.276000000536442 ], [ 566036.449000000953674, 5928369.289000004529953 ], [ 566037.015999999828637, 5928369.000000001862645 ] ], [ [ 566042.868000001646578, 5928365.732000004500151 ], [ 566043.190000000409782, 5928365.560000000521541 ], [ 566043.667000000365078, 5928366.451999999582767 ], [ 566043.345999999903142, 5928366.623999997973442 ], [ 566042.868000001646578, 5928365.732000004500151 ] ] ] } },
{ "type": "Feature", "properties": { "gebaeude_id": "DEHHALKAJ0000tVr", "dachneig": 22.975, "dachfl_2d": 17.827, "dachfl_3d": 19.361, "area_m2": 17.8 }, "geometry": { "type": "Polygon", "coordinates": [ [ [ 566075.509000000543892, 5928417.042999999597669 ], [ 566074.919000000692904, 5928415.778000002726912 ], [ 566074.639000001363456, 5928415.92200000025332 ], [ 566079.537000000476837, 5928425.476000001654029 ], [ 566080.506000000052154, 5928424.979000004008412 ], [ 566080.322999999858439, 5928424.618000000715256 ], [ 566080.638000001199543, 5928423.357999999076128 ], [ 566079.699000001884997, 5928421.512000000104308 ], [ 566079.491000001318753, 5928421.120000001043081 ], [ 566077.007000000216067, 5928416.275000000372529 ], [ 566075.509000000543892, 5928417.042999999597669 ] ] ] } },
{ "type": "Feature", "properties": { "gebaeude_id": "DEHHALKAJ0000tVr", "dachneig": 10.881, "dachfl_2d": 101.936, "dachfl_3d": 103.802, "area_m2": 101.9 }, "geometry": { "type": "Polygon", "coordinates": [ [ [ 566088.072000000625849, 5928417.888000000268221 ], [ 566081.700000001117587, 5928421.071000002324581 ], [ 566087.956000002101064, 5928433.592000000178814 ], [ 566094.471000001765788, 5928430.337000001221895 ], [ 566088.214999999850988, 5928417.815999997779727 ], [ 566088.072000000625849, 5928417.888000000268221 ] ] ] } },
{ "type": "Feature", "properties": { "gebaeude_id": "DEHHALKAJ0000tVr", "dachneig": 9.496, "dachfl_2d": 93.607, "dachfl_3d": 94.922, "area_m2": 93.6 }, "geometry": { "type": "Polygon", "coordinates": [ [ [ 566048.773000000976026, 5928358.182000001892447 ], [ 566049.354000000283122, 5928356.589999999850988 ], [ 566047.435000001452863, 5928352.831000002101064 ], [ 566039.083000001497567, 5928357.039000002667308 ], [ 566039.081000001169741, 5928357.03999999910593 ], [ 566039.310999998822808, 5928357.490000002086163 ], [ 566039.708000000566244, 5928358.269000004976988 ], [ 566043.382000000216067, 5928365.469999998807907 ], [ 566043.99900000076741, 5928366.68100000359118 ], [ 566051.226999999955297, 5928362.993000000715256 ], [ 566048.773000000976026, 5928358.182000001892447 ] ] ] } },
{ "type": "Feature", "properties": { "gebaeude_id": "DEHHALKAJ0000tVr", "dachneig": 3.158, "dachfl_2d": 36.243, "dachfl_3d": 36.297, "area_m2": 36.2 }, "geometry": { "type": "Polygon", "coordinates": [ [ [ 566079.90400000102818, 5928420.905000003054738 ], [ 566081.167000000365078, 5928420.303000003099442 ], [ 566081.24199999962002, 5928420.264999998733401 ], [ 566078.826999999582767, 5928415.554999999701977 ], [ 566076.205000000074506, 5928410.440999997779727 ], [ 566076.000000000931323, 5928410.03999999910593 ], [ 566077.923000001348555, 5928404.292000001296401 ], [ 566076.830000000074506, 5928403.675999999046326 ], [ 566073.796000000089407, 5928405.177000001072884 ], [ 566072.314999999478459, 5928405.910000002011657 ], [ 566073.998000000603497, 5928409.235999999567866 ], [ 566074.053000000305474, 5928409.344999998807907 ], [ 566079.90400000102818, 5928420.905000003054738 ] ], [ [ 566074.541000000201166, 5928408.273 ], [ 566074.709000000730157, 5928408.606000002473593 ], [ 566073.928000001236796, 5928409.000000001862645 ], [ 566073.760000001639128, 5928408.667000001296401 ], [ 566074.541000000201166, 5928408.273 ] ], [ [ 566078.055000001564622, 5928416.378000000491738 ], [ 566077.882000000216067, 5928416.047000002115965 ], [ 566078.709999999962747, 5928415.615000002086163 ], [ 566078.88300000037998, 5928415.946000002324581 ], [ 566078.055000001564622, 5928416.378000000491738 ] ], [ [ 566075.861000001430511, 5928410.616999998688698 ], [ 566075.432000000961125, 5928410.836000001057982 ], [ 566074.887000001966953, 5928409.769000003114343 ], [ 566074.774000001139939, 5928409.547000002115965 ], [ 566074.741000001318753, 5928409.482999999076128 ], [ 566075.171000000089407, 5928409.264000002294779 ], [ 566075.455000001937151, 5928409.821000002324581 ], [ 566075.618999999947846, 5928410.143000001087785 ], [ 566075.655999999493361, 5928410.215000001713634 ], [ 566075.861000001430511, 5928410.616999998688698 ] ] ] } },
{ "type": "Feature", "properties": { "gebaeude_id": "DEHHALKAJ0000wT4", "dachneig": 1.092, "dachfl_2d": 826.884, "dachfl_3d": 826.958, "area_m2": 826.9 }, "geometry": { "type": "Polygon", "coordinates": [ [ [ 566056.786000000312924, 5928670.141000000759959 ], [ 566060.205000001005828, 5928675.862000003457069 ], [ 566060.207000001333654, 5928675.866000002250075 ], [ 566060.269999999552965, 5928675.970000000670552 ], [ 566060.839999999850988, 5928676.925000000745058 ], [ 566063.135000001639128, 5928680.766000002622604 ], [ 566080.745000000111759, 5928670.396999999880791 ], [ 566098.754000000655651, 5928680.314000001177192 ], [ 566101.597000000067055, 5928675.270999999716878 ], [ 566101.781999998725951, 5928674.94200000166893 ], [ 566101.855000001378357, 5928674.813000001013279 ], [ 566102.436000001616776, 5928673.780999999493361 ], [ 566104.766000000759959, 5928669.646999999880791 ], [ 566103.883000001311302, 5928669.031999999657273 ], [ 566102.281999999657273, 5928667.200000001117587 ], [ 566099.951000002212822, 5928666.851000001654029 ], [ 566097.867999999783933, 5928665.655999999493361 ], [ 566096.227000000886619, 5928663.857000004500151 ], [ 566093.78899999987334, 5928663.403000000864267 ], [ 566091.843000000342727, 5928662.291999999433756 ], [ 566090.13300000037998, 5928660.469000000506639 ], [ 566086.824000000953674, 5928659.800000002607703 ], [ 566086.612000001594424, 5928659.440000001341105 ], [ 566086.218000000342727, 5928639.233000000938773 ], [ 566086.047000002115965, 5928639.234000002965331 ], [ 566086.04600000102073, 5928639.601000003516674 ], [ 566080.145999999716878, 5928639.671000001952052 ], [ 566080.134999999776483, 5928639.671000001952052 ], [ 566079.928999999538064, 5928639.673000000417233 ], [ 566079.882999999448657, 5928639.674000000581145 ], [ 566073.917000001296401, 5928639.745000001043081 ], [ 566073.908000001683831, 5928639.333000000566244 ], [ 566073.766000000759959, 5928639.335000002756715 ], [ 566073.899000001139939, 5928644.432 ], [ 566073.053000001236796, 5928646.713000001385808 ], [ 566073.987000000663102, 5928649.023 ], [ 566073.912000000476837, 5928651.36600000038743 ], [ 566073.178000000305474, 5928653.821999998763204 ], [ 566074.093000000342727, 5928656.126000002026558 ], [ 566074.073000000789762, 5928659.901000002399087 ], [ 566071.015000000596046, 5928661.719000000506639 ], [ 566068.343000002205372, 5928662.296000001952052 ], [ 566066.855999999679625, 5928664.151999998837709 ], [ 566064.880000000819564, 5928665.315999999642372 ], [ 566062.296000000089407, 5928665.839000001549721 ], [ 566060.894999999552965, 5928667.722000002861023 ], [ 566056.786000000312924, 5928670.141000000759959 ] ], [ [ 566091.466000000946224, 5928673.018000001087785 ], [ 566092.19300000090152, 5928673.417000001296401 ], [ 566091.457000001333654, 5928674.758000003173947 ], [ 566090.730000000447035, 5928674.359000002965331 ], [ 566091.466000000946224, 5928673.018000001087785 ] ], [ [ 566084.240000000223517, 5928670.206000003963709 ], [ 566081.272000001743436, 5928668.586000001057982 ], [ 566082.730999999679625, 5928665.912000000476837 ], [ 566085.70000000204891, 5928667.531000001356006 ], [ 566084.240000000223517, 5928670.206000003963709 ] ] ] } },
{ "type": "Feature", "properties": { "gebaeude_id": "DEHHALKAJ0000wlP", "dachneig": 0.0, "dachfl_2d": 867.573, "dachfl_3d": 867.6, "area_m2": 867.6 }, "geometry": { "type": "Polygon", "coordinates": [ [ [ 566078.300000000745058, 5928605.017000000923872 ], [ 566078.307000000961125, 5928606.340000001713634 ], [ 566078.519000001251698, 5928606.339000001549721 ], [ 566078.516000000759959, 5928605.819000001996756 ], [ 566081.497999999672174, 5928605.802000002935529 ], [ 566081.5, 5928605.802000002935529 ], [ 566084.504999999888241, 5928605.786000000312924 ], [ 566084.50800000037998, 5928605.786000000312924 ], [ 566090.666000001132488, 5928605.752999998629093 ], [ 566090.667000002227724, 5928605.909 ], [ 566090.876999999396503, 5928605.907999999821186 ], [ 566090.481999999843538, 5928582.023000001907349 ], [ 566108.067000000737607, 5928571.434000000357628 ], [ 566107.99900000076741, 5928571.320000002160668 ], [ 566104.832000000402331, 5928566.041999999433756 ], [ 566104.680000000633299, 5928565.78999999910593 ], [ 566101.716000001877546, 5928560.848999999463558 ], [ 566101.803000000305474, 5928560.79700000025332 ], [ 566101.715000000782311, 5928560.633000003173947 ], [ 566097.679999999701977, 5928563.239999998360872 ], [ 566095.217000000178814, 5928563.668999999761581 ], [ 566093.691000001505017, 5928565.485999999567866 ], [ 566091.821000000461936, 5928566.752000002190471 ], [ 566089.298000000417233, 5928567.313999999314547 ], [ 566087.833000000566244, 5928569.114 ], [ 566084.474000002257526, 5928571.197000002488494 ], [ 566081.205000001005828, 5928569.407000001519918 ], [ 566079.425999999977648, 5928567.260000001639128 ], [ 566077.032999999821186, 5928566.963000001385808 ], [ 566075.013000001199543, 5928565.865000000223517 ], [ 566073.397000000812113, 5928563.866999998688698 ], [ 566070.792000000365078, 5928563.547000002115965 ], [ 566066.910000000149012, 5928561.278000002726912 ], [ 566063.987000000663102, 5928566.38599999807775 ], [ 566063.879999999888241, 5928566.573000000789762 ], [ 566063.817999999038875, 5928566.681000001728535 ], [ 566060.850999999791384, 5928571.863000001758337 ], [ 566060.770999999716878, 5928572.012000000104308 ], [ 566078.060000001452863, 5928581.806000001728535 ], [ 566078.086000001057982, 5928586.477000001817942 ], [ 566077.294000000692904, 5928588.637000001966953 ], [ 566078.148000001907349, 5928590.732999999076128 ], [ 566078.161999999545515, 5928593.309999998658895 ], [ 566077.344000001437962, 5928595.671 ], [ 566078.289000000804663, 5928597.86400000192225 ], [ 566078.303000002168119, 5928600.324000000953674 ], [ 566077.433000000193715, 5928602.850999999791384 ], [ 566078.300000000745058, 5928605.017000000923872 ] ], [ [ 566066.425999999977648, 5928571.749000001698732 ], [ 566067.273000000976026, 5928572.188999999314547 ], [ 566066.579000000841916, 5928573.528000000864267 ], [ 566065.730999998748302, 5928573.089000003412366 ], [ 566066.425999999977648, 5928571.749000001698732 ] ], [ [ 566074.986000001430511, 5928574.443 ], [ 566077.920000000856817, 5928576.115000002086163 ], [ 566076.470000000670552, 5928578.660000002011657 ], [ 566073.536000000312924, 5928576.986999999731779 ], [ 566074.986000001430511, 5928574.443 ] ] ] } },
{ "type": "Feature", "properties": { "gebaeude_id": "DEHHALKAJ0000vz0", "dachneig": 0.0, "dachfl_2d": 833.089, "dachfl_3d": 833.159, "area_m2": 833.1 }, "geometry": { "type": "Polygon", "coordinates": [ [ [ 566032.457999999634922, 5928539.013000000268221 ], [ 566032.303000002168119, 5928519.092000000178814 ], [ 566032.024000001139939, 5928519.064000003039837 ], [ 566032.026000000536442, 5928519.245999999344349 ], [ 566026.157000000588596, 5928519.310000000521541 ], [ 566026.15500000026077, 5928519.310000000521541 ], [ 566019.794000000692904, 5928519.380000000819564 ], [ 566019.75, 5928524.06900000013411 ], [ 566019.039000000804663, 5928526.506999999284744 ], [ 566019.861000001430511, 5928528.732000002637506 ], [ 566019.928000001236796, 5928531.089999999850988 ], [ 566019.105000000447035, 5928533.530000001192093 ], [ 566020.007000001147389, 5928535.867000000551343 ], [ 566020.031000000424683, 5928539.607999999076128 ], [ 566016.759000000543892, 5928541.549000000581145 ], [ 566014.302000001072884, 5928541.890000000596046 ], [ 566012.717000000178814, 5928543.872999999672174 ], [ 566010.74900000076741, 5928545.040000000968575 ], [ 566008.297000001184642, 5928545.537000002339482 ], [ 566006.701000000350177, 5928547.588999999687076 ], [ 566002.820000001229346, 5928549.890999998897314 ], [ 566006.300000001676381, 5928555.761000001803041 ], [ 566009.06800000090152, 5928560.427000001072884 ], [ 566008.956000001169741, 5928560.493000000715256 ], [ 566009.079000000841916, 5928560.699999999254942 ], [ 566026.772000000812113, 5928550.207000002264977 ], [ 566044.739000000990927, 5928560.152000000700355 ], [ 566044.900999999605119, 5928560.056000001728535 ], [ 566044.832000001333654, 5928560.01799999922514 ], [ 566044.723000000230968, 5928559.956999998539686 ], [ 566047.446000001393259, 5928555.08500000089407 ], [ 566047.449000000022352, 5928555.08 ], [ 566050.70299999974668, 5928549.25899999961257 ], [ 566049.947999999858439, 5928548.886000001803041 ], [ 566048.239000000990927, 5928546.85700000077486 ], [ 566045.916000000201166, 5928546.598999999463558 ], [ 566043.774000001139939, 5928545.386000001803041 ], [ 566042.167000000365078, 5928543.473000001162291 ], [ 566039.866000002250075, 5928543.107999999076128 ], [ 566037.803999999538064, 5928542.054000001400709 ], [ 566036.049999999813735, 5928540.098000003024936 ], [ 566033.542000001296401, 5928539.615000002086163 ], [ 566032.457999999634922, 5928539.013000000268221 ] ], [ [ 566036.794000000692904, 5928553.979000000283122 ], [ 566037.550000001676381, 5928552.574000000953674 ], [ 566038.358000000938773, 5928553.009000001475215 ], [ 566037.603000001050532, 5928554.414000002667308 ], [ 566036.794000000692904, 5928553.979000000283122 ] ], [ [ 566030.095999999903142, 5928549.795 ], [ 566027.273000000044703, 5928548.143000001087785 ], [ 566028.767000000923872, 5928545.592000000178814 ], [ 566031.588999998755753, 5928547.243000002577901 ], [ 566030.095999999903142, 5928549.795 ] ] ] } },
{ "type": "Feature", "properties": { "gebaeude_id": "DEHHALKAJ0000xSx", "dachneig": 28.901, "dachfl_2d": 82.461, "dachfl_3d": 94.189, "area_m2": 82.5 }, "geometry": { "type": "Polygon", "coordinates": [ [ [ 566161.783000001683831, 5928979.437000000849366 ], [ 566134.561999999918044, 5928974.963000003248453 ], [ 566134.076999999582767, 5928977.912000000476837 ], [ 566134.161000001244247, 5928977.926000000908971 ], [ 566161.298000000417233, 5928982.387000001966953 ], [ 566161.783000001683831, 5928979.437000000849366 ] ] ] } },
{ "type": "Feature", "properties": { "gebaeude_id": "DEHHALKAJ0000xSx", "dachneig": 10.749, "dachfl_2d": 84.525, "dachfl_3d": 86.132, "area_m2": 84.5 }, "geometry": { "type": "Polygon", "coordinates": [ [ [ 566162.264000000432134, 5928976.509000001475215 ], [ 566135.074000000022352, 5928971.844000002369285 ], [ 566134.561999999918044, 5928974.963000003248453 ], [ 566161.783000001683831, 5928979.437000000849366 ], [ 566162.264000000432134, 5928976.509000001475215 ] ] ] } },
{ "type": "Feature", "properties": { "gebaeude_id": "DEHHALKAJ0000xSx", "dachneig": 11.256, "dachfl_2d": 82.389, "dachfl_3d": 84.035, "area_m2": 82.4 }, "geometry": { "type": "Polygon", "coordinates": [ [ [ 566162.264000000432134, 5928976.509000001475215 ], [ 566162.753000001423061, 5928973.534 ], [ 566135.554000000469387, 5928968.925000000745058 ], [ 566135.074000000022352, 5928971.844000002369285 ], [ 566162.264000000432134, 5928976.509000001475215 ] ] ] } },
{ "type": "Feature", "properties": { "gebaeude_id": "DEHHALKAJ0000xSx", "dachneig": 29.684, "dachfl_2d": 68.733, "dachfl_3d": 79.529, "area_m2": 68.7 }, "geometry": { "type": "Polygon", "coordinates": [ [ [ 566162.753000001423061, 5928973.534 ], [ 566163.166000001132488, 5928971.024000000208616 ], [ 566135.950000001117587, 5928966.518000001087785 ], [ 566135.864999999292195, 5928967.032999999821186 ], [ 566135.554000000469387, 5928968.925000000745058 ], [ 566162.753000001423061, 5928973.534 ] ] ] } },
{ "type": "Feature", "properties": { "gebaeude_id": "DEHHALKAJ0000xSx", "dachneig": 10.98, "dachfl_2d": 230.228, "dachfl_3d": 234.533, "area_m2": 230.2 }, "geometry": { "type": "Polygon", "coordinates": [ [ [ 566135.950000001117587, 5928966.518000001087785 ], [ 566163.166000001132488, 5928971.024000000208616 ], [ 566164.546000000089407, 5928962.628000000491738 ], [ 566137.325000001117587, 5928958.153000000864267 ], [ 566135.950000001117587, 5928966.518000001087785 ] ], [ [ 566146.372000001370907, 5928965.997999999672174 ], [ 566145.804000000469387, 5928965.853000000119209 ], [ 566145.890000000596046, 5928965.515000002458692 ], [ 566146.458000000566244, 5928965.660000002011657 ], [ 566146.372000001370907, 5928965.997999999672174 ] ], [ [ 566140.17200000025332, 5928962.316000001505017 ], [ 566139.664000000804663, 5928962.240000002086163 ], [ 566139.814999999478459, 5928961.23000000230968 ], [ 566140.323000001721084, 5928961.30599999986589 ], [ 566140.17200000025332, 5928962.316000001505017 ] ], [ [ 566158.21100000012666, 5928964.927000001072884 ], [ 566159.366000001318753, 5928965.121000001206994 ], [ 566158.894000000320375, 5928967.928999999538064 ], [ 566157.74000000115484, 5928967.734999999403954 ], [ 566158.21100000012666, 5928964.927000001072884 ] ] ] } },
{ "type": "Feature", "properties": { "gebaeude_id": "DEHHALKAJ0000xSx", "dachneig": 7.231, "dachfl_2d": 17.165, "dachfl_3d": 17.301, "area_m2": 17.2 }, "geometry": { "type": "Polygon", "coordinates": [ [ [ 566132.962000000290573, 5928966.554999999701977 ], [ 566136.263000000268221, 5928964.61400000192225 ], [ 566136.920000000856817, 5928960.618000000715256 ], [ 566134.395999999716878, 5928957.416999999433756 ], [ 566132.962000000290573, 5928966.554999999701977 ] ], [ [ 566134.280999999493361, 5928963.929000001400709 ], [ 566134.527999999001622, 5928962.432000003755093 ], [ 566136.23100000154227, 5928962.712000001221895 ], [ 566135.985000000335276, 5928964.21000000089407 ], [ 566134.280999999493361, 5928963.929000001400709 ] ] ] } },
{ "type": "Feature", "properties": { "gebaeude_id": "DEHHALKAJ0000xSx", "dachneig": 16.379, "dachfl_2d": 140.356, "dachfl_3d": 146.292, "area_m2": 140.4 }, "geometry": { "type": "Polygon", "coordinates": [ [ [ 566134.161000001244247, 5928977.926000000908971 ], [ 566133.332999999634922, 5928982.96200000308454 ], [ 566160.470000000670552, 5928987.423000002279878 ], [ 566161.298000000417233, 5928982.387000001966953 ], [ 566134.161000001244247, 5928977.926000000908971 ] ] ] } },
{ "type": "Feature", "properties": { "gebaeude_id": "DEHHALKAJ0000xSx", "dachneig": 3.077, "dachfl_2d": 36.493, "dachfl_3d": 36.548, "area_m2": 36.5 }, "geometry": { "type": "Polygon", "coordinates": [ [ [ 566134.076999999582767, 5928977.912000000476837 ], [ 566135.864999999292195, 5928967.032999999821186 ], [ 566133.460999999195337, 5928966.637000001966953 ], [ 566131.053000000305474, 5928981.282000003382564 ], [ 566133.542000001296401, 5928981.69200000166893 ], [ 566133.964999999850988, 5928979.119000000879169 ], [ 566134.161000001244247, 5928977.926000000908971 ], [ 566134.076999999582767, 5928977.912000000476837 ] ] ] } },
{ "type": "Feature", "properties": { "gebaeude_id": "DEHHALKAJ0000xLt", "dachneig": 2.814, "dachfl_2d": 249.977, "dachfl_3d": 250.402, "area_m2": 250.0 }, "geometry": { "type": "Polygon", "coordinates": [ [ [ 566104.225999999791384, 5928894.206000000238419 ], [ 566104.196999999694526, 5928893.309000000357628 ], [ 566108.578000001609325, 5928891.430000003427267 ], [ 566106.996000001206994, 5928865.802000004798174 ], [ 566099.167000000365078, 5928864.150000000372529 ], [ 566098.38300000037998, 5928864.201999999582767 ], [ 566098.547000001184642, 5928866.715999998152256 ], [ 566099.090000000782311, 5928875.023000003769994 ], [ 566098.446000001393259, 5928875.065000001341105 ], [ 566098.592000002041459, 5928877.297000002115965 ], [ 566099.293000000528991, 5928877.251000000163913 ], [ 566099.446000000461936, 5928879.594000000506639 ], [ 566098.756000000052154, 5928879.639000002294779 ], [ 566098.896999999880791, 5928881.786000000312924 ], [ 566099.609000000171363, 5928881.73900000192225 ], [ 566099.763000002130866, 5928884.102000001817942 ], [ 566098.971000000834465, 5928884.15400000102818 ], [ 566099.117000000551343, 5928886.376000000163913 ], [ 566099.898000000044703, 5928886.325000001117587 ], [ 566100.046000000089407, 5928888.597000002861023 ], [ 566099.323000001721084, 5928888.64500000141561 ], [ 566099.469000001437962, 5928890.886999998241663 ], [ 566100.116000001318753, 5928890.845000000670552 ], [ 566100.26900000218302, 5928893.198999999091029 ], [ 566099.5970000019297, 5928893.243000000715256 ], [ 566099.782999999821186, 5928896.083999998867512 ], [ 566104.225999999791384, 5928894.206000000238419 ] ] ] } },
{ "type": "Feature", "properties": { "gebaeude_id": "DEHHALKAJ0000xLt", "dachneig": 11.583, "dachfl_2d": 19.108, "dachfl_3d": 19.505, "area_m2": 19.1 }, "geometry": { "type": "Polygon", "coordinates": [ [ [ 566106.996000001206994, 5928865.802000004798174 ], [ 566114.36600000038743, 5928862.59600000269711 ], [ 566106.20200000051409, 5928863.130000000819564 ], [ 566105.902999999932945, 5928863.149000002071261 ], [ 566105.939000000245869, 5928863.708000000566244 ], [ 566099.167000000365078, 5928864.150000000372529 ], [ 566106.996000001206994, 5928865.802000004798174 ] ] ] } },
{ "type": "Feature", "properties": { "gebaeude_id": "DEHHALKAJ0000xLt", "dachneig": 3.374, "dachfl_2d": 248.943, "dachfl_3d": 249.368, "area_m2": 248.9 }, "geometry": { "type": "Polygon", "coordinates": [ [ [ 566116.195000000298023, 5928881.306999998167157 ], [ 566117.557000000961125, 5928877.348000003024936 ], [ 566115.902000000700355, 5928876.724999999627471 ], [ 566117.269999999552965, 5928872.721999999135733 ], [ 566115.606000000610948, 5928872.238000001758337 ], [ 566116.99199999962002, 5928868.254000004380941 ], [ 566115.2220000019297, 5928867.642000000923872 ], [ 566116.706000001169741, 5928863.422000002115965 ], [ 566114.36600000038743, 5928862.59600000269711 ], [ 566106.996000001206994, 5928865.802000004798174 ], [ 566108.578000001609325, 5928891.430000003427267 ], [ 566117.117000000551343, 5928894.020999999716878 ], [ 566116.571000000461936, 5928885.673000004142523 ], [ 566117.826000000350177, 5928881.85700000077486 ], [ 566116.195000000298023, 5928881.306999998167157 ] ], [ [ 566111.565000001341105, 5928890.010000001639128 ], [ 566114.449000000022352, 5928889.849999999627471 ], [ 566114.565999999642372, 5928891.972000000998378 ], [ 566111.682000000961125, 5928892.131000000983477 ], [ 566111.565000001341105, 5928890.010000001639128 ] ] ] } },
{ "type": "Feature", "properties": { "gebaeude_id": "DEHHALKAJ0000xLt", "dachneig": 9.041, "dachfl_2d": 20.426, "dachfl_3d": 20.682, "area_m2": 20.4 }, "geometry": { "type": "Polygon", "coordinates": [ [ [ 566108.578000001609325, 5928891.430000003427267 ], [ 566104.196999999694526, 5928893.309000000357628 ], [ 566108.469999998807907, 5928894.585999999195337 ], [ 566117.117000000551343, 5928894.020999999716878 ], [ 566108.578000001609325, 5928891.430000003427267 ] ] ] } },
{ "type": "Feature", "properties": { "gebaeude_id": "DEHHALKAJ0000xLt", "dachneig": 0.0, "dachfl_2d": 11.98, "dachfl_3d": 11.98, "area_m2": 12.0 }, "geometry": { "type": "Polygon", "coordinates": [ [ [ 566119.556000000797212, 5928894.883000001311302 ], [ 566116.521000001579523, 5928895.087000001221895 ], [ 566116.785000000149012, 5928899.016000002622604 ], [ 566119.820000002160668, 5928898.813000002875924 ], [ 566119.556000000797212, 5928894.883000001311302 ] ] ] } },
{ "type": "Feature", "properties": { "gebaeude_id": "DEHHALKAJ0000xLt", "dachneig": 0.0, "dachfl_2d": 187.021, "dachfl_3d": 187.021, "area_m2": 187.0 }, "geometry": { "type": "Polygon", "coordinates": [ [ [ 566044.339999999850988, 5928905.459000002592802 ], [ 566116.888000001199543, 5928900.55800000205636 ], [ 566116.45200000051409, 5928894.063999999314547 ], [ 566114.059000000357628, 5928894.221000000834465 ], [ 566114.333000000566244, 5928898.287000002339482 ], [ 566044.197000000625849, 5928903.025000002235174 ], [ 566044.339999999850988, 5928905.459000002592802 ] ] ] } },
{ "type": "Feature", "properties": { "gebaeude_id": "DEHHALKAJ0000xLt", "dachneig": 3.393, "dachfl_2d": 194.646, "dachfl_3d": 194.922, "area_m2": 194.6 }, "geometry": { "type": "Polygon", "coordinates": [ [ [ 566089.082999999634922, 5928860.012000001966953 ], [ 566088.357999999076128, 5928860.035000000149012 ], [ 566088.532000001519918, 5928862.493000000715256 ], [ 566089.24199999962002, 5928862.456000003963709 ], [ 566089.392, 5928864.568000003695488 ], [ 566089.393000000156462, 5928864.571000002324581 ], [ 566088.688000000081956, 5928864.618000000715256 ], [ 566088.866000001318753, 5928867.376000000163913 ], [ 566097.683000001125038, 5928866.775000000372529 ], [ 566096.83500000089407, 5928846.570000002160668 ], [ 566088.014000000432134, 5928843.330000001937151 ], [ 566088.212000001221895, 5928846.382000001147389 ], [ 566088.212000001221895, 5928846.389999998733401 ], [ 566087.495000000111759, 5928846.428000003099442 ], [ 566087.598000002093613, 5928848.832000002264977 ], [ 566088.389000001363456, 5928848.815999999642372 ], [ 566088.485999999567866, 5928850.904000002890825 ], [ 566088.485999999567866, 5928850.909000001847744 ], [ 566087.774000001139939, 5928850.936999998986721 ], [ 566087.923000002279878, 5928853.376000000163913 ], [ 566088.65500000026077, 5928853.348000003024936 ], [ 566088.78800000064075, 5928855.447000002488494 ], [ 566088.78800000064075, 5928855.45299999974668 ], [ 566088.096000000834465, 5928855.490000002086163 ], [ 566088.097000000998378, 5928855.497000003233552 ], [ 566088.25, 5928857.949000002816319 ], [ 566088.965000000782311, 5928857.912000002339482 ], [ 566089.082999999634922, 5928860.012000001966953 ] ] ] } },
{ "type": "Feature", "properties": { "gebaeude_id": "DEHHALKAJ0000xLt", "dachneig": 6.015, "dachfl_2d": 48.483, "dachfl_3d": 48.752, "area_m2": 48.5 }, "geometry": { "type": "Polygon", "coordinates": [ [ [ 566088.014000000432134, 5928843.330000001937151 ], [ 566096.83500000089407, 5928846.570000002160668 ], [ 566106.351000001654029, 5928841.05599999986589 ], [ 566103.754000000655651, 5928840.159 ], [ 566096.839000000618398, 5928840.555000001564622 ], [ 566096.969000000506639, 5928842.843000000342727 ], [ 566088.014000000432134, 5928843.330000001937151 ] ] ] } },
{ "type": "Feature", "properties": { "gebaeude_id": "DEHHALKAJ0000xLt", "dachneig": 3.117, "dachfl_2d": 183.108, "dachfl_3d": 183.366, "area_m2": 183.1 }, "geometry": { "type": "Polygon", "coordinates": [ [ [ 566096.83500000089407, 5928846.570000002160668 ], [ 566097.683000001125038, 5928866.775000000372529 ], [ 566098.547000001184642, 5928866.715999998152256 ], [ 566098.38300000037998, 5928864.201999999582767 ], [ 566099.167000000365078, 5928864.150000000372529 ], [ 566105.939000000245869, 5928863.708000000566244 ], [ 566105.902999999932945, 5928863.149000002071261 ], [ 566106.20200000051409, 5928863.130000000819564 ], [ 566107.321000001393259, 5928859.312000000849366 ], [ 566105.75899999961257, 5928858.814000003039837 ], [ 566107.120000001043081, 5928854.82600000500679 ], [ 566105.485000001266599, 5928854.291000004857779 ], [ 566106.834000000730157, 5928850.282999999821186 ], [ 566105.230000000447035, 5928849.730000004172325 ], [ 566106.525000000372529, 5928845.798000000417233 ], [ 566104.90400000102818, 5928845.258000003173947 ], [ 566106.351000001654029, 5928841.05599999986589 ], [ 566096.83500000089407, 5928846.570000002160668 ] ] ] } },
{ "type": "Feature", "properties": { "gebaeude_id": "DEHHALKAJ0000wB2", "dachneig": 6.503, "dachfl_2d": 13.397, "dachfl_3d": 13.483, "area_m2": 13.4 }, "geometry": { "type": "Polygon", "coordinates": [ [ [ 566044.080000000074506, 5928935.456000000238419 ], [ 566038.230999999679625, 5928933.503000000491738 ], [ 566038.552000000141561, 5928938.190999999642372 ], [ 566044.080000000074506, 5928935.456000000238419 ] ] ] } },
{ "type": "Feature", "properties": { "gebaeude_id": "DEHHALKAJ0000wB2", "dachneig": 3.491, "dachfl_2d": 256.548, "dachfl_3d": 257.009, "area_m2": 256.5 }, "geometry": { "type": "Polygon", "coordinates": [ [ [ 566048.055000000633299, 5928933.041000001132488 ], [ 566047.012000000104308, 5928913.977 ], [ 566046.950000000186265, 5928912.912000000476837 ], [ 566046.736000000499189, 5928908.896000001579523 ], [ 566036.367000000551343, 5928906.28800000064075 ], [ 566036.697999999858439, 5928911.127000000327826 ], [ 566038.230999999679625, 5928933.503000000491738 ], [ 566048.055000000633299, 5928933.041000001132488 ] ], [ [ 566045.528000000864267, 5928926.666999999433756 ], [ 566045.480000001378357, 5928925.657000001519918 ], [ 566046.467000001110137, 5928925.610999999567866 ], [ 566046.515000000596046, 5928926.620000001043081 ], [ 566045.528000000864267, 5928926.666999999433756 ] ] ] } },
{ "type": "Feature", "properties": { "gebaeude_id": "DEHHALKAJ0000wB2", "dachneig": 8.397, "dachfl_2d": 10.944, "dachfl_3d": 11.063, "area_m2": 10.9 }, "geometry": { "type": "Polygon", "coordinates": [ [ [ 566048.055000000633299, 5928933.041000001132488 ], [ 566038.230999999679625, 5928933.503000000491738 ], [ 566044.080000000074506, 5928935.456000000238419 ], [ 566048.055000000633299, 5928933.041000001132488 ] ] ] } },
{ "type": "Feature", "properties": { "gebaeude_id": "DEHHALKAJ0000wB2", "dachneig": 12.16, "dachfl_2d": 21.007, "dachfl_3d": 21.433, "area_m2": 21.0 }, "geometry": { "type": "Polygon", "coordinates": [ [ [ 566052.489000000059605, 5928906.153000002726912 ], [ 566052.392000000923872, 5928906.160000000149012 ], [ 566049.505000000819564, 5928906.359000001102686 ], [ 566043.798999999649823, 5928906.753000002354383 ], [ 566043.745000001043081, 5928905.966000001877546 ], [ 566043.733, 5928905.782999999821186 ], [ 566036.367000000551343, 5928906.28800000064075 ], [ 566046.736000000499189, 5928908.896000001579523 ], [ 566047.341000000014901, 5928908.603000000119209 ], [ 566047.328000000678003, 5928908.401999996975064 ], [ 566047.825000000186265, 5928908.369000000879169 ], [ 566047.843000000342727, 5928908.368000004440546 ], [ 566052.489000000059605, 5928906.153000002726912 ] ] ] } },
{ "type": "Feature", "properties": { "gebaeude_id": "DEHHALKAJ0000wB2", "dachneig": 4.859, "dachfl_2d": 156.712, "dachfl_3d": 157.272, "area_m2": 156.7 }, "geometry": { "type": "Polygon", "coordinates": [ [ [ 566046.736000000499189, 5928908.896000001579523 ], [ 566046.950000000186265, 5928912.912000000476837 ], [ 566047.622999999672174, 5928912.869000002741814 ], [ 566048.143000000156462, 5928912.837000001221895 ], [ 566048.21000000089407, 5928913.902000000700355 ], [ 566047.012000000104308, 5928913.977 ], [ 566048.055000000633299, 5928933.041000001132488 ], [ 566048.446000000461936, 5928935.136000001803041 ], [ 566054.412999999709427, 5928937.104000000283122 ], [ 566054.114000000990927, 5928932.732000002637506 ], [ 566053.526999999769032, 5928923.126000002026558 ], [ 566052.489000000059605, 5928906.153000002726912 ], [ 566047.843000000342727, 5928908.368000004440546 ], [ 566050.611000000499189, 5928908.184000000357628 ], [ 566050.877999999560416, 5928912.215000001713634 ], [ 566047.596000000834465, 5928912.433000003919005 ], [ 566047.342000001110137, 5928908.607000004500151 ], [ 566047.341000000014901, 5928908.603000000119209 ], [ 566046.736000000499189, 5928908.896000001579523 ] ] ] } },
{ "type": "Feature", "properties": { "gebaeude_id": "DEHHALKAJ0000wB2", "dachneig": 13.902, "dachfl_2d": 23.933, "dachfl_3d": 24.696, "area_m2": 23.9 }, "geometry": { "type": "Polygon", "coordinates": [ [ [ 566048.446000000461936, 5928935.136000001803041 ], [ 566044.080000000074506, 5928935.456000000238419 ], [ 566038.552000000141561, 5928938.190999999642372 ], [ 566045.711000001057982, 5928937.699999999254942 ], [ 566054.412999999709427, 5928937.104000000283122 ], [ 566048.446000000461936, 5928935.136000001803041 ] ] ] } },
{ "type": "Feature", "properties": { "gebaeude_id": "DEHHALKAJ0000waq", "dachneig": 3.102, "dachfl_2d": 397.992, "dachfl_3d": 398.197, "area_m2": 398.0 }, "geometry": { "type": "Polygon", "coordinates": [ [ [ 566096.804999999701977, 5928919.458999998867512 ], [ 566094.716000000946224, 5928919.593000000342727 ], [ 566093.569000001065433, 5928919.666999999433756 ], [ 566093.398000000044703, 5928917.015000002458692 ], [ 566093.337999999523163, 5928916.094000000506639 ], [ 566093.008000001311302, 5928916.253000000491738 ], [ 566082.350000001490116, 5928913.692000003531575 ], [ 566083.364000000990927, 5928930.220000000670552 ], [ 566084.035000000149012, 5928941.14299999922514 ], [ 566094.621999999508262, 5928940.493000004440546 ], [ 566099.996000000275671, 5928939.512000000104308 ], [ 566099.994000000879169, 5928939.488000001758337 ], [ 566099.326000000350177, 5928928.605999998748302 ], [ 566098.408000000752509, 5928913.647000001743436 ], [ 566094.394000001251698, 5928915.583999998867512 ], [ 566096.54700000025332, 5928915.445000002160668 ], [ 566096.804999999701977, 5928919.458999998867512 ] ] ] } },
{ "type": "Feature", "properties": { "gebaeude_id": "DEHHALKAJ0000waq", "dachneig": 7.53, "dachfl_2d": 19.858, "dachfl_3d": 20.001, "area_m2": 19.9 }, "geometry": { "type": "Polygon", "coordinates": [ [ [ 566098.408000000752509, 5928913.647000001743436 ], [ 566095.334000000730157, 5928913.836000001057982 ], [ 566089.661999999545515, 5928914.184000000357628 ], [ 566089.604000001214445, 5928913.247000005096197 ], [ 566082.350000001490116, 5928913.692000003531575 ], [ 566093.008000001311302, 5928916.253000000491738 ], [ 566093.337999999523163, 5928916.094000000506639 ], [ 566093.326999999582767, 5928915.921 ], [ 566093.310000000521541, 5928915.653999999165535 ], [ 566093.603000001981854, 5928915.635000001639128 ], [ 566094.394000001251698, 5928915.583999998867512 ], [ 566098.408000000752509, 5928913.647000001743436 ] ] ] } },
{ "type": "Feature", "properties": { "gebaeude_id": "DEHHALKAJ0000waq", "dachneig": 6.225, "dachfl_2d": 13.957, "dachfl_3d": 14.04, "area_m2": 14.0 }, "geometry": { "type": "Polygon", "coordinates": [ [ [ 566094.670000001788139, 5928942.527000000700355 ], [ 566100.307000000029802, 5928944.576999999582767 ], [ 566099.996000000275671, 5928939.512000000104308 ], [ 566094.670000001788139, 5928942.527000000700355 ] ] ] } },
{ "type": "Feature", "properties": { "gebaeude_id": "DEHHALKAJ0000waq", "dachneig": 9.315, "dachfl_2d": 21.311, "dachfl_3d": 21.71, "area_m2": 21.3 }, "geometry": { "type": "Polygon", "coordinates": [ [ [ 566094.621999999508262, 5928940.493000004440546 ], [ 566084.035000000149012, 5928941.14299999922514 ], [ 566089.938000000081956, 5928942.859000001102686 ], [ 566094.670000001788139, 5928942.527000000700355 ], [ 566099.996000000275671, 5928939.512000000104308 ], [ 566094.621999999508262, 5928940.493000004440546 ] ] ] } },
{ "type": "Feature", "properties": { "gebaeude_id": "DEHHALKAJ0000waq", "dachneig": 14.086, "dachfl_2d": 24.618, "dachfl_3d": 25.395, "area_m2": 24.6 }, "geometry": { "type": "Polygon", "coordinates": [ [ [ 566094.670000001788139, 5928942.527000000700355 ], [ 566089.938000000081956, 5928942.859000001102686 ], [ 566084.305000000633299, 5928945.558000000193715 ], [ 566091.614000000990927, 5928945.109999999403954 ], [ 566100.307000000029802, 5928944.576999999582767 ], [ 566094.670000001788139, 5928942.527000000700355 ] ] ] } },
{ "type": "Feature", "properties": { "gebaeude_id": "DEHHALKAJ0000waq", "dachneig": 5.919, "dachfl_2d": 12.8, "dachfl_3d": 12.869, "area_m2": 12.8 }, "geometry": { "type": "Polygon", "coordinates": [ [ [ 566084.305000000633299, 5928945.558000000193715 ], [ 566089.938000000081956, 5928942.859000001102686 ], [ 566084.035000000149012, 5928941.14299999922514 ], [ 566084.040000000968575, 5928941.230999998748302 ], [ 566084.305000000633299, 5928945.558000000193715 ] ] ] } },
{ "type": "Feature", "properties": { "gebaeude_id": "DEHHALKAJ0000waq", "dachneig": 0.0, "dachfl_2d": 29.638, "dachfl_3d": 29.638, "area_m2": 29.6 }, "geometry": { "type": "Polygon", "coordinates": [ [ [ 566095.598000001162291, 5928912.321000002324581 ], [ 566095.242999999783933, 5928912.343000002205372 ], [ 566095.334000000730157, 5928913.836000001057982 ], [ 566098.149000000208616, 5928913.66300000064075 ], [ 566097.431000000797212, 5928901.872000003233552 ], [ 566094.970000000670552, 5928902.039000002667308 ], [ 566095.598000001162291, 5928912.321000002324581 ] ] ] } },
{ "type": "Feature", "properties": { "gebaeude_id": "DEHHALKAJ0000wCv", "dachneig": 3.826, "dachfl_2d": 36.318, "dachfl_3d": 36.402, "area_m2": 36.3 }, "geometry": { "type": "Polygon", "coordinates": [ [ [ 566128.24100000038743, 5928210.323000000789762 ], [ 566129.233, 5928213.001000000163913 ], [ 566134.291999999433756, 5928211.127000000327826 ], [ 566131.953000000678003, 5928204.814000001177192 ], [ 566126.894000001251698, 5928206.688999999314547 ], [ 566127.02900000102818, 5928207.053000001236796 ], [ 566128.24100000038743, 5928210.323000000789762 ] ] ] } },
{ "type": "Feature", "properties": { "gebaeude_id": "DEHHALKAJ0000wCv", "dachneig": 28.111, "dachfl_2d": 26.534, "dachfl_3d": 30.055, "area_m2": 26.5 }, "geometry": { "type": "Polygon", "coordinates": [ [ [ 566121.570000002160668, 5928216.217000000178814 ], [ 566129.355999999679625, 5928213.332000000402331 ], [ 566129.233, 5928213.001000000163913 ], [ 566128.24100000038743, 5928210.323000000789762 ], [ 566120.464000000618398, 5928213.232999999076128 ], [ 566121.570000002160668, 5928216.217000000178814 ] ] ] } },
{ "type": "Feature", "properties": { "gebaeude_id": "DEHHALKAJ0000wCv", "dachneig": 25.817, "dachfl_2d": 29.068, "dachfl_3d": 32.314, "area_m2": 29.1 }, "geometry": { "type": "Polygon", "coordinates": [ [ [ 566120.464000000618398, 5928213.232999999076128 ], [ 566128.24100000038743, 5928210.323000000789762 ], [ 566127.02900000102818, 5928207.053000001236796 ], [ 566119.243000001646578, 5928209.937999999150634 ], [ 566120.464000000618398, 5928213.232999999076128 ] ] ] } },
{ "type": "Feature", "properties": { "gebaeude_id": "20211011093632_93", "dachneig": 0.0, "dachfl_2d": 26.386, "dachfl_3d": 26.386, "area_m2": 26.4 }, "geometry": { "type": "Polygon", "coordinates": [ [ [ 566107.639000001363456, 5928563.695000004023314 ], [ 566114.132000001147389, 5928559.701000003144145 ], [ 566112.31800000090152, 5928556.752999998629093 ], [ 566105.825000001117587, 5928560.747000003233552 ], [ 566107.639000001363456, 5928563.695000004023314 ] ] ] } },
{ "type": "Feature", "properties": { "gebaeude_id": "20211011093632_191", "dachneig": 0.0, "dachfl_2d": 39.213, "dachfl_3d": 39.213, "area_m2": 39.2 }, "geometry": { "type": "Polygon", "coordinates": [ [ [ 566028.678000000305474, 5928660.786000000312924 ], [ 566028.341000000946224, 5928650.116999996826053 ], [ 566025.81900000013411, 5928650.196000002324581 ], [ 566025.850000000558794, 5928651.190000001341105 ], [ 566024.547000001184642, 5928651.230999998748302 ], [ 566024.817999999970198, 5928659.816000001505017 ], [ 566025.135999999940395, 5928659.80599999986589 ], [ 566025.171000001952052, 5928660.896999999880791 ], [ 566028.678000000305474, 5928660.786000000312924 ] ] ] } },
{ "type": "Feature", "properties": { "gebaeude_id": "DEHHALKAJ0000vxM", "dachneig": 2.833, "dachfl_2d": 90.135, "dachfl_3d": 90.243, "area_m2": 90.1 }, "geometry": { "type": "Polygon", "coordinates": [ [ [ 566021.766000001691282, 5928670.85700000077486 ], [ 566016.648000000044703, 5928670.890000002458692 ], [ 566016.765000000596046, 5928688.82799999974668 ], [ 566021.883000001311302, 5928688.794000001624227 ], [ 566021.847000000998378, 5928683.308000003919005 ], [ 566021.777000001631677, 5928673.514000000432134 ], [ 566021.766000001691282, 5928670.85700000077486 ] ], [ [ 566021.646999999880791, 5928673.741999998688698 ], [ 566021.533000000752509, 5928673.771000001579523 ], [ 566021.418000000528991, 5928673.744000000879169 ], [ 566021.319000001065433, 5928673.650000000372529 ], [ 566021.285000000149012, 5928673.518000001087785 ], [ 566021.317000000737607, 5928673.40400000102818 ], [ 566021.398000000044703, 5928673.318 ], [ 566021.527999999932945, 5928673.27900000102818 ], [ 566021.660000001080334, 5928673.316000001505017 ], [ 566021.743000000715256, 5928673.400000002235174 ], [ 566021.777000001631677, 5928673.514000000432134 ], [ 566021.745000000111759, 5928673.646000001579523 ], [ 566021.646999999880791, 5928673.741999998688698 ] ], [ [ 566021.716000000014901, 5928681.023000001907349 ], [ 566021.622999999672174, 5928681.133000003173947 ], [ 566021.487000000663102, 5928681.182000001892447 ], [ 566021.345000000670552, 5928681.162000000476837 ], [ 566021.23100000154227, 5928681.072999998927116 ], [ 566021.213000000454485, 5928681.059000004082918 ], [ 566021.162999999709427, 5928680.920000001788139 ], [ 566021.156999999657273, 5928680.903000002726912 ], [ 566021.18300000205636, 5928680.761000001803041 ], [ 566021.271000001579523, 5928680.648000003769994 ], [ 566021.40500000026077, 5928680.594000002369285 ], [ 566021.425999999046326, 5928680.585000002756715 ], [ 566021.447999998927116, 5928680.589000001549721 ], [ 566021.589000001549721, 5928680.615000002086163 ], [ 566021.699000000953674, 5928680.708000000566244 ], [ 566021.753000001423061, 5928680.841000001877546 ], [ 566021.733000001870096, 5928680.984000002965331 ], [ 566021.730000000447035, 5928681.006000002846122 ], [ 566021.716000000014901, 5928681.023000001907349 ] ], [ [ 566020.588000001385808, 5928673.612000001594424 ], [ 566020.504000000655651, 5928673.759999999776483 ], [ 566020.377000000327826, 5928673.833000002428889 ], [ 566020.230000001378357, 5928673.839999999850988 ], [ 566020.099999998696148, 5928673.771000001579523 ], [ 566020.080000001005828, 5928673.761000001803041 ], [ 566020.067999999970198, 5928673.741000002250075 ], [ 566019.994000001810491, 5928673.614 ], [ 566019.994000001810491, 5928673.467000002041459 ], [ 566020.062000000849366, 5928673.337000001221895 ], [ 566020.186000001616776, 5928673.258000001311302 ], [ 566020.206000001169741, 5928673.245999999344349 ], [ 566020.228000001050532, 5928673.245999999344349 ], [ 566020.375, 5928673.245000001043081 ], [ 566020.502999999560416, 5928673.31900000013411 ], [ 566020.581000000238419, 5928673.443000001832843 ], [ 566020.588000001385808, 5928673.590000001713634 ], [ 566020.588000001385808, 5928673.612000001594424 ] ], [ [ 566020.580000000074506, 5928680.610000001266599 ], [ 566020.678000000305474, 5928680.721000000834465 ], [ 566020.714000001549721, 5928680.86600000038743 ], [ 566020.672000001184642, 5928681.009000001475215 ], [ 566020.666000002063811, 5928681.031000001356006 ], [ 566020.537000000476837, 5928681.14500000141561 ], [ 566020.391000000759959, 5928681.175000000745058 ], [ 566020.24800000153482, 5928681.133000003173947 ], [ 566020.144999999552965, 5928681.026000000536442 ], [ 566020.128999999724329, 5928681.009000001475215 ], [ 566020.094000002369285, 5928680.841000001877546 ], [ 566020.142000000923872, 5928680.699000000953674 ], [ 566020.248999999836087, 5928680.596000000834465 ], [ 566020.394000001251698, 5928680.561000000685453 ], [ 566020.416000001132488, 5928680.554999997839332 ], [ 566020.438000001013279, 5928680.563000002875924 ], [ 566020.580000000074506, 5928680.610000001266599 ] ], [ [ 566021.076000000350177, 5928676.136000003665686 ], [ 566021.125000000931323, 5928675.971000000834465 ], [ 566021.143000001087785, 5928675.955000003799796 ], [ 566021.257000000216067, 5928675.856000000610948 ], [ 566021.405999999493361, 5928675.826000003144145 ], [ 566021.551000000908971, 5928675.870000002905726 ], [ 566021.655000001192093, 5928675.98000000230968 ], [ 566021.67100000102073, 5928675.997000001370907 ], [ 566021.675999999977648, 5928676.02000000141561 ], [ 566021.705000000074506, 5928676.168999999761581 ], [ 566021.655999999493361, 5928676.312000002712011 ], [ 566021.546000000089407, 5928676.415999999269843 ], [ 566021.399000001139939, 5928676.45100000500679 ], [ 566021.376000000163913, 5928676.457000002264977 ], [ 566021.353000001981854, 5928676.449000002816319 ], [ 566021.209999999962747, 5928676.400000002235174 ], [ 566021.110000001266599, 5928676.28600000217557 ], [ 566021.105999999679625, 5928676.267000000923872 ], [ 566021.075000000186265, 5928676.139000002294779 ], [ 566021.076000000350177, 5928676.136000003665686 ] ], [ [ 566020.572999998927116, 5928676.079 ], [ 566020.601000000722706, 5928676.232000002637506 ], [ 566020.548999999649823, 5928676.378000002354383 ], [ 566020.541000000201166, 5928676.401000002399087 ], [ 566020.400000001303852, 5928676.512000003829598 ], [ 566020.247000000439584, 5928676.534000003710389 ], [ 566020.099999998696148, 5928676.48200000077486 ], [ 566020.000000000931323, 5928676.36400000192225 ], [ 566019.984000000171363, 5928676.346000000834465 ], [ 566019.980000000447035, 5928676.322000002488494 ], [ 566019.958000000566244, 5928676.167999999597669 ], [ 566020.016000001691282, 5928676.024000002071261 ], [ 566020.13399999961257, 5928675.923000002279878 ], [ 566020.287000000476837, 5928675.89500000141561 ], [ 566020.310000001452863, 5928675.891000000759959 ], [ 566020.333000000566244, 5928675.899000000208616 ], [ 566020.477000000886619, 5928675.957000000402331 ], [ 566020.572999998927116, 5928676.079 ] ] ] } },
{ "type": "Feature", "properties": { "gebaeude_id": "DEHHALKAJ0000vxM", "dachneig": 21.523, "dachfl_2d": 97.25, "dachfl_3d": 104.533, "area_m2": 97.3 }, "geometry": { "type": "Polygon", "coordinates": [ [ [ 566029.638000001199543, 5928683.254999998956919 ], [ 566021.847000000998378, 5928683.308000003919005 ], [ 566021.885000000707805, 5928689.139000002294779 ], [ 566039.915000000037253, 5928689.021999999880791 ], [ 566039.877000002190471, 5928683.184000002220273 ], [ 566031.162999999709427, 5928683.244000000879169 ], [ 566031.208000000566244, 5928686.115000000223517 ], [ 566031.234000000171363, 5928687.779000002890825 ], [ 566029.709999999962747, 5928687.802999999374151 ], [ 566029.68400000128895, 5928686.139000002294779 ], [ 566029.638000001199543, 5928683.254999998956919 ] ], [ [ 566037.207000000402331, 5928683.724999999627471 ], [ 566037.209000000730157, 5928684.316999999806285 ], [ 566036.592000000178814, 5928684.320000004023314 ], [ 566036.588999999687076, 5928683.727000001817942 ], [ 566037.207000000402331, 5928683.724999999627471 ] ], [ [ 566024.039000000804663, 5928683.822000000625849 ], [ 566024.054999999701977, 5928684.409 ], [ 566023.485000001266599, 5928684.424000000581145 ], [ 566023.46999999973923, 5928683.837000001221895 ], [ 566024.039000000804663, 5928683.822000000625849 ] ], [ [ 566027.015000000596046, 5928683.780000003054738 ], [ 566027.571000000461936, 5928683.7989999987185 ], [ 566027.552000001072884, 5928684.375 ], [ 566026.993999999947846, 5928684.355999998748302 ], [ 566027.013999999500811, 5928683.780999999493361 ], [ 566024.039000000804663, 5928683.822000000625849 ], [ 566027.015000000596046, 5928683.780000003054738 ] ] ] } },
{ "type": "Feature", "properties": { "gebaeude_id": "DEHHALKAJ0000vxM", "dachneig": 10.136, "dachfl_2d": 230.603, "dachfl_3d": 234.259, "area_m2": 230.6 }, "geometry": { "type": "Polygon", "coordinates": [ [ [ 566034.67100000102073, 5928670.35500000230968 ], [ 566034.459999999962747, 5928670.357000004500151 ], [ 566021.763000000268221, 5928670.439000001177192 ], [ 566021.766000001691282, 5928670.85700000077486 ], [ 566021.777000001631677, 5928673.514000000432134 ], [ 566021.847000000998378, 5928683.308000003919005 ], [ 566029.638000001199543, 5928683.254999998956919 ], [ 566029.638000001199543, 5928683.171000003814697 ], [ 566031.162000000476837, 5928683.148000001907349 ], [ 566031.162999999709427, 5928683.244000000879169 ], [ 566039.877000002190471, 5928683.184000002220273 ], [ 566039.792999999597669, 5928670.322000000625849 ], [ 566039.70000000204891, 5928670.323000000789762 ], [ 566034.67100000102073, 5928670.35500000230968 ] ], [ [ 566035.336000001057982, 5928677.576999999582767 ], [ 566034.808000001125038, 5928677.56900000013411 ], [ 566034.81700000166893, 5928676.998999999836087 ], [ 566035.345000001601875, 5928677.006999999284744 ], [ 566035.336000001057982, 5928677.576999999582767 ] ], [ [ 566033.060999999754131, 5928682.082000000402331 ], [ 566033.628000001423061, 5928682.083000002428889 ], [ 566033.627000000327826, 5928682.637000000104308 ], [ 566033.060999999754131, 5928682.637000000104308 ], [ 566033.060999999754131, 5928682.082000000402331 ] ], [ [ 566026.928000000305474, 5928682.697999998927116 ], [ 566026.940999999642372, 5928682.130000000819564 ], [ 566027.513000002130866, 5928682.143000001087785 ], [ 566027.5, 5928682.710999999195337 ], [ 566026.928000000305474, 5928682.697999998927116 ] ], [ [ 566036.549999999813735, 5928681.976000001654029 ], [ 566037.130000000819564, 5928681.991000002250075 ], [ 566037.115000002086163, 5928682.563000001013279 ], [ 566036.535000000149012, 5928682.548000004142523 ], [ 566036.549999999813735, 5928681.976000001654029 ] ] ] } },
{ "type": "Feature", "properties": { "gebaeude_id": "DEHHALKAJ0000wER", "dachneig": 14.446, "dachfl_2d": 64.822, "dachfl_3d": 66.938, "area_m2": 64.8 }, "geometry": { "type": "Polygon", "coordinates": [ [ [ 566013.924000000581145, 5928621.535000000149012 ], [ 566002.104000001214445, 5928618.535000002011657 ], [ 566009.759000000543892, 5928631.446000000461936 ], [ 566013.924000000581145, 5928621.535000000149012 ] ] ] } },
{ "type": "Feature", "properties": { "gebaeude_id": "DEHHALKAJ0000wER", "dachneig": 19.167, "dachfl_2d": 117.14, "dachfl_3d": 123.977, "area_m2": 117.1 }, "geometry": { "type": "Polygon", "coordinates": [ [ [ 566013.924000000581145, 5928621.535000000149012 ], [ 566009.759000000543892, 5928631.446000000461936 ], [ 566027.554999999701977, 5928620.89500000141561 ], [ 566027.494000000879169, 5928613.426000000908971 ], [ 566013.924000000581145, 5928621.535000000149012 ] ] ] } },
{ "type": "Feature", "properties": { "gebaeude_id": "DEHHALKAJ0000wER", "dachneig": 14.491, "dachfl_2d": 152.223, "dachfl_3d": 157.245, "area_m2": 152.2 }, "geometry": { "type": "Polygon", "coordinates": [ [ [ 566013.924000000581145, 5928621.535000000149012 ], [ 566027.494000000879169, 5928613.426000000908971 ], [ 566018.984000001102686, 5928608.526000000536442 ], [ 566002.104000001214445, 5928618.535000002011657 ], [ 566013.924000000581145, 5928621.535000000149012 ] ] ] } },
{ "type": "Feature", "properties": { "gebaeude_id": "DEHHALKAJ0000wER", "dachneig": 14.646, "dachfl_2d": 152.965, "dachfl_3d": 158.113, "area_m2": 153.0 }, "geometry": { "type": "Polygon", "coordinates": [ [ [ 566027.439999999478459, 5928597.247999999672174 ], [ 566018.882000001147389, 5928588.732999999076128 ], [ 566018.984000001102686, 5928608.526000000536442 ], [ 566027.494000000879169, 5928613.426000000908971 ], [ 566027.439999999478459, 5928597.247999999672174 ] ] ] } },
{ "type": "Feature", "properties": { "gebaeude_id": "DEHHALKAJ0000wER", "dachneig": 14.466, "dachfl_2d": 64.637, "dachfl_3d": 66.754, "area_m2": 64.6 }, "geometry": { "type": "Polygon", "coordinates": [ [ [ 566027.439999999478459, 5928597.247999999672174 ], [ 566033.870000000111759, 5928588.540000000968575 ], [ 566018.882000001147389, 5928588.732999999076128 ], [ 566027.439999999478459, 5928597.247999999672174 ] ] ] } },
{ "type": "Feature", "properties": { "gebaeude_id": "DEHHALKAJ0000wER", "dachneig": 18.928, "dachfl_2d": 113.56, "dachfl_3d": 120.022, "area_m2": 113.6 }, "geometry": { "type": "Polygon", "coordinates": [ [ [ 566027.439999999478459, 5928597.247999999672174 ], [ 566027.494000000879169, 5928613.426000000908971 ], [ 566033.995000001043081, 5928607.282999999821186 ], [ 566033.985000000335276, 5928605.712000001221895 ], [ 566033.870000000111759, 5928588.540000000968575 ], [ 566027.439999999478459, 5928597.247999999672174 ] ] ] } },
{ "type": "Feature", "properties": { "gebaeude_id": "DEHHALKAJ0000wER", "dachneig": 14.628, "dachfl_2d": 137.343, "dachfl_3d": 141.94, "area_m2": 137.3 }, "geometry": { "type": "Polygon", "coordinates": [ [ [ 566039.049000000581145, 5928619.883000001311302 ], [ 566050.548000001348555, 5928616.551000000908971 ], [ 566033.995000001043081, 5928607.282999999821186 ], [ 566027.494000000879169, 5928613.426000000908971 ], [ 566039.049000000581145, 5928619.883000001311302 ] ] ] } },
{ "type": "Feature", "properties": { "gebaeude_id": "DEHHALKAJ0000wER", "dachneig": 14.861, "dachfl_2d": 63.291, "dachfl_3d": 65.481, "area_m2": 63.3 }, "geometry": { "type": "Polygon", "coordinates": [ [ [ 566039.049000000581145, 5928619.883000001311302 ], [ 566043.142000000923872, 5928629.705 ], [ 566050.548000001348555, 5928616.551000000908971 ], [ 566039.049000000581145, 5928619.883000001311302 ] ] ] } },
{ "type": "Feature", "properties": { "gebaeude_id": "DEHHALKAJ0000wER", "dachneig": 18.921, "dachfl_2d": 93.218, "dachfl_3d": 98.499, "area_m2": 93.2 }, "geometry": { "type": "Polygon", "coordinates": [ [ [ 566027.554999999701977, 5928620.89500000141561 ], [ 566043.142000000923872, 5928629.705 ], [ 566039.049000000581145, 5928619.883000001311302 ], [ 566027.494000000879169, 5928613.426000000908971 ], [ 566027.554999999701977, 5928620.89500000141561 ] ], [ [ 566033.555000000633299, 5928620.140999998897314 ], [ 566033.902000000700355, 5928620.335999999195337 ], [ 566034.204000000841916, 5928620.506000000983477 ], [ 566033.503000002354383, 5928621.755000000819564 ], [ 566032.853000001981854, 5928621.390999998897314 ], [ 566033.42200000025332, 5928620.378000002354383 ], [ 566033.555000000633299, 5928620.140999998897314 ] ], [ [ 566028.700000000186265, 5928618.604000000283122 ], [ 566029.653000000864267, 5928616.971000000834465 ], [ 566031.825000001117587, 5928618.184000000357628 ], [ 566031.878000001423061, 5928618.214999999850988 ], [ 566032.908000001683831, 5928618.81500000320375 ], [ 566031.933000001125038, 5928620.488000001758337 ], [ 566028.700000000186265, 5928618.604000000283122 ] ] ] } },
{ "type": "Feature", "properties": { "gebaeude_id": "DEHHALKAJ0000wER", "dachneig": 0.0, "dachfl_2d": 15.734, "dachfl_3d": 15.734, "area_m2": 15.7 }, "geometry": { "type": "Polygon", "coordinates": [ [ [ 566033.877000000327826, 5928589.715000001713634 ], [ 566033.985000000335276, 5928605.712000001221895 ], [ 566034.968000000342727, 5928605.706000000238419 ], [ 566034.860999998636544, 5928589.708999998867512 ], [ 566033.877000000327826, 5928589.715000001713634 ] ] ] } },
{ "type": "Feature", "properties": { "gebaeude_id": "DEHHALKAJ0000wER", "dachneig": 0.0, "dachfl_2d": 25.369, "dachfl_3d": 25.369, "area_m2": 25.4 }, "geometry": { "type": "Polygon", "coordinates": [ [ [ 566018.887000001035631, 5928589.832000002264977 ], [ 566018.115000000223517, 5928589.849000003188848 ], [ 566018.301000000908971, 5928608.165000002831221 ], [ 566002.891000001691282, 5928617.303000003099442 ], [ 566003.226999999023974, 5928617.868999999016523 ], [ 566018.984000001102686, 5928608.526000000536442 ], [ 566018.887000001035631, 5928589.832000002264977 ] ] ] } },
{ "type": "Feature", "properties": { "gebaeude_id": "DEHHALKAJ0000wER", "dachneig": 0.0, "dachfl_2d": 10.306, "dachfl_3d": 10.306, "area_m2": 10.3 }, "geometry": { "type": "Polygon", "coordinates": [ [ [ 566036.939999998547137, 5928608.932 ], [ 566049.517, 5928615.973999999463558 ], [ 566049.86600000038743, 5928615.350000001490116 ], [ 566037.289000000804663, 5928608.308000000193715 ], [ 566036.939999998547137, 5928608.932 ] ] ] } },
{ "type": "Feature", "properties": { "gebaeude_id": "20211011093632_160", "dachneig": 0.0, "dachfl_2d": 23.253, "dachfl_3d": 23.253, "area_m2": 23.3 }, "geometry": { "type": "Polygon", "coordinates": [ [ [ 566065.58500000089407, 5928830.08500000089407 ], [ 566065.600999999791384, 5928827.01799999922514 ], [ 566055.850000000558794, 5928826.964999999850988 ], [ 566055.850000000558794, 5928827.113000001758337 ], [ 566058.208999999798834, 5928827.126000002026558 ], [ 566058.194000001065433, 5928829.94400000013411 ], [ 566055.834000000730157, 5928829.93099999986589 ], [ 566055.834000000730157, 5928830.030999999493361 ], [ 566065.58500000089407, 5928830.08500000089407 ] ] ] } },
{ "type": "Feature", "properties": { "gebaeude_id": "DEHHALKAJ0000wbv", "dachneig": 0.543, "dachfl_2d": 95.526, "dachfl_3d": 95.53, "area_m2": 95.5 }, "geometry": { "type": "Polygon", "coordinates": [ [ [ 566020.236000000499189, 5928835.70100000500679 ], [ 566032.294999999925494, 5928835.164000002667308 ], [ 566031.942999999970198, 5928827.258000001311302 ], [ 566028.294000000692904, 5928827.421 ], [ 566023.228000001050532, 5928827.645999999716878 ], [ 566019.88399999961257, 5928827.795 ], [ 566020.236000000499189, 5928835.70100000500679 ] ] ] } },
{ "type": "Feature", "properties": { "gebaeude_id": "20211011093632_203", "dachneig": 1.422, "dachfl_2d": 20.493, "dachfl_3d": 20.499, "area_m2": 20.5 }, "geometry": { "type": "Polygon", "coordinates": [ [ [ 566146.346000001765788, 5928954.563000004738569 ], [ 566145.731999999843538, 5928957.899000000208616 ], [ 566151.673000001348555, 5928958.992000000551343 ], [ 566152.28700000140816, 5928955.655000001192093 ], [ 566146.346000001765788, 5928954.563000004738569 ] ] ] } },
{ "type": "Feature", "properties": { "gebaeude_id": "DEHHALKAJ0000xNE", "dachneig": 12.578, "dachfl_2d": 16.876, "dachfl_3d": 17.298, "area_m2": 16.9 }, "geometry": { "type": "Polygon", "coordinates": [ [ [ 566084.853000001050532, 5928963.83500000089407 ], [ 566076.857999999076128, 5928967.017000000923872 ], [ 566085.495000000111759, 5928966.490000000223517 ], [ 566089.059000000357628, 5928964.900000000372529 ], [ 566084.853000001050532, 5928963.83500000089407 ] ] ] } },
{ "type": "Feature", "properties": { "gebaeude_id": "DEHHALKAJ0000xNE", "dachneig": 3.387, "dachfl_2d": 170.067, "dachfl_3d": 170.347, "area_m2": 170.1 }, "geometry": { "type": "Polygon", "coordinates": [ [ [ 566083.687000001780689, 5928946.032000001519918 ], [ 566075.395999999716878, 5928943.085999999195337 ], [ 566076.285000001080334, 5928957.627000002190471 ], [ 566076.857999999076128, 5928967.017000000923872 ], [ 566084.853000001050532, 5928963.83500000089407 ], [ 566083.687000001780689, 5928946.032000001519918 ] ] ] } },
{ "type": "Feature", "properties": { "gebaeude_id": "DEHHALKAJ0000xNE", "dachneig": 8.915, "dachfl_2d": 16.035, "dachfl_3d": 16.234, "area_m2": 16.0 }, "geometry": { "type": "Polygon", "coordinates": [ [ [ 566083.687000001780689, 5928946.032000001519918 ], [ 566084.305000000633299, 5928945.558000000193715 ], [ 566084.121999998576939, 5928942.552999999374151 ], [ 566075.395999999716878, 5928943.085999999195337 ], [ 566083.687000001780689, 5928946.032000001519918 ] ] ] } },
{ "type": "Feature", "properties": { "gebaeude_id": "DEHHALKAJ0000xNE", "dachneig": 3.982, "dachfl_2d": 162.606, "dachfl_3d": 163.03, "area_m2": 162.6 }, "geometry": { "type": "Polygon", "coordinates": [ [ [ 566084.853000001050532, 5928963.83500000089407 ], [ 566089.059000000357628, 5928964.900000000372529 ], [ 566089.230000001378357, 5928966.949000004678965 ], [ 566093.015000001527369, 5928968.039000002667308 ], [ 566092.867999999783933, 5928965.642000000923872 ], [ 566092.584999999962747, 5928961.007000001147389 ], [ 566091.614000000990927, 5928945.109999999403954 ], [ 566084.305000000633299, 5928945.558000000193715 ], [ 566083.687000001780689, 5928946.032000001519918 ], [ 566084.853000001050532, 5928963.83500000089407 ] ] ] } },
{ "type": "Feature", "properties": { "gebaeude_id": "DEHHALKAJ0000wGO", "dachneig": 6.078, "dachfl_2d": 225.606, "dachfl_3d": 227.168, "area_m2": 225.6 }, "geometry": { "type": "Polygon", "coordinates": [ [ [ 566051.044000000692904, 5928892.334000000730157 ], [ 566048.915000000968575, 5928868.070000000298023 ], [ 566042.538999998942018, 5928863.384999999776483 ], [ 566042.098000000230968, 5928880.439000001177192 ], [ 566042.032000000588596, 5928883.652000002563 ], [ 566042.91200000140816, 5928897.720000000670552 ], [ 566051.044000000692904, 5928892.334000000730157 ] ] ] } },
{ "type": "Feature", "properties": { "gebaeude_id": "DEHHALKAJ0000wGO", "dachneig": 10.474, "dachfl_2d": 41.004, "dachfl_3d": 41.699, "area_m2": 41.0 }, "geometry": { "type": "Polygon", "coordinates": [ [ [ 566051.044000000692904, 5928892.334000000730157 ], [ 566042.91200000140816, 5928897.720000000670552 ], [ 566059.725000000558794, 5928896.669000001624227 ], [ 566051.044000000692904, 5928892.334000000730157 ] ] ] } },
{ "type": "Feature", "properties": { "gebaeude_id": "DEHHALKAJ0000wGO", "dachneig": 10.059, "dachfl_2d": 32.738, "dachfl_3d": 33.249, "area_m2": 32.7 }, "geometry": { "type": "Polygon", "coordinates": [ [ [ 566048.915000000968575, 5928868.070000000298023 ], [ 566055.419000000692904, 5928862.579999998211861 ], [ 566042.538999998942018, 5928863.384999999776483 ], [ 566048.915000000968575, 5928868.070000000298023 ] ] ] } },
{ "type": "Feature", "properties": { "gebaeude_id": "DEHHALKAJ0000wGO", "dachneig": 5.974, "dachfl_2d": 237.734, "dachfl_3d": 239.208, "area_m2": 237.7 }, "geometry": { "type": "Polygon", "coordinates": [ [ [ 566051.044000000692904, 5928892.334000000730157 ], [ 566059.725000000558794, 5928896.669000001624227 ], [ 566058.900000002235174, 5928883.47100000269711 ], [ 566055.419000000692904, 5928862.579999998211861 ], [ 566048.915000000968575, 5928868.070000000298023 ], [ 566051.044000000692904, 5928892.334000000730157 ] ] ] } },
{ "type": "Feature", "properties": { "gebaeude_id": "DEHHALKAJ0000wGO", "dachneig": 0.0, "dachfl_2d": 13.314, "dachfl_3d": 13.314, "area_m2": 13.3 }, "geometry": { "type": "Polygon", "coordinates": [ [ [ 566047.100000000558794, 5928902.829000001773238 ], [ 566049.582000001333654, 5928902.66100000217557 ], [ 566049.245000000111759, 5928897.324000002816319 ], [ 566046.763999999500811, 5928897.479000002145767 ], [ 566047.100000000558794, 5928902.829000001773238 ] ] ] } },
{ "type": "Feature", "properties": { "gebaeude_id": "DEHHALKAJ0000x3X", "dachneig": 11.845, "dachfl_2d": 12.575, "dachfl_3d": 12.849, "area_m2": 12.6 }, "geometry": { "type": "Polygon", "coordinates": [ [ [ 566012.510000000707805, 5928937.991000002250075 ], [ 566015.425000001676381, 5928942.750000001862645 ], [ 566014.846000001765788, 5928933.177000001072884 ], [ 566012.510000000707805, 5928937.991000002250075 ] ] ] } },
{ "type": "Feature", "properties": { "gebaeude_id": "DEHHALKAJ0000x3X", "dachneig": 6.298, "dachfl_2d": 58.291, "dachfl_3d": 58.649, "area_m2": 58.3 }, "geometry": { "type": "Polygon", "coordinates": [ [ [ 566003.504000000655651, 5928938.478000000119209 ], [ 566000.942000000737607, 5928943.62500000372529 ], [ 566015.425000001676381, 5928942.750000001862645 ], [ 566012.510000000707805, 5928937.991000002250075 ], [ 566003.504000000655651, 5928938.478000000119209 ] ] ] } },
{ "type": "Feature", "properties": { "gebaeude_id": "DEHHALKAJ0000x3X", "dachneig": 10.856, "dachfl_2d": 13.753, "dachfl_3d": 14.004, "area_m2": 13.8 }, "geometry": { "type": "Polygon", "coordinates": [ [ [ 566003.504000000655651, 5928938.478000000119209 ], [ 566000.363000000827014, 5928934.052000001072884 ], [ 566000.942000000737607, 5928943.62500000372529 ], [ 566003.504000000655651, 5928938.478000000119209 ] ] ] } },
{ "type": "Feature", "properties": { "gebaeude_id": "DEHHALKAJ0000x3X", "dachneig": 6.808, "dachfl_2d": 54.53, "dachfl_3d": 54.912, "area_m2": 54.5 }, "geometry": { "type": "Polygon", "coordinates": [ [ [ 566003.504000000655651, 5928938.478000000119209 ], [ 566012.510000000707805, 5928937.991000002250075 ], [ 566014.846000001765788, 5928933.177000001072884 ], [ 566000.587000002153218, 5928934.039000000804663 ], [ 566000.363000000827014, 5928934.052000001072884 ], [ 566003.504000000655651, 5928938.478000000119209 ] ] ] } },
{ "type": "Feature", "properties": { "gebaeude_id": "DEHHALKAJ0000x3X", "dachneig": 10.36, "dachfl_2d": 15.0, "dachfl_3d": 15.249, "area_m2": 15.0 }, "geometry": { "type": "Polygon", "coordinates": [ [ [ 566000.405999999493361, 5928931.03600000217557 ], [ 566000.587000002153218, 5928934.039000000804663 ], [ 566005.564000001177192, 5928933.737999999895692 ], [ 566005.383000001311302, 5928930.735000003129244 ], [ 566000.405999999493361, 5928931.03600000217557 ] ] ] } },
{ "type": "Feature", "properties": { "gebaeude_id": "DEHHALKAJ0000wZh", "dachneig": 7.573, "dachfl_2d": 67.714, "dachfl_3d": 68.375, "area_m2": 67.7 }, "geometry": { "type": "Polygon", "coordinates": [ [ [ 566835.540000000037253, 5928440.072000000625849 ], [ 566836.319000001065433, 5928443.405999999493361 ], [ 566838.334999999962747, 5928452.032999999821186 ], [ 566838.525000000372529, 5928452.003000002354383 ], [ 566841.515999999828637, 5928451.524000000208616 ], [ 566842.832000001333654, 5928449.600000003352761 ], [ 566840.574000000953674, 5928437.94000000320375 ], [ 566840.269999999552965, 5928438.002000000327826 ], [ 566835.592000001110137, 5928438.949000000953674 ], [ 566835.291000001132488, 5928439.004999998956919 ], [ 566835.540000000037253, 5928440.072000000625849 ] ] ] } },
{ "type": "Feature", "properties": { "gebaeude_id": "DEHHALKAJ0000wZh", "dachneig": 17.008, "dachfl_2d": 48.436, "dachfl_3d": 50.716, "area_m2": 48.4 }, "geometry": { "type": "Polygon", "coordinates": [ [ [ 566842.832000001333654, 5928449.600000003352761 ], [ 566847.034000000916421, 5928443.46000000089407 ], [ 566845.556000000797212, 5928436.932000003755093 ], [ 566840.574000000953674, 5928437.94000000320375 ], [ 566842.832000001333654, 5928449.600000003352761 ] ] ] } },
{ "type": "Feature", "properties": { "gebaeude_id": "DEHHALKAJ0000wZh", "dachneig": 17.093, "dachfl_2d": 54.401, "dachfl_3d": 56.974, "area_m2": 54.4 }, "geometry": { "type": "Polygon", "coordinates": [ [ [ 566847.034000000916421, 5928443.46000000089407 ], [ 566842.832000001333654, 5928449.600000003352761 ], [ 566855.354000000283122, 5928447.620000002905726 ], [ 566854.582000001333654, 5928442.507000001147389 ], [ 566854.542000001296401, 5928442.238000001758337 ], [ 566847.034000000916421, 5928443.46000000089407 ] ], [ [ 566848.121000000275671, 5928447.829 ], [ 566848.961000001057982, 5928447.729000000283122 ], [ 566849.042000000365078, 5928448.410000002011657 ], [ 566848.201999999582767, 5928448.509999999776483 ], [ 566848.121000000275671, 5928447.829 ] ] ] } },
{ "type": "Feature", "properties": { "gebaeude_id": "DEHHALKAJ0000wZh", "dachneig": 7.942, "dachfl_2d": 68.743, "dachfl_3d": 69.294, "area_m2": 68.7 }, "geometry": { "type": "Polygon", "coordinates": [ [ [ 566842.832000001333654, 5928449.600000003352761 ], [ 566841.515999999828637, 5928451.524000000208616 ], [ 566842.002000002190471, 5928454.598999999463558 ], [ 566842.030999999493361, 5928454.787000002339482 ], [ 566856.095999999903142, 5928452.538000002503395 ], [ 566856.059000000357628, 5928452.291000002995133 ], [ 566855.354000000283122, 5928447.620000002905726 ], [ 566842.832000001333654, 5928449.600000003352761 ] ], [ [ 566843.695000000298023, 5928451.866000002250075 ], [ 566844.474000001326203, 5928451.733000000938773 ], [ 566844.688000001013279, 5928452.983000000938773 ], [ 566843.908999999985099, 5928453.11600000038743 ], [ 566843.695000000298023, 5928451.866000002250075 ] ] ] } },
{ "type": "Feature", "properties": { "gebaeude_id": "DEHHALKAJ0000wkm", "dachneig": 21.636, "dachfl_2d": 17.357, "dachfl_3d": 18.707, "area_m2": 17.4 }, "geometry": { "type": "Polygon", "coordinates": [ [ [ 566862.433000000193715, 5928578.704000001773238 ], [ 566859.714999999850988, 5928565.688999999314547 ], [ 566858.455000001005828, 5928565.965000001713634 ], [ 566858.457000001333654, 5928565.972000000998378 ], [ 566861.135999999940395, 5928578.968000000342727 ], [ 566862.433000000193715, 5928578.704000001773238 ] ] ] } },
{ "type": "Feature", "properties": { "gebaeude_id": "DEHHALKAJ0000wkm", "dachneig": 4.485, "dachfl_2d": 83.678, "dachfl_3d": 83.933, "area_m2": 83.7 }, "geometry": { "type": "Polygon", "coordinates": [ [ [ 566862.891000000759959, 5928590.724999999627471 ], [ 566873.273000000976026, 5928588.653000004589558 ], [ 566877.027000000700355, 5928587.903000000864267 ], [ 566877.009000000543892, 5928587.809000000357628 ], [ 566876.119000000879169, 5928582.089000001549721 ], [ 566861.731999999843538, 5928585.015000002458692 ], [ 566862.891000000759959, 5928590.724999999627471 ] ], [ [ 566872.433000000193715, 5928587.436999998986721 ], [ 566873.026000001467764, 5928587.333000000566244 ], [ 566873.140000000596046, 5928587.985999999567866 ], [ 566872.547000002115965, 5928588.089000001549721 ], [ 566872.433000000193715, 5928587.436999998986721 ] ], [ [ 566864.21000000089407, 5928587.267000000923872 ], [ 566865.030999999493361, 5928587.100000001490116 ], [ 566865.284000000916421, 5928588.343000004068017 ], [ 566864.462999999523163, 5928588.510000001639128 ], [ 566864.21000000089407, 5928587.267000000923872 ] ] ] } },
{ "type": "Feature", "properties": { "gebaeude_id": "DEHHALKAJ0000wkm", "dachneig": 11.165, "dachfl_2d": 89.982, "dachfl_3d": 91.713, "area_m2": 90.0 }, "geometry": { "type": "Polygon", "coordinates": [ [ [ 566876.119000000879169, 5928582.089000001549721 ], [ 566875.275000001303852, 5928576.074000000953674 ], [ 566874.305000000633299, 5928576.273000001907349 ], [ 566861.135999999940395, 5928578.968000000342727 ], [ 566860.530000001192093, 5928579.093000002205372 ], [ 566861.731999999843538, 5928585.015000002458692 ], [ 566876.119000000879169, 5928582.089000001549721 ] ] ] } },
{ "type": "Feature", "properties": { "gebaeude_id": "DEHHALKAJ0000wkm", "dachneig": 11.245, "dachfl_2d": 83.714, "dachfl_3d": 85.239, "area_m2": 83.7 }, "geometry": { "type": "Polygon", "coordinates": [ [ [ 566857.58600000012666, 5928559.92200000025332 ], [ 566857.587000001221895, 5928559.927000001072884 ], [ 566857.648000000976026, 5928560.220000002533197 ], [ 566857.649000002071261, 5928560.225000001490116 ], [ 566857.964999999850988, 5928561.749000001698732 ], [ 566858.059000000357628, 5928562.204000001773238 ], [ 566857.701999999582767, 5928562.128000000491738 ], [ 566857.423000001348555, 5928562.053000001236796 ], [ 566857.498999999836087, 5928562.421000001952052 ], [ 566857.074000000953674, 5928562.497000003233552 ], [ 566857.845999999903142, 5928566.096000000834465 ], [ 566857.847000000998378, 5928566.098000003024936 ], [ 566858.455000001005828, 5928565.965000001713634 ], [ 566859.714999999850988, 5928565.688999999314547 ], [ 566862.433000000193715, 5928578.704000001773238 ], [ 566865.716000000014901, 5928578.032000001519918 ], [ 566861.315000000409782, 5928556.91100000217557 ], [ 566857.144999999552965, 5928557.791999999433756 ], [ 566857.144999999552965, 5928557.794000001624227 ], [ 566857.58600000012666, 5928559.92200000025332 ] ] ] } },
{ "type": "Feature", "properties": { "gebaeude_id": "DEHHALKAJ0000wkm", "dachneig": 17.603, "dachfl_2d": 133.06, "dachfl_3d": 139.476, "area_m2": 133.1 }, "geometry": { "type": "Polygon", "coordinates": [ [ [ 566871.734000002034009, 5928576.799000000581145 ], [ 566867.363000000827014, 5928555.634000001475215 ], [ 566865.824000000022352, 5928555.959000000730157 ], [ 566861.315000000409782, 5928556.91100000217557 ], [ 566865.716000000014901, 5928578.032000001519918 ], [ 566871.734000002034009, 5928576.799000000581145 ] ] ] } },
{ "type": "Feature", "properties": { "gebaeude_id": "DEHHALKAJ0000wkm", "dachneig": 0.0, "dachfl_2d": 12.922, "dachfl_3d": 12.922, "area_m2": 12.9 }, "geometry": { "type": "Polygon", "coordinates": [ [ [ 566861.692999999970198, 5928584.821999998763204 ], [ 566859.78000000026077, 5928587.756000004708767 ], [ 566859.464999998919666, 5928588.771000003442168 ], [ 566859.754000001586974, 5928589.999000001698732 ], [ 566860.459000001661479, 5928590.776000000536442 ], [ 566861.57799999974668, 5928591.197000002488494 ], [ 566862.91300000064075, 5928590.941999999806285 ], [ 566862.891000000759959, 5928590.724999999627471 ], [ 566861.692999999970198, 5928584.821999998763204 ] ] ] } },
{ "type": "Feature", "properties": { "gebaeude_id": "DEHHALKAJ0000wUo", "dachneig": 0.0, "dachfl_2d": 19.682, "dachfl_3d": 19.682, "area_m2": 19.7 }, "geometry": { "type": "Polygon", "coordinates": [ [ [ 566852.845999999903142, 5928535.752000000327826 ], [ 566853.411000001244247, 5928535.597000000998378 ], [ 566853.199000001884997, 5928534.599000001326203 ], [ 566853.192000000737607, 5928534.56500000320375 ], [ 566853.88300000037998, 5928534.454000001773238 ], [ 566853.879999999888241, 5928534.435000000521541 ], [ 566853.550999999977648, 5928532.691000001505017 ], [ 566854.82799999974668, 5928532.485999999567866 ], [ 566852.334000000730157, 5928531.060000000521541 ], [ 566851.417000000365078, 5928530.760000001639128 ], [ 566850.191999998874962, 5928530.980000000447035 ], [ 566849.309000000357628, 5928531.821000002324581 ], [ 566848.973000000230968, 5928532.903000000864267 ], [ 566849.140000001527369, 5928533.991000002250075 ], [ 566849.9510000012815, 5928534.984000001102686 ], [ 566851.634999999776483, 5928536.087000004947186 ], [ 566852.845999999903142, 5928535.752000000327826 ] ] ] } },
{ "type": "Feature", "properties": { "gebaeude_id": "DEHHALKAJ0000wUo", "dachneig": 16.684, "dachfl_2d": 37.214, "dachfl_3d": 38.728, "area_m2": 37.2 }, "geometry": { "type": "Polygon", "coordinates": [ [ [ 566866.46100000012666, 5928535.901000004261732 ], [ 566866.353000001050532, 5928535.117000002413988 ], [ 566858.245000001043081, 5928536.562000002712011 ], [ 566858.260000000707805, 5928536.65400000102818 ], [ 566858.358000001870096, 5928537.222999999299645 ], [ 566857.950000000186265, 5928537.292999999597669 ], [ 566864.491000001318753, 5928541.859000001102686 ], [ 566867.17200000025332, 5928541.065999999642372 ], [ 566867.148000000044703, 5928540.887000000104308 ], [ 566866.46100000012666, 5928535.901000004261732 ] ] ] } },
{ "type": "Feature", "properties": { "gebaeude_id": "DEHHALKAJ0000wUo", "dachneig": 16.726, "dachfl_2d": 166.784, "dachfl_3d": 173.218, "area_m2": 166.8 }, "geometry": { "type": "Polygon", "coordinates": [ [ [ 566864.895000000484288, 5928543.79700000397861 ], [ 566864.491000001318753, 5928541.859000001102686 ], [ 566857.950000000186265, 5928537.292999999597669 ], [ 566857.79600000102073, 5928537.319000003859401 ], [ 566857.309000002220273, 5928537.403000002726912 ], [ 566857.131000000983477, 5928537.43300000205636 ], [ 566856.561999999918044, 5928537.530999999493361 ], [ 566856.376000001095235, 5928536.447999998927116 ], [ 566856.561999999918044, 5928536.416000001132488 ], [ 566856.667999999597669, 5928536.398000001907349 ], [ 566853.88300000037998, 5928534.454000001773238 ], [ 566853.192000000737607, 5928534.56500000320375 ], [ 566853.199000001884997, 5928534.599000001326203 ], [ 566853.411000001244247, 5928535.597000000998378 ], [ 566856.338999999687076, 5928549.380000000819564 ], [ 566861.315000000409782, 5928556.91100000217557 ], [ 566867.363000000827014, 5928555.634000001475215 ], [ 566864.895000000484288, 5928543.79700000397861 ] ], [ [ 566858.832000000402331, 5928541.113000001758337 ], [ 566858.951000000350177, 5928541.77900000102818 ], [ 566858.234000001102686, 5928541.908000001683831 ], [ 566858.156000000424683, 5928541.922000002115965 ], [ 566858.036000000312924, 5928541.256000002846122 ], [ 566858.098000000230968, 5928541.245000001043081 ], [ 566858.832000000402331, 5928541.113000001758337 ] ] ] } },
{ "type": "Feature", "properties": { "gebaeude_id": "DEHHALKAJ0000wUo", "dachneig": 11.174, "dachfl_2d": 25.796, "dachfl_3d": 26.309, "area_m2": 25.8 }, "geometry": { "type": "Polygon", "coordinates": [ [ [ 566855.763000000268221, 5928554.050000000745058 ], [ 566856.219000001437962, 5928553.721999999135733 ], [ 566856.294999999925494, 5928553.667000001296401 ], [ 566856.319000001996756, 5928553.785000000149012 ], [ 566856.71100000012666, 5928555.686000000685453 ], [ 566856.713000000454485, 5928555.695000002160668 ], [ 566856.764000000432134, 5928555.94200000166893 ], [ 566856.765999999828637, 5928555.9510000012815 ], [ 566857.144999999552965, 5928557.790000002831221 ], [ 566856.645999999716878, 5928557.897000003606081 ], [ 566857.144999999552965, 5928557.791999999433756 ], [ 566861.315000000409782, 5928556.91100000217557 ], [ 566856.338999999687076, 5928549.380000000819564 ], [ 566854.467000001110137, 5928549.812000000849366 ], [ 566855.218000001274049, 5928553.438000002875924 ], [ 566855.617000000551343, 5928553.344999996945262 ], [ 566855.763000000268221, 5928554.050000000745058 ] ] ] } },
{ "type": "Feature", "properties": { "gebaeude_id": "DEHHALKAJ0000wUo", "dachneig": 8.844, "dachfl_2d": 50.871, "dachfl_3d": 51.765, "area_m2": 50.9 }, "geometry": { "type": "Polygon", "coordinates": [ [ [ 566856.814000002108514, 5928532.167999999597669 ], [ 566853.550999999977648, 5928532.691000001505017 ], [ 566853.879999999888241, 5928534.435000000521541 ], [ 566853.88300000037998, 5928534.454000001773238 ], [ 566856.667999999597669, 5928536.398000001907349 ], [ 566856.833999999798834, 5928536.368999999016523 ], [ 566857.142000000923872, 5928536.315999999642372 ], [ 566857.671000001952052, 5928536.226000001654029 ], [ 566858.010000000707805, 5928536.168000001460314 ], [ 566858.172000001184642, 5928536.140000000596046 ], [ 566858.245000001043081, 5928536.562000002712011 ], [ 566866.353000001050532, 5928535.117000002413988 ], [ 566865.750000000931323, 5928530.735999999567866 ], [ 566862.308000001125038, 5928531.287000002339482 ], [ 566856.814000002108514, 5928532.167999999597669 ] ] ] } },
{ "type": "Feature", "properties": { "gebaeude_id": "DEHHALKAJ0000wUo", "dachneig": 12.03, "dachfl_2d": 18.376, "dachfl_3d": 18.779, "area_m2": 18.4 }, "geometry": { "type": "Polygon", "coordinates": [ [ [ 566856.338999999687076, 5928549.380000000819564 ], [ 566853.411000001244247, 5928535.597000000998378 ], [ 566852.845999999903142, 5928535.752000000327826 ], [ 566852.169000000692904, 5928535.939000001177192 ], [ 566852.176000001840293, 5928535.973000001162291 ], [ 566852.496000001206994, 5928537.50000000372529 ], [ 566855.045000000856817, 5928549.677999999374151 ], [ 566856.338999999687076, 5928549.380000000819564 ] ] ] } },
{ "type": "Feature", "properties": { "gebaeude_id": "DEHHALKAJ0000wUo", "dachneig": 9.79, "dachfl_2d": 78.904, "dachfl_3d": 80.089, "area_m2": 78.9 }, "geometry": { "type": "Polygon", "coordinates": [ [ [ 566862.308000001125038, 5928531.287000002339482 ], [ 566860.677000001072884, 5928517.298000000417233 ], [ 566855.094000000506639, 5928518.205 ], [ 566856.814000002108514, 5928532.167999999597669 ], [ 566862.308000001125038, 5928531.287000002339482 ] ] ] } },
{ "type": "Feature", "properties": { "gebaeude_id": "DEHHALKAJ0000vQo", "dachneig": 3.191, "dachfl_2d": 275.733, "dachfl_3d": 276.018, "area_m2": 178.0 }, "geometry": { "type": "Polygon", "coordinates": [ [ [ 566992.873999999836087, 5928051.193000001832843 ], [ 566992.504000000655651, 5928051.211000001057982 ], [ 566992.458999999798834, 5928050.27000000141561 ], [ 566989.946999999694526, 5928050.347999999299645 ], [ 566990.108, 5928054.097000002861023 ], [ 566991.141000000759959, 5928054.048000002279878 ], [ 566991.552999999374151, 5928063.34600000269711 ], [ 566997.966000000946224, 5928062.867000000551343 ], [ 566998.118000000715256, 5928062.855999998748302 ], [ 566998.303000000305474, 5928062.842000002041459 ], [ 566998.314000000245869, 5928062.841000001877546 ], [ 566998.705000000074506, 5928062.811999998986721 ], [ 567000.099999999976717, 5928062.707767937332392 ], [ 567000.099999999976717, 5928040.186693815514445 ], [ 566995.157000000588596, 5928037.580999998375773 ], [ 566994.529000000096858, 5928038.79900000244379 ], [ 566996.214999999850988, 5928044.04700000025332 ], [ 566997.120000001043081, 5928044.435000000521541 ], [ 566997.201000000350177, 5928044.429999999701977 ], [ 566998.118000000715256, 5928044.372999999672174 ], [ 566998.131000000052154, 5928044.582000000402331 ], [ 566998.178999999538064, 5928045.338000001385808 ], [ 566998.18300000205636, 5928045.400000002235174 ], [ 566997.628000001423061, 5928045.435000000521541 ], [ 566997.380000000819564, 5928045.451000003144145 ], [ 566997.153000000864267, 5928045.464999999850988 ], [ 566997.12400000076741, 5928045.004000002518296 ], [ 566997.118999999947846, 5928044.916000002995133 ], [ 566997.109000001102686, 5928044.759000001475215 ], [ 566996.218000000342727, 5928044.093000002205372 ], [ 566996.268000000156462, 5928044.824000004678965 ], [ 566996.29600000102073, 5928045.234999999403954 ], [ 566996.340000001713634, 5928045.882000001147389 ], [ 566995.552000000141561, 5928045.935000002384186 ], [ 566995.519000000320375, 5928045.449999997392297 ], [ 566995.46999999973923, 5928044.738000001758337 ], [ 566995.427000001072884, 5928044.101000001654029 ], [ 566996.161000001244247, 5928044.051000000908971 ], [ 566993.028000000864267, 5928041.711000002920628 ], [ 566991.678999999538064, 5928044.329 ], [ 566991.506000001914799, 5928044.666000001132488 ], [ 566991.49900000076741, 5928044.679000001400709 ], [ 566991.406999999657273, 5928044.859000002965331 ], [ 566990.946999998763204, 5928045.751000003889203 ], [ 566992.261000000871718, 5928046.35500000230968 ], [ 566992.383000001311302, 5928048.707999998703599 ], [ 566995.942000000737607, 5928048.536000000312924 ], [ 566996.063000000081956, 5928051.039000002667308 ], [ 566992.873999999836087, 5928051.193000001832843 ] ], [ [ 566997.469000001437962, 5928049.424000000581145 ], [ 566997.4510000012815, 5928048.590000001713634 ], [ 566997.548999999649823, 5928048.587999999523163 ], [ 566997.871999999508262, 5928048.581000000238419 ], [ 566997.891000001691282, 5928049.41499999910593 ], [ 566997.593000001274049, 5928049.421000001952052 ], [ 566997.469000001437962, 5928049.424000000581145 ] ], [ [ 566994.395999999716878, 5928044.622000001370907 ], [ 566994.271000000648201, 5928044.900000000372529 ], [ 566993.909000000916421, 5928044.737000001594424 ], [ 566993.980999999679625, 5928044.576999999582767 ], [ 566994.298000000417233, 5928043.872999999672174 ], [ 566994.660000000149012, 5928044.03600000217557 ], [ 566994.395999999716878, 5928044.622000001370907 ] ], [ [ 566997.763000001199543, 5928055.816000001505017 ], [ 566997.720000000670552, 5928054.81700000166893 ], [ 566997.882999999448657, 5928054.809999998658895 ], [ 566999.112000000663102, 5928054.756999999284744 ], [ 566999.155000001192093, 5928055.756000004708767 ], [ 566997.935999999754131, 5928055.809000000357628 ], [ 566997.763000001199543, 5928055.816000001505017 ] ], [ [ 566992.893000001087785, 5928052.719000002369285 ], [ 566991.67100000102073, 5928052.759999999776483 ], [ 566991.664000000804663, 5928052.549000000581145 ], [ 566991.629999999888241, 5928051.521999998018146 ], [ 566992.027000000700355, 5928051.50899999961257 ], [ 566992.851000000722706, 5928051.481000002473593 ], [ 566992.893000001087785, 5928052.719000002369285 ] ], [ [ 566998.748000000603497, 5928051.821000002324581 ], [ 566998.841000000946224, 5928053.757000003010035 ], [ 566998.054999999701977, 5928053.795 ], [ 566997.96100000012666, 5928051.859000004827976 ], [ 566998.748000000603497, 5928051.821000002324581 ] ], [ [ 566995.075000000186265, 5928055.606000000610948 ], [ 566995.103000001981854, 5928056.150000000372529 ], [ 566995.175000000745058, 5928057.535000002011657 ], [ 566994.152000000700355, 5928057.588000001385808 ], [ 566994.052000000141561, 5928055.659 ], [ 566994.862999999895692, 5928055.617000002413988 ], [ 566995.075000000186265, 5928055.606000000610948 ] ] ] } },
{ "type": "Feature", "properties": { "gebaeude_id": "DEHHALKAJ0000vSm", "dachneig": 3.256, "dachfl_2d": 135.077, "dachfl_3d": 135.289, "area_m2": 135.1 }, "geometry": { "type": "Polygon", "coordinates": [ [ [ 566994.543999998830259, 5928037.809999998658895 ], [ 566994.579000000841916, 5928037.739999998360872 ], [ 566996.941000001505017, 5928032.99100000038743 ], [ 566997.037000000476837, 5928032.79700000025332 ], [ 566994.483, 5928031.605999998748302 ], [ 566994.84499999973923, 5928030.870000001043081 ], [ 566991.608, 5928029.239 ], [ 566992.186999999918044, 5928028.041000002995133 ], [ 566987.86500000115484, 5928025.832000000402331 ], [ 566987.23200000077486, 5928027.156999999657273 ], [ 566984.751000000163913, 5928025.82799999974668 ], [ 566984.122999999672174, 5928027.068000003695488 ], [ 566980.447000000625849, 5928025.109000001102686 ], [ 566980.252000000327826, 5928025.507000001147389 ], [ 566977.834000001661479, 5928024.301000002771616 ], [ 566977.781999999657273, 5928024.406000001356006 ], [ 566975.98200000077486, 5928028.068 ], [ 566977.078000000678003, 5928028.608000000938773 ], [ 566977.400000000372529, 5928028.765999998897314 ], [ 566976.970999999903142, 5928029.639000002294779 ], [ 566975.553000000305474, 5928028.941000003367662 ], [ 566994.301000001840293, 5928038.302000004798174 ], [ 566994.543999998830259, 5928037.809999998658895 ] ], [ [ 566994.033000000752509, 5928037.879000000655651 ], [ 566993.99199999962002, 5928037.960999999195337 ], [ 566993.943000001832843, 5928038.054999999701977 ], [ 566992.909000001847744, 5928037.525000000372529 ], [ 566993.131000000052154, 5928037.092000000178814 ], [ 566993.269000001251698, 5928037.16300000064075 ], [ 566993.726999999955297, 5928037.398000001907349 ], [ 566994.087000002153218, 5928037.582000000402331 ], [ 566994.165000000037253, 5928037.621999999508262 ], [ 566994.123000000603497, 5928037.704000003635883 ], [ 566994.033000000752509, 5928037.879000000655651 ] ], [ [ 566987.7010000012815, 5928032.410000002011657 ], [ 566986.061000000685453, 5928031.596000000834465 ], [ 566986.419000000692904, 5928030.873999999836087 ], [ 566988.060000002384186, 5928031.688000001013279 ], [ 566987.7010000012815, 5928032.410000002011657 ] ] ] } },
{ "type": "Feature", "properties": { "gebaeude_id": "DEHHALKAJ0000vSm", "dachneig": 2.966, "dachfl_2d": 127.124, "dachfl_3d": 127.287, "area_m2": 127.1 }, "geometry": { "type": "Polygon", "coordinates": [ [ [ 566981.974999999627471, 5928039.18099999986589 ], [ 566982.531000001356006, 5928037.991999998688698 ], [ 566982.747999999672174, 5928038.091000001877546 ], [ 566983.484000002034009, 5928036.590999998152256 ], [ 566985.578000001609325, 5928037.602000001817942 ], [ 566984.563000000081956, 5928039.653000002726912 ], [ 566984.016000001691282, 5928040.760000001639128 ], [ 566990.944000001065433, 5928044.377000004053116 ], [ 566991.21100000012666, 5928044.516000000759959 ], [ 566991.322999999858439, 5928044.291000001132488 ], [ 566994.301000001840293, 5928038.302000004798174 ], [ 566975.553000000305474, 5928028.941000003367662 ], [ 566975.3260000012815, 5928029.401999998837709 ], [ 566972.665000000037253, 5928034.813999997451901 ], [ 566978.861999999731779, 5928037.822999998927116 ], [ 566979.831000001169741, 5928038.294000001624227 ], [ 566979.659000000916421, 5928038.614999998360872 ], [ 566979.64400000218302, 5928038.642000004649162 ], [ 566979.111999999731779, 5928039.634000001475215 ], [ 566981.387000001966953, 5928040.779000002890825 ], [ 566981.946000001393259, 5928039.704000001773238 ], [ 566981.957000001333654, 5928039.682000001892447 ], [ 566981.790000000037253, 5928039.57799999974668 ], [ 566981.974999999627471, 5928039.18099999986589 ] ], [ [ 566981.678000001236796, 5928038.198000002652407 ], [ 566981.212999999523163, 5928037.964999997988343 ], [ 566981.074000000022352, 5928037.899000003933907 ], [ 566980.799000001512468, 5928037.768000001087785 ], [ 566980.845999999903142, 5928037.676000000908971 ], [ 566981.117000001482666, 5928037.813000001013279 ], [ 566982.054999999701977, 5928038.28600000217557 ], [ 566982.014999999664724, 5928038.366000002250075 ], [ 566981.678000001236796, 5928038.198000002652407 ] ], [ [ 566986.844000001437962, 5928034.659999998286366 ], [ 566986.650000001303852, 5928035.030999999493361 ], [ 566985.673000001348555, 5928034.521000001579523 ], [ 566985.867000000551343, 5928034.149000000208616 ], [ 566986.844000001437962, 5928034.659999998286366 ] ], [ [ 566982.705000000074506, 5928033.328000001609325 ], [ 566982.489000000990927, 5928033.771000003442168 ], [ 566981.530999999493361, 5928033.302999999374151 ], [ 566981.746999999508262, 5928032.860000001266599 ], [ 566982.705000000074506, 5928033.328000001609325 ] ], [ [ 566977.105000001378357, 5928031.804000001400709 ], [ 566977.215000000782311, 5928031.591000001877546 ], [ 566977.570000000298023, 5928030.905000004917383 ], [ 566978.574000000953674, 5928031.425000002607703 ], [ 566978.109000000171363, 5928032.322999998927116 ], [ 566977.466000000014901, 5928031.99100000411272 ], [ 566977.464000000618398, 5928031.990000002086163 ], [ 566977.105000001378357, 5928031.804000001400709 ] ], [ [ 566981.935000001452863, 5928037.548000002279878 ], [ 566982.603000000119209, 5928036.171000003814697 ], [ 566983.331000001169741, 5928036.524000002071261 ], [ 566982.66200000140816, 5928037.901000000536442 ], [ 566981.935000001452863, 5928037.548000002279878 ] ], [ [ 566987.582000001333654, 5928036.548000000417233 ], [ 566986.729000001214445, 5928036.126000002026558 ], [ 566987.148000000044703, 5928035.277000002563 ], [ 566987.337000001221895, 5928034.896000001579523 ], [ 566988.189999999478459, 5928035.318000003695488 ], [ 566987.582000001333654, 5928036.548000000417233 ] ], [ [ 566991.07799999974668, 5928038.61600000038743 ], [ 566990.721999999135733, 5928039.337000001221895 ], [ 566989.007000001147389, 5928038.49100000411272 ], [ 566989.362000000663102, 5928037.770000003278255 ], [ 566991.07799999974668, 5928038.61600000038743 ] ], [ [ 566980.233000000938773, 5928033.10700000077486 ], [ 566979.861000000499189, 5928033.833999998867512 ], [ 566978.176999999210238, 5928032.971999999135733 ], [ 566978.549000000581145, 5928032.245000001043081 ], [ 566980.233000000938773, 5928033.10700000077486 ] ] ] } },
{ "type": "Feature", "properties": { "gebaeude_id": "DEHHALKAJ0000vgl", "dachneig": 3.186, "dachfl_2d": 121.113, "dachfl_3d": 121.281, "area_m2": 121.1 }, "geometry": { "type": "Polygon", "coordinates": [ [ [ 566890.049000000581145, 5928052.282999999821186 ], [ 566889.855999999679625, 5928052.190999999642372 ], [ 566889.688000000081956, 5928052.537000002339482 ], [ 566890.006000000052154, 5928052.697999998927116 ], [ 566889.534000000916421, 5928053.628000002354383 ], [ 566889.23200000077486, 5928053.474999997764826 ], [ 566887.80599999986589, 5928056.410000000149012 ], [ 566888.043999999761581, 5928056.535000000149012 ], [ 566887.571000001393259, 5928057.434000002220273 ], [ 566887.362000000663102, 5928057.324000002816319 ], [ 566885.765999999828637, 5928060.607999999076128 ], [ 566886.391000001691282, 5928060.575000002980232 ], [ 566887.221000000834465, 5928060.531000001356006 ], [ 566892.698000000789762, 5928060.23900000192225 ], [ 566892.614000000990927, 5928058.379999998956919 ], [ 566892.597000000998378, 5928058.003000002354383 ], [ 566894.052000000141561, 5928055.153000002726912 ], [ 566894.969000000506639, 5928053.355999998748302 ], [ 566895.259000000543892, 5928053.480000004172325 ], [ 566894.652999999932945, 5928054.727 ], [ 566892.802000001072884, 5928058.304999999701977 ], [ 566892.902999999932945, 5928060.869000000879169 ], [ 566893.524000000208616, 5928060.839000001549721 ], [ 566893.414000000804663, 5928058.061000002548099 ], [ 566895.418999999761581, 5928054.185000002384186 ], [ 566896.423999999649823, 5928054.702000001445413 ], [ 566897.037000000476837, 5928055.016000002622604 ], [ 566898.765999998897314, 5928051.653000000864267 ], [ 566897.099999999627471, 5928050.800000000745058 ], [ 566900.813000000081956, 5928043.522000001743436 ], [ 566900.175000000745058, 5928043.195000002160668 ], [ 566896.441000000573695, 5928041.282000001519918 ], [ 566896.025000000372529, 5928042.094000000506639 ], [ 566895.716000000946224, 5928041.936000002548099 ], [ 566895.126000000163913, 5928041.633000003173947 ], [ 566895.542000001296401, 5928040.821000000461936 ], [ 566895.41300000064075, 5928040.755000000819564 ], [ 566894.322999999858439, 5928042.998999999836087 ], [ 566894.910000001080334, 5928043.272000003606081 ], [ 566894.486000001430511, 5928044.186000002548099 ], [ 566893.882000000216067, 5928043.905000004917383 ], [ 566891.618999999947846, 5928048.563000001013279 ], [ 566891.780000002123415, 5928048.640999998897314 ], [ 566891.520000000484288, 5928049.17400000244379 ], [ 566891.360000001266599, 5928049.09600000269711 ], [ 566890.68400000128895, 5928050.487000001594424 ], [ 566890.867000001482666, 5928050.574000000953674 ], [ 566890.049000000581145, 5928052.282999999821186 ] ], [ [ 566897.037000000476837, 5928049.895000003278255 ], [ 566896.976999999955297, 5928050.013000000268221 ], [ 566896.408000000752509, 5928051.159000001847744 ], [ 566896.11699999962002, 5928051.009999999776483 ], [ 566896.898000000044703, 5928049.506000002846122 ], [ 566896.997000000439584, 5928049.315000001341105 ], [ 566900.175000000745058, 5928043.195000002160668 ], [ 566897.037000000476837, 5928049.895000003278255 ] ], [ [ 566890.959000000730157, 5928051.04700000025332 ], [ 566891.350000000558794, 5928050.227000003680587 ], [ 566892.111999999731779, 5928050.591 ], [ 566892.661999999545515, 5928050.853000001981854 ], [ 566892.270999999716878, 5928051.673000000417233 ], [ 566891.720999999903142, 5928051.41100000217557 ], [ 566890.959000000730157, 5928051.04700000025332 ] ] ] } },
{ "type": "Feature", "properties": { "gebaeude_id": "DEHHALKAJ0000vgl", "dachneig": 3.257, "dachfl_2d": 175.838, "dachfl_3d": 176.011, "area_m2": 175.8 }, "geometry": { "type": "Polygon", "coordinates": [ [ [ 566879.889000001363456, 5928055.423000002279878 ], [ 566879.944000001996756, 5928055.153999999165535 ], [ 566880.003000000491738, 5928055.038000002503395 ], [ 566880.010999999940395, 5928055.227 ], [ 566880.025000000372529, 5928055.56500000320375 ], [ 566880.244000000879169, 5928060.903000002726912 ], [ 566884.908000000752509, 5928060.65400000102818 ], [ 566884.936000000685453, 5928060.651999998837709 ], [ 566885.272000000812113, 5928060.63399999961257 ], [ 566885.423999999649823, 5928060.626000000163913 ], [ 566886.686000000685453, 5928056.969000002369285 ], [ 566887.159000000916421, 5928056.069000003859401 ], [ 566887.80599999986589, 5928056.410000000149012 ], [ 566889.23200000077486, 5928053.474999997764826 ], [ 566888.140000000596046, 5928052.92 ], [ 566888.611999999731779, 5928051.990999998524785 ], [ 566889.688000000081956, 5928052.537000002339482 ], [ 566889.855999999679625, 5928052.190999999642372 ], [ 566889.364000000990927, 5928051.955000003799796 ], [ 566890.182000000961125, 5928050.245999999344349 ], [ 566890.68400000128895, 5928050.487000001594424 ], [ 566891.360000001266599, 5928049.09600000269711 ], [ 566891.152999999932945, 5928048.996000001206994 ], [ 566891.412000000476837, 5928048.462000001221895 ], [ 566891.618999999947846, 5928048.563000001013279 ], [ 566893.882000000216067, 5928043.905000004917383 ], [ 566893.587000001221895, 5928043.76799999922514 ], [ 566894.011000000871718, 5928042.85500000230968 ], [ 566894.322999999858439, 5928042.998999999836087 ], [ 566895.41300000064075, 5928040.755000000819564 ], [ 566890.569000001065433, 5928038.272000001743436 ], [ 566890.544000000692904, 5928038.260000001639128 ], [ 566890.138000001199543, 5928038.051000000908971 ], [ 566888.711000001989305, 5928040.991999998688698 ], [ 566887.256000000052154, 5928040.252000000327826 ], [ 566884.464999999850988, 5928045.807000001892447 ], [ 566883.441000001505017, 5928045.307000001892447 ], [ 566882.964999999850988, 5928045.07600000500679 ], [ 566880.757000001147389, 5928049.46200000308454 ], [ 566881.866000001318753, 5928049.989 ], [ 566879.484000001102686, 5928054.646999999880791 ], [ 566879.416000001132488, 5928054.779999999329448 ], [ 566879.424000000581145, 5928054.938999999314547 ], [ 566879.764000000432134, 5928061.509999999776483 ], [ 566880.20299999974668, 5928061.487999999895692 ], [ 566879.889000001363456, 5928055.423000002279878 ] ], [ [ 566888.832999999634922, 5928041.582000000402331 ], [ 566888.734000000171363, 5928041.533000001683831 ], [ 566889.044999999925494, 5928041.180000001564622 ], [ 566888.832999999634922, 5928041.582000000402331 ] ], [ [ 566890.375, 5928045.017000002786517 ], [ 566891.189999999478459, 5928043.373000003397465 ], [ 566891.852999999187887, 5928043.701000003144145 ], [ 566891.037999999709427, 5928045.344999998807907 ], [ 566890.375, 5928045.017000002786517 ] ], [ [ 566884.464999999850988, 5928055.947000000625849 ], [ 566885.047000001184642, 5928054.80599999986589 ], [ 566885.334000000730157, 5928054.246000001206994 ], [ 566886.083000000566244, 5928054.629000004380941 ], [ 566885.215000000782311, 5928056.329999998211861 ], [ 566885.143000002019107, 5928056.293000001460314 ], [ 566884.464999999850988, 5928055.947000000625849 ] ] ] } },
{ "type": "Feature", "properties": { "gebaeude_id": "DEHHALKAJ0000vYP", "dachneig": 0.0, "dachfl_2d": 263.855, "dachfl_3d": 264.304, "area_m2": 263.9 }, "geometry": { "type": "Polygon", "coordinates": [ [ [ 566890.935999999754131, 5928034.854000002145767 ], [ 566891.666000000201166, 5928035.209000000730157 ], [ 566891.861999999731779, 5928034.486000001430511 ], [ 566892.385000001639128, 5928034.721999999135733 ], [ 566892.36600000038743, 5928034.756999999284744 ], [ 566891.928000001236796, 5928035.596999999135733 ], [ 566890.82799999974668, 5928037.706000000238419 ], [ 566890.856999999843538, 5928037.72100000269711 ], [ 566894.726000000722706, 5928039.737999999895692 ], [ 566895.175999999977648, 5928039.973000001162291 ], [ 566895.66300000064075, 5928040.227000003680587 ], [ 566895.683000001125038, 5928040.236999999731779 ], [ 566895.891000000759959, 5928040.34600000269711 ], [ 566895.997999999672174, 5928040.401000000536442 ], [ 566896.207000001333654, 5928040.511 ], [ 566896.212000001221895, 5928040.513000002130866 ], [ 566900.428000000305474, 5928042.710000002756715 ], [ 566901.063000001013279, 5928043.041999999433756 ], [ 566901.469000000506639, 5928043.253000002354383 ], [ 566906.080000000074506, 5928034.21000000461936 ], [ 566906.677000001072884, 5928034.482999999076128 ], [ 566906.398000000044703, 5928035.03800000064075 ], [ 566907.861999998800457, 5928035.769000003114343 ], [ 566908.087999999523163, 5928035.320000000298023 ], [ 566908.158000001683831, 5928035.180000001564622 ], [ 566909.543000001460314, 5928032.427999999374151 ], [ 566908.065000001341105, 5928031.721999999135733 ], [ 566911.777999999932945, 5928024.302000002935529 ], [ 566910.891000001691282, 5928023.838999999687076 ], [ 566910.846000000834465, 5928023.915000000968575 ], [ 566910.566999999806285, 5928024.458000000566244 ], [ 566905.659000000916421, 5928021.977999998256564 ], [ 566905.512000000104308, 5928021.903000002726912 ], [ 566905.427000001072884, 5928022.071000004187226 ], [ 566904.945000001229346, 5928023.024000002071261 ], [ 566904.105000000447035, 5928022.599000001326203 ], [ 566903.96000000089407, 5928022.526000004261732 ], [ 566904.527000000700355, 5928021.405000001192093 ], [ 566904.298000001348555, 5928021.290000000968575 ], [ 566901.201000002212822, 5928019.723999999463558 ], [ 566900.157999999821186, 5928021.769999999552965 ], [ 566899.790000000037253, 5928022.493000000715256 ], [ 566899.376000002026558, 5928022.264000002294779 ], [ 566899.360000001266599, 5928022.256000002846122 ], [ 566897.919999999925494, 5928024.982999999076128 ], [ 566897.860000001266599, 5928025.09600000269711 ], [ 566897.400999999605119, 5928025.964999999850988 ], [ 566897.247000000439584, 5928025.888999998569489 ], [ 566896.853000000119209, 5928025.694000003859401 ], [ 566897.29600000102073, 5928025.321000002324581 ], [ 566896.241000002250075, 5928024.786000000312924 ], [ 566894.88399999961257, 5928027.35500000230968 ], [ 566893.57700000051409, 5928026.631000002846122 ], [ 566891.412000000476837, 5928030.955000001937151 ], [ 566892.641000000759959, 5928031.610999999567866 ], [ 566890.935999999754131, 5928034.854000002145767 ] ], [ [ 566892.641000000759959, 5928031.610999999567866 ], [ 566892.957999999634922, 5928031.009999999776483 ], [ 566892.981000000610948, 5928031.023000003769994 ], [ 566893.39299999922514, 5928031.261000001803041 ], [ 566892.871000001206994, 5928032.267000000923872 ], [ 566892.851999999955297, 5928032.30599999986589 ], [ 566892.016000001691282, 5928033.916000001132488 ], [ 566892.641000000759959, 5928031.610999999567866 ] ], [ [ 566907.789000001735985, 5928032.272000001743436 ], [ 566907.775999999605119, 5928032.265000004321337 ], [ 566907.221000000834465, 5928031.96900000423193 ], [ 566907.826999999582767, 5928030.760000001639128 ], [ 566909.642000000923872, 5928027.14299999922514 ], [ 566908.065000001341105, 5928031.721999999135733 ], [ 566907.789000001735985, 5928032.272000001743436 ] ], [ [ 566896.032000000588596, 5928026.387000001966953 ], [ 566895.08600000012666, 5928028.093000002205372 ], [ 566894.936000000685453, 5928028.019000003114343 ], [ 566894.632000001147389, 5928027.871000001206994 ], [ 566894.61600000038743, 5928027.863000001758337 ], [ 566894.88399999961257, 5928027.35500000230968 ], [ 566896.032000000588596, 5928026.387000001966953 ] ], [ [ 566902.678999999538064, 5928028.697999998927116 ], [ 566903.027000000700355, 5928028.888000002130866 ], [ 566902.888000001199543, 5928029.143000001087785 ], [ 566902.539000000804663, 5928028.953000001609325 ], [ 566902.678999999538064, 5928028.697999998927116 ] ], [ [ 566900.316999998874962, 5928032.453000001609325 ], [ 566900.409000000916421, 5928032.498999997973442 ], [ 566900.270999999716878, 5928032.775000000372529 ], [ 566900.177000001072884, 5928032.728000001981854 ], [ 566899.861000000499189, 5928032.570000004023314 ], [ 566899.998999999836087, 5928032.294000001624227 ], [ 566900.316999998874962, 5928032.453000001609325 ] ], [ [ 566895.699000000953674, 5928039.511999998241663 ], [ 566895.808000000193715, 5928039.271000001579523 ], [ 566895.838999999687076, 5928039.201999997720122 ], [ 566896.091000000014901, 5928039.316000001505017 ], [ 566896.224999998696148, 5928039.376000000163913 ], [ 566896.08500000089407, 5928039.686000000685453 ], [ 566896.060000002384186, 5928039.675000002607703 ], [ 566895.831000000238419, 5928039.572000002488494 ], [ 566895.699000000953674, 5928039.511999998241663 ] ], [ [ 566904.870999999344349, 5928024.832999998703599 ], [ 566905.764000000432134, 5928025.269000003114343 ], [ 566905.356000000610948, 5928026.105000004172325 ], [ 566904.463000000454485, 5928025.668999999761581 ], [ 566904.870999999344349, 5928024.832999998703599 ] ], [ [ 566899.650000002235174, 5928033.761000001803041 ], [ 566900.599999999627471, 5928034.27000000141561 ], [ 566900.160000001080334, 5928035.091000001877546 ], [ 566899.225999999791384, 5928034.592000002041459 ], [ 566899.006000000983477, 5928034.473999999463558 ], [ 566899.446000001393259, 5928033.651999998837709 ], [ 566899.650000002235174, 5928033.761000001803041 ] ], [ [ 566902.21100000012666, 5928031.146000001579523 ], [ 566902.988000001758337, 5928031.534000001847744 ], [ 566903.621000000275671, 5928031.849999999627471 ], [ 566903.248000000603497, 5928032.59600000269711 ], [ 566902.61600000038743, 5928032.280000001192093 ], [ 566901.839000001549721, 5928031.891000000759959 ], [ 566902.21100000012666, 5928031.146000001579523 ] ], [ [ 566903.303000000305474, 5928027.897000001743436 ], [ 566904.145000000484288, 5928026.29700000025332 ], [ 566904.802000001072884, 5928026.64300000295043 ], [ 566903.96000000089407, 5928028.243000002577901 ], [ 566903.303000000305474, 5928027.897000001743436 ] ], [ [ 566898.558000001125038, 5928035.901000002399087 ], [ 566899.174999999813735, 5928036.209000000730157 ], [ 566898.372999999672174, 5928037.81500000320375 ], [ 566897.742000000551343, 5928037.501000003889203 ], [ 566897.689000000245869, 5928037.474000003188848 ], [ 566898.49100000038743, 5928035.867000000551343 ], [ 566898.558000001125038, 5928035.901000002399087 ] ], [ [ 566899.015999999828637, 5928031.395999999716878 ], [ 566899.863000000827014, 5928029.799999998882413 ], [ 566900.569000001996756, 5928030.175000004470348 ], [ 566899.722000000998378, 5928031.770999999716878 ], [ 566899.015999999828637, 5928031.395999999716878 ] ] ] } },
{ "type": "Feature", "properties": { "gebaeude_id": "DEHHALKAJ0000wsp", "dachneig": 1.943, "dachfl_2d": 23.359, "dachfl_3d": 23.375, "area_m2": 15.0 }, "geometry": { "type": "Polygon", "coordinates": [ [ [ 566917.152999999932945, 5928001.539000000804663 ], [ 566916.938000001013279, 5928001.956000003963709 ], [ 566916.936999999918044, 5928001.959000002592802 ], [ 566917.574000000953674, 5928002.291999999433756 ], [ 566917.423000000417233, 5928002.582000002264977 ], [ 566917.101999999023974, 5928003.197000002488494 ], [ 566917.088000000454485, 5928003.223000001162291 ], [ 566917.084999999962747, 5928003.229000004008412 ], [ 566919.719999998807907, 5928004.579000001773238 ], [ 566921.556000001728535, 5928000.916000001132488 ], [ 566922.065254322485998, 5927999.900000000372529 ], [ 566917.998038435587659, 5927999.900000000372529 ], [ 566917.152999999932945, 5928001.539000000804663 ] ] ] } },
{ "type": "Feature", "properties": { "gebaeude_id": "DEHHALKAJ0000wsp", "dachneig": 1.7, "dachfl_2d": 270.129, "dachfl_3d": 270.216, "area_m2": 254.7 }, "geometry": { "type": "Polygon", "coordinates": [ [ [ 566908.741000001318753, 5928003.249000001698732 ], [ 566908.239000000990927, 5928004.271000003442168 ], [ 566907.044999999925494, 5928006.708000000566244 ], [ 566906.53800000064075, 5928006.449999999254942 ], [ 566906.290000000037253, 5928006.324000000953674 ], [ 566901.805000000633299, 5928004.041000002995133 ], [ 566900.003000001423061, 5928007.251000000163913 ], [ 566902.052000000141561, 5928008.33700000308454 ], [ 566899.358000001870096, 5928013.398 ], [ 566900.924000000581145, 5928014.179999999701977 ], [ 566900.99900000076741, 5928014.217000002041459 ], [ 566901.322000001557171, 5928014.379000000655651 ], [ 566900.892, 5928015.23000000230968 ], [ 566899.426000000908971, 5928018.136000001803041 ], [ 566903.757000001147389, 5928020.328000001609325 ], [ 566904.39500000141561, 5928020.651000002399087 ], [ 566904.565999999642372, 5928020.736999999731779 ], [ 566904.629000000655651, 5928020.769000001251698 ], [ 566904.841000000946224, 5928020.877000002190471 ], [ 566904.903000000864267, 5928020.908000003546476 ], [ 566905.114000000059605, 5928021.015000004321337 ], [ 566906.025999999605119, 5928021.476000001654029 ], [ 566906.162999998778105, 5928021.545 ], [ 566910.221999999135733, 5928023.599999999627471 ], [ 566910.886000000871718, 5928023.836000001057982 ], [ 566914.335999999195337, 5928017.117999998852611 ], [ 566912.439000000245869, 5928016.149000002071261 ], [ 566913.284000001847744, 5928014.455000001937151 ], [ 566914.209999999962747, 5928014.907999999821186 ], [ 566916.127000001259148, 5928011.159000001847744 ], [ 566916.032999999821186, 5928011.116999998688698 ], [ 566916.752000000327826, 5928009.69200000166893 ], [ 566916.526000000536442, 5928009.571000000461936 ], [ 566915.703999999910593, 5928009.153000002726912 ], [ 566916.526000000536442, 5928007.537000002339482 ], [ 566916.71999999973923, 5928007.634999999776483 ], [ 566917.321000002324581, 5928006.444000001996756 ], [ 566914.598000001162291, 5928005.096000000834465 ], [ 566915.193000001832843, 5928003.917999999597669 ], [ 566915.660000000149012, 5928002.993000002577901 ], [ 566915.862999999895692, 5928002.592000002041459 ], [ 566915.88300000037998, 5928002.552999999374151 ], [ 566916.352000000886619, 5928001.65400000102818 ], [ 566916.353000001981854, 5928001.651999998837709 ], [ 566917.275485850172117, 5927999.900000000372529 ], [ 566910.383388011017814, 5927999.900000000372529 ], [ 566908.741000001318753, 5928003.249000001698732 ] ], [ [ 566904.464999999850988, 5928020.182000001892447 ], [ 566904.333000000566244, 5928020.120000001043081 ], [ 566904.543000000528991, 5928019.670000001788139 ], [ 566904.700000001117587, 5928019.331000003963709 ], [ 566905.084999999031425, 5928019.510000001639128 ], [ 566904.718000001274049, 5928020.2989999987185 ], [ 566904.464999999850988, 5928020.182000001892447 ] ], [ [ 566905.811000000685453, 5928012.525000002235174 ], [ 566906.032999999821186, 5928012.095000000670552 ], [ 566907.037000000476837, 5928012.614000003784895 ], [ 566906.814000000245869, 5928013.043999999761581 ], [ 566905.811000000685453, 5928012.525000002235174 ] ], [ [ 566912.576000000350177, 5928007.560000000521541 ], [ 566912.917999999597669, 5928007.736999999731779 ], [ 566913.208000000566244, 5928007.888000000268221 ], [ 566912.513000001199543, 5928009.229000002145767 ], [ 566911.881000001914799, 5928008.901000002399087 ], [ 566912.576000000350177, 5928007.560000000521541 ] ], [ [ 566913.942000000737607, 5928003.298000002279878 ], [ 566914.400000001303852, 5928002.368000000715256 ], [ 566915.071999999694526, 5928002.700000001117587 ], [ 566915.340000000782311, 5928002.832000000402331 ], [ 566914.882000000216067, 5928003.761000001803041 ], [ 566914.863999999128282, 5928003.752000000327826 ], [ 566913.942000000737607, 5928003.298000002279878 ] ], [ [ 566907.640000000596046, 5928014.394999999552965 ], [ 566907.457999999634922, 5928014.313000001013279 ], [ 566907.878000002354383, 5928013.384999999776483 ], [ 566908.08500000089407, 5928013.478000000119209 ], [ 566908.871999999508262, 5928013.83500000089407 ], [ 566908.455000000074506, 5928014.754000000655651 ], [ 566908.451000000350177, 5928014.763000000268221 ], [ 566907.640000000596046, 5928014.394999999552965 ] ], [ [ 566907.166000001132488, 5928007.57799999974668 ], [ 566906.669999999925494, 5928008.566999999806285 ], [ 566906.251000001095235, 5928008.35700000077486 ], [ 566905.754999999888241, 5928008.107999999076128 ], [ 566906.251000001095235, 5928007.119000000879169 ], [ 566906.423999999649823, 5928007.205999998375773 ], [ 566907.166000001132488, 5928007.57799999974668 ] ], [ [ 566908.722000000067055, 5928010.333999998867512 ], [ 566909.545000000856817, 5928008.706000002101064 ], [ 566910.207000000402331, 5928009.03999999910593 ], [ 566909.38300000037998, 5928010.669000001624227 ], [ 566908.722000000067055, 5928010.333999998867512 ] ], [ [ 566914.671999999321997, 5928000.405999999493361 ], [ 566913.860000001266599, 5928002.00000000372529 ], [ 566913.690000001341105, 5928001.914000000804663 ], [ 566913.158999999985099, 5928001.64299999922514 ], [ 566913.971000001765788, 5928000.050000002607703 ], [ 566914.470999999903142, 5928000.303999999538064 ], [ 566914.671999999321997, 5928000.405999999493361 ] ], [ [ 566913.440000000409782, 5928012.745000001043081 ], [ 566912.31900000013411, 5928012.203000003471971 ], [ 566912.890999999828637, 5928011.023000001907349 ], [ 566914.010999999009073, 5928011.565000001341105 ], [ 566913.440000000409782, 5928012.745000001043081 ] ], [ [ 566906.201000002212822, 5928014.973999999463558 ], [ 566906.967000001110137, 5928015.362000001594424 ], [ 566906.071000000461936, 5928017.131000004708767 ], [ 566905.303999999538064, 5928016.743000000715256 ], [ 566906.201000002212822, 5928014.973999999463558 ] ] ] } },
{ "type": "Feature", "properties": { "gebaeude_id": "DEHHALKAJ0000w5A", "dachneig": 2.141, "dachfl_2d": 194.446, "dachfl_3d": 194.563, "area_m2": 192.5 }, "geometry": { "type": "Polygon", "coordinates": [ [ [ 566935.699000000022352, 5928011.322999997064471 ], [ 566937.885999999009073, 5928007.055000003427267 ], [ 566937.622000000439584, 5928006.918000003322959 ], [ 566937.753999999724329, 5928006.653999999165535 ], [ 566937.744000000879169, 5928006.650000000372529 ], [ 566930.32799999974668, 5928002.773000001907349 ], [ 566929.795000001788139, 5928003.828000001609325 ], [ 566925.992999999783933, 5928001.859999999403954 ], [ 566926.621999999508262, 5928000.66300000064075 ], [ 566925.134982638992369, 5927999.900000000372529 ], [ 566922.065255228895694, 5927999.900000000372529 ], [ 566919.719999998807907, 5928004.579000001773238 ], [ 566917.079000000841916, 5928009.848000003024936 ], [ 566917.053000001236796, 5928009.899000002071261 ], [ 566920.269000000320375, 5928011.526999998837709 ], [ 566921.889999999664724, 5928008.325000001117587 ], [ 566924.266000000759959, 5928009.528000000864267 ], [ 566922.645999999716878, 5928012.729000004008412 ], [ 566925.423000002279878, 5928014.134999999776483 ], [ 566924.996000001206994, 5928014.960000002756715 ], [ 566929.763000000268221, 5928017.314000001177192 ], [ 566930.497999999672174, 5928015.870999999344349 ], [ 566932.797000001184642, 5928016.984000002965331 ], [ 566935.251000000163913, 5928012.197000000625849 ], [ 566935.699000000022352, 5928011.322999997064471 ] ], [ [ 566924.308000000193715, 5928008.184000000357628 ], [ 566924.021000000648201, 5928008.791000002995133 ], [ 566923.511000000871718, 5928008.5489999987185 ], [ 566923.79700000025332, 5928007.94200000166893 ], [ 566924.308000000193715, 5928008.184000000357628 ] ], [ [ 566922.791000001132488, 5928008.203000001609325 ], [ 566923.097000000067055, 5928007.591 ], [ 566923.731000000610948, 5928007.908000003546476 ], [ 566923.424000000581145, 5928008.52000000141561 ], [ 566922.791000001132488, 5928008.203000001609325 ] ], [ [ 566931.781999999657273, 5928012.881000000983477 ], [ 566932.346000000834465, 5928013.135000003501773 ], [ 566931.923000002279878, 5928014.072999998927116 ], [ 566931.080000001005828, 5928013.693 ], [ 566931.412999999709427, 5928012.954000003635883 ], [ 566931.503000001423061, 5928012.754999998956919 ], [ 566931.781999999657273, 5928012.881000000983477 ] ], [ [ 566926.191000001505017, 5928011.363999998196959 ], [ 566925.656000000424683, 5928012.40400000102818 ], [ 566924.557000000029802, 5928011.839000001549721 ], [ 566925.092000000178814, 5928010.799000000581145 ], [ 566926.191000001505017, 5928011.363999998196959 ] ], [ [ 566925.647000000812113, 5928005.375000001862645 ], [ 566926.010000001639128, 5928004.665999999269843 ], [ 566927.691999999806285, 5928005.528000000864267 ], [ 566927.329000000841916, 5928006.237000001594424 ], [ 566925.647000000812113, 5928005.375000001862645 ] ], [ [ 566921.690999999642372, 5928006.846999997273088 ], [ 566920.025000001303852, 5928006.068000001832843 ], [ 566920.383000001311302, 5928005.300999999046326 ], [ 566922.050000000745058, 5928006.08 ], [ 566921.690999999642372, 5928006.846999997273088 ] ], [ [ 566930.930000000633299, 5928011.553000003099442 ], [ 566931.3260000012815, 5928010.796000001952052 ], [ 566933.005000000819564, 5928011.674000000581145 ], [ 566932.609000001102686, 5928012.431000001728535 ], [ 566930.930000000633299, 5928011.553000003099442 ] ] ] } },
{ "type": "Feature", "properties": { "gebaeude_id": "DEHHALKAJ0000vXE", "dachneig": 0.0, "dachfl_2d": 118.378, "dachfl_3d": 118.784, "area_m2": 118.4 }, "geometry": { "type": "Polygon", "coordinates": [ [ [ 566939.315999999642372, 5928022.219000002369285 ], [ 566942.658999999985099, 5928023.936000004410744 ], [ 566943.400999999605119, 5928022.449999997392297 ], [ 566944.809000000357628, 5928023.179999999701977 ], [ 566952.986000000499189, 5928026.221000000834465 ], [ 566952.618000001646578, 5928026.059999998658895 ], [ 566952.332999998703599, 5928025.901999998837709 ], [ 566954.773000000044703, 5928021.184000000357628 ], [ 566954.822000000625849, 5928021.091 ], [ 566955.076999998651445, 5928020.597000000998378 ], [ 566949.137000000104308, 5928017.754000004380941 ], [ 566948.563000001013279, 5928018.938000002875924 ], [ 566947.680000001564622, 5928018.509999999776483 ], [ 566948.251000000163913, 5928017.33 ], [ 566948.276999999769032, 5928017.278000000864267 ], [ 566947.825000000186265, 5928017.126000003889203 ], [ 566947.69300000090152, 5928017.401000000536442 ], [ 566946.55599999986589, 5928016.857000004500151 ], [ 566946.688000001013279, 5928016.582000002264977 ], [ 566936.221000000834465, 5928011.573000000789762 ], [ 566937.979000002145767, 5928014.61600000411272 ], [ 566939.49100000038743, 5928015.352000001817942 ], [ 566939.145999999716878, 5928016.061000002548099 ], [ 566938.894000000320375, 5928015.938000004738569 ], [ 566937.514000000432134, 5928015.265999998897314 ], [ 566933.371000000275671, 5928017.271999999880791 ], [ 566933.36600000038743, 5928017.280999999493361 ], [ 566940.044000000692904, 5928020.764000000432134 ], [ 566939.315999999642372, 5928022.219000002369285 ] ], [ [ 566942.646000000648201, 5928021.979000000283122 ], [ 566942.831000000238419, 5928021.626000000163913 ], [ 566944.242999999783933, 5928018.938000002875924 ], [ 566946.350999999791384, 5928020.045000001788139 ], [ 566945.279000000096858, 5928022.225999999791384 ], [ 566944.836000001057982, 5928023.128000000491738 ], [ 566943.515999999828637, 5928022.436000002548099 ], [ 566943.400999999605119, 5928022.449999997392297 ], [ 566942.646000000648201, 5928021.979000000283122 ] ], [ [ 566943.786000000312924, 5928015.731000000610948 ], [ 566943.588999999687076, 5928016.144999999552965 ], [ 566942.492999999783933, 5928015.621000001206994 ], [ 566942.691000001505017, 5928015.207000002264977 ], [ 566943.786000000312924, 5928015.731000000610948 ] ], [ [ 566950.182000000029802, 5928020.559999998658895 ], [ 566950.524000002071261, 5928019.826000003144145 ], [ 566952.271000001579523, 5928020.642000002786517 ], [ 566951.928999999538064, 5928021.375000001862645 ], [ 566950.182000000029802, 5928020.559999998658895 ] ] ] } },
{ "type": "Feature", "properties": { "gebaeude_id": "DEHHALKAJ0000vXE", "dachneig": 5.124, "dachfl_2d": 10.136, "dachfl_3d": 10.177, "area_m2": 10.1 }, "geometry": { "type": "Polygon", "coordinates": [ [ [ 566936.009000000543892, 5928011.995999999344349 ], [ 566933.371000000275671, 5928017.271999999880791 ], [ 566937.514000000432134, 5928015.265999998897314 ], [ 566937.469000000506639, 5928015.243999999016523 ], [ 566937.487000000663102, 5928015.208000002428889 ], [ 566937.814000000245869, 5928014.53600000217557 ], [ 566937.979000002145767, 5928014.61600000411272 ], [ 566936.221000000834465, 5928011.573000000789762 ], [ 566936.216000000014901, 5928011.582000000402331 ], [ 566936.074000000953674, 5928011.865000000223517 ], [ 566936.009000000543892, 5928011.995999999344349 ] ] ] } },
{ "type": "Feature", "properties": { "gebaeude_id": "DEHHALKAJ0000vXE", "dachneig": 6.524, "dachfl_2d": 142.86, "dachfl_3d": 143.409, "area_m2": 142.9 }, "geometry": { "type": "Polygon", "coordinates": [ [ [ 566936.221000000834465, 5928011.573000000789762 ], [ 566946.688000001013279, 5928016.582000002264977 ], [ 566946.772000001743436, 5928016.406999999657273 ], [ 566947.909000000916421, 5928016.9510000012815 ], [ 566947.825000000186265, 5928017.126000003889203 ], [ 566948.276999999769032, 5928017.278000000864267 ], [ 566949.160000001080334, 5928017.706000000238419 ], [ 566949.137000000104308, 5928017.754000004380941 ], [ 566955.076999998651445, 5928020.597000000998378 ], [ 566955.10700000077486, 5928020.539000000804663 ], [ 566955.231000000610948, 5928020.300000000745058 ], [ 566955.462000002153218, 5928019.853000000119209 ], [ 566955.77900000102818, 5928019.241000002250075 ], [ 566957.096000000834465, 5928016.696000002324581 ], [ 566957.385000000707805, 5928016.846000000834465 ], [ 566955.807000000029802, 5928019.898 ], [ 566955.610000002197921, 5928020.276999998837709 ], [ 566955.467000000178814, 5928020.554000003263354 ], [ 566955.397000000812113, 5928020.689000001177192 ], [ 566955.372000000439584, 5928020.737999999895692 ], [ 566955.852000000886619, 5928020.968000000342727 ], [ 566958.568000001832843, 5928015.531999999657273 ], [ 566955.558000000193715, 5928014.025000000372529 ], [ 566955.917000001296401, 5928013.353000000119209 ], [ 566952.606000000610948, 5928011.696000000461936 ], [ 566953.218000000342727, 5928010.507999999448657 ], [ 566948.912000000476837, 5928008.229000002145767 ], [ 566948.196000000461936, 5928009.551000002771616 ], [ 566945.70200000051409, 5928008.296000001952052 ], [ 566945.120000000111759, 5928009.431000001728535 ], [ 566941.404000000096858, 5928007.444000003859401 ], [ 566941.19300000090152, 5928007.83 ], [ 566938.725000001490116, 5928006.56500000320375 ], [ 566938.418000001460314, 5928007.179999999701977 ], [ 566938.360999999567866, 5928007.293000001460314 ], [ 566936.648000000976026, 5928010.71900000423193 ], [ 566936.418000000528991, 5928011.178999999538064 ], [ 566936.221000000834465, 5928011.573000000789762 ] ], [ [ 566936.970000000670552, 5928010.86600000038743 ], [ 566937.275000000372529, 5928011.006999999284744 ], [ 566938.069000001065433, 5928011.372999999672174 ], [ 566937.898000000044703, 5928011.743000002577901 ], [ 566936.798999999649823, 5928011.236999999731779 ], [ 566936.867999999783933, 5928011.088000001385808 ], [ 566936.970000000670552, 5928010.86600000038743 ] ], [ [ 566953.821000000461936, 5928019.905999999493361 ], [ 566954.021999999880791, 5928019.496000001206994 ], [ 566954.869000000879169, 5928019.912000000476837 ], [ 566955.182000000029802, 5928020.06500000320375 ], [ 566955.123999999836087, 5928020.185000000521541 ], [ 566954.982000001706183, 5928020.475000003352761 ], [ 566953.821000000461936, 5928019.905999999493361 ] ], [ [ 566948.000000000931323, 5928013.41299999691546 ], [ 566948.285000001080334, 5928012.834000002592802 ], [ 566948.351999999023974, 5928012.697999998927116 ], [ 566950.018000002019107, 5928013.518000001087785 ], [ 566949.665000000037253, 5928014.234000001102686 ], [ 566949.522999999113381, 5928014.164000002667308 ], [ 566948.000000000931323, 5928013.41299999691546 ] ] ] } },
{ "type": "Feature", "properties": { "gebaeude_id": "DEHHALKAJ0000vYC", "dachneig": 3.581, "dachfl_2d": 118.626, "dachfl_3d": 118.807, "area_m2": 118.6 }, "geometry": { "type": "Polygon", "coordinates": [ [ [ 566974.787999999709427, 5928028.927000001072884 ], [ 566974.816999999806285, 5928028.869000000879169 ], [ 566974.877000000327826, 5928028.755000002682209 ], [ 566974.99900000076741, 5928028.518999999389052 ], [ 566975.224999999627471, 5928028.082000000402331 ], [ 566974.824000000953674, 5928022.769999999552965 ], [ 566975.169999999925494, 5928022.083000002428889 ], [ 566972.005000000819564, 5928020.437000000849366 ], [ 566972.611999999731779, 5928019.225999999791384 ], [ 566968.268000000156462, 5928016.981000000610948 ], [ 566967.617000000551343, 5928018.291000001132488 ], [ 566965.119000001810491, 5928017.002000002190471 ], [ 566964.551000000908971, 5928018.118000000715256 ], [ 566960.768000001087785, 5928016.113000001758337 ], [ 566960.549000000581145, 5928016.549000000581145 ], [ 566958.568000001832843, 5928015.531999999657273 ], [ 566956.489000000990927, 5928019.693000003695488 ], [ 566967.737999999895692, 5928025.49100000411272 ], [ 566967.797000002115965, 5928025.379000002518296 ], [ 566968.713999999687076, 5928025.865000002086163 ], [ 566968.660000001080334, 5928025.967000002041459 ], [ 566973.40400000102818, 5928028.41100000217557 ], [ 566973.464999999850988, 5928028.295000001788139 ], [ 566974.183000000193715, 5928028.672000002115965 ], [ 566974.207000000402331, 5928028.627000002190471 ], [ 566974.490000000223517, 5928028.776000000536442 ], [ 566974.409000000916421, 5928028.929999999701977 ], [ 566974.707000000402331, 5928029.083000002428889 ], [ 566974.787999999709427, 5928028.927000001072884 ] ], [ [ 566967.32700000051409, 5928022.160000000149012 ], [ 566969.030000002123415, 5928022.99100000038743 ], [ 566968.656999999657273, 5928023.757000001147389 ], [ 566966.954000000841916, 5928022.926000000908971 ], [ 566967.32700000051409, 5928022.160000000149012 ] ] ] } },
{ "type": "Feature", "properties": { "gebaeude_id": "DEHHALKAJ0000vYC", "dachneig": 2.588, "dachfl_2d": 140.573, "dachfl_3d": 140.705, "area_m2": 140.6 }, "geometry": { "type": "Polygon", "coordinates": [ [ [ 566974.409000000916421, 5928028.929999999701977 ], [ 566974.234000000171363, 5928029.263000002130866 ], [ 566973.951000000350177, 5928029.114000003784895 ], [ 566973.994000000879169, 5928029.032000001519918 ], [ 566973.275999998673797, 5928028.655000003054738 ], [ 566973.40400000102818, 5928028.41100000217557 ], [ 566968.660000001080334, 5928025.967000002041459 ], [ 566967.763000001199543, 5928027.658000001683831 ], [ 566966.846000000834465, 5928027.17200000025332 ], [ 566967.737999999895692, 5928025.49100000411272 ], [ 566956.489000000990927, 5928019.693000003695488 ], [ 566953.171000000089407, 5928026.332000000402331 ], [ 566959.440999999642372, 5928029.493999999016523 ], [ 566958.709000000730157, 5928030.958000000566244 ], [ 566962.021000000648201, 5928032.719999998807907 ], [ 566962.794000000692904, 5928031.182000003755093 ], [ 566961.978000000119209, 5928030.792000001296401 ], [ 566961.985999999567866, 5928030.775000002235174 ], [ 566962.816999999806285, 5928029.037000000476837 ], [ 566963.012000000104308, 5928029.130000000819564 ], [ 566963.696000001393259, 5928027.699000002816319 ], [ 566965.766000000759959, 5928028.689000003039837 ], [ 566964.703999999910593, 5928030.91100000217557 ], [ 566964.243000000715256, 5928031.875000001862645 ], [ 566971.351000000722706, 5928035.583000002428889 ], [ 566974.440999999642372, 5928029.599999997764826 ], [ 566974.480999999679625, 5928029.521999999880791 ], [ 566974.53600000217557, 5928029.415999999269843 ], [ 566974.707000000402331, 5928029.083000002428889 ], [ 566974.409000000916421, 5928028.929999999701977 ] ], [ [ 566966.700000000186265, 5928026.006000000983477 ], [ 566965.99100000038743, 5928025.674000000581145 ], [ 566966.168999999761581, 5928025.292999999597669 ], [ 566966.879000000655651, 5928025.626000002026558 ], [ 566967.253999999724329, 5928025.800999999046326 ], [ 566967.075000000186265, 5928026.182 ], [ 566966.700000000186265, 5928026.006000000983477 ] ], [ [ 566962.860999999567866, 5928024.979000000283122 ], [ 566961.824000000953674, 5928024.463000001385808 ], [ 566962.04700000025332, 5928024.015000004321337 ], [ 566963.084000001661479, 5928024.531000003218651 ], [ 566962.860999999567866, 5928024.979000000283122 ] ], [ [ 566958.391000000759959, 5928023.389000000432134 ], [ 566957.587000001221895, 5928022.96000000089407 ], [ 566958.050000000745058, 5928022.091000001877546 ], [ 566958.854000000283122, 5928022.52000000141561 ], [ 566958.391000000759959, 5928023.389000000432134 ] ], [ [ 566958.019000000320375, 5928024.502000000327826 ], [ 566956.389999999664724, 5928023.68300000205636 ], [ 566956.735000000335276, 5928022.996000001206994 ], [ 566958.364000000990927, 5928023.81500000320375 ], [ 566958.019000000320375, 5928024.502000000327826 ] ], [ [ 566971.344000000506639, 5928030.28999999910593 ], [ 566971.221000000834465, 5928030.53800000064075 ], [ 566970.916000001132488, 5928030.386000001803041 ], [ 566970.35700000077486, 5928030.107999999076128 ], [ 566969.579000000841916, 5928029.719999998807907 ], [ 566969.948000000789762, 5928028.979000000283122 ], [ 566971.590000000782311, 5928029.79700000025332 ], [ 566971.517000000923872, 5928029.943000001832843 ], [ 566971.344000000506639, 5928030.28999999910593 ] ] ] } },
{ "type": "Feature", "properties": { "gebaeude_id": "20210930093556_15", "dachneig": 0.0, "dachfl_2d": 13.507, "dachfl_3d": 13.507, "area_m2": 13.5 }, "geometry": { "type": "Polygon", "coordinates": [ [ [ 566933.131000000983477, 5928074.122000001370907 ], [ 566935.916000000201166, 5928073.971000000834465 ], [ 566935.684000000357628, 5928069.074000002816319 ], [ 566932.966000000014901, 5928069.223000003024936 ], [ 566933.131000000983477, 5928074.122000001370907 ] ] ] } },
{ "type": "Feature", "properties": { "gebaeude_id": "DEHHALKAJ0000wsj", "dachneig": 15.259, "dachfl_2d": 89.475, "dachfl_3d": 93.16, "area_m2": 89.5 }, "geometry": { "type": "Polygon", "coordinates": [ [ [ 566882.968000001274049, 5928086.892000000923872 ], [ 566883.057000001892447, 5928089.098000001162291 ], [ 566897.747000001370907, 5928088.427000002935529 ], [ 566897.510000000707805, 5928083.392000000923872 ], [ 566877.484000000171363, 5928084.287999998778105 ], [ 566877.502000001259148, 5928084.729000002145767 ], [ 566877.601000000722706, 5928087.146999999880791 ], [ 566882.968000001274049, 5928086.892000000923872 ] ] ] } },
{ "type": "Feature", "properties": { "gebaeude_id": "DEHHALKAJ0000wsj", "dachneig": 20.517, "dachfl_2d": 224.72, "dachfl_3d": 240.245, "area_m2": 224.7 }, "geometry": { "type": "Polygon", "coordinates": [ [ [ 566864.089999999850988, 5928069.081000002101064 ], [ 566864.440999999642372, 5928077.226000003516674 ], [ 566870.566000000573695, 5928076.925999999046326 ], [ 566873.810999999754131, 5928076.767000002786517 ], [ 566873.803999999538064, 5928076.602000001817942 ], [ 566892.285000001080334, 5928075.775000000372529 ], [ 566892.292000001296401, 5928075.929000001400709 ], [ 566892.633000002242625, 5928075.918999999761581 ], [ 566892.277999999932945, 5928067.914000000804663 ], [ 566864.089999999850988, 5928069.081000002101064 ] ] ] } },
{ "type": "Feature", "properties": { "gebaeude_id": "DEHHALKAJ0000wsj", "dachneig": 14.857, "dachfl_2d": 131.742, "dachfl_3d": 136.421, "area_m2": 131.7 }, "geometry": { "type": "Polygon", "coordinates": [ [ [ 566873.654000001959503, 5928080.620999999344349 ], [ 566873.717000001110137, 5928080.622000001370907 ], [ 566873.951999999582767, 5928080.626000000163913 ], [ 566873.976999999955297, 5928081.243000002577901 ], [ 566873.978000001050532, 5928081.265000002458692 ], [ 566874.116000002250075, 5928084.535000003874302 ], [ 566874.155000001192093, 5928084.658999998122454 ], [ 566874.201000000350177, 5928084.769999999552965 ], [ 566874.289000000804663, 5928084.927000001072884 ], [ 566874.322000000625849, 5928084.979000000283122 ], [ 566874.385999999940395, 5928085.063000001013279 ], [ 566874.495999999344349, 5928085.182 ], [ 566874.59499999973923, 5928085.269000003114343 ], [ 566874.703999999910593, 5928085.348000003024936 ], [ 566874.86600000038743, 5928085.436999998986721 ], [ 566874.939999999478459, 5928085.471999999135733 ], [ 566875.081000001169741, 5928085.520999999716878 ], [ 566875.25999999884516, 5928085.559999998658895 ], [ 566875.446000002324581, 5928085.579 ], [ 566875.570000000298023, 5928085.57799999974668 ], [ 566875.690000000409782, 5928085.565999999642372 ], [ 566875.808000001125038, 5928085.545000001788139 ], [ 566875.927000001072884, 5928085.513000000268221 ], [ 566876.04600000102073, 5928085.470000000670552 ], [ 566876.16300000064075, 5928085.41499999910593 ], [ 566876.276999999769032, 5928085.348999999463558 ], [ 566876.384999999776483, 5928085.273000003769994 ], [ 566876.485999998636544, 5928085.184999998658895 ], [ 566876.578000000678003, 5928085.088999999687076 ], [ 566876.66100000217557, 5928084.985000003129244 ], [ 566876.733000000938773, 5928084.874000001698732 ], [ 566876.793000001460314, 5928084.758000001311302 ], [ 566876.842000001110137, 5928084.639000000432134 ], [ 566876.879000000655651, 5928084.51799999922514 ], [ 566876.917000001296401, 5928084.273000001907349 ], [ 566876.92100000102073, 5928084.149000002071261 ], [ 566877.063000001944602, 5928084.153000000864267 ], [ 566877.144999999552965, 5928084.155000003054738 ], [ 566877.224000001326203, 5928084.158000001683831 ], [ 566877.21999999973923, 5928084.300000002607703 ], [ 566877.484000000171363, 5928084.287999998778105 ], [ 566897.510000000707805, 5928083.392000000923872 ], [ 566897.287999999709427, 5928077.98900000192225 ], [ 566892.394000001251698, 5928078.259000001475215 ], [ 566892.387000001035631, 5928078.087999999523163 ], [ 566873.905999999493361, 5928078.91499999910593 ], [ 566873.914000000804663, 5928079.042999999597669 ], [ 566873.958999999798834, 5928079.040000000968575 ], [ 566873.966000000014901, 5928079.120000001043081 ], [ 566873.987000000663102, 5928079.342000002041459 ], [ 566873.876000000163913, 5928079.348000003024936 ], [ 566873.864000000059605, 5928079.348000003024936 ], [ 566873.850999999791384, 5928079.349000001326203 ], [ 566873.824000001884997, 5928079.350000001490116 ], [ 566873.810000000521541, 5928079.351000001654029 ], [ 566873.794000000692904, 5928079.352 ], [ 566873.304999999701977, 5928080.62300000153482 ], [ 566873.376000000163913, 5928080.630000000819564 ], [ 566873.448000000789762, 5928080.633000003173947 ], [ 566873.501000001095235, 5928080.632000001147389 ], [ 566873.563000001013279, 5928080.627999998629093 ], [ 566873.589000000618398, 5928080.625 ], [ 566873.632000002078712, 5928080.620999999344349 ], [ 566873.654000001959503, 5928080.620999999344349 ] ] ] } },
{ "type": "Feature", "properties": { "gebaeude_id": "DEHHALKA900014Ln", "dachneig": 3.432, "dachfl_2d": 62.645, "dachfl_3d": 62.868, "area_m2": 62.6 }, "geometry": { "type": "Polygon", "coordinates": [ [ [ 566810.634999999776483, 5928092.708000000566244 ], [ 566806.708999999798834, 5928068.380999999120831 ], [ 566806.216000001877546, 5928068.463999999687076 ], [ 566804.252000002190471, 5928068.794000001624227 ], [ 566808.316999998874962, 5928093.629999998956919 ], [ 566808.398000000976026, 5928094.12300000153482 ], [ 566809.715000000782311, 5928093.898999998345971 ], [ 566810.634999999776483, 5928092.708000000566244 ] ] ] } },
{ "type": "Feature", "properties": { "gebaeude_id": "DEHHALKA900014Ln", "dachneig": 2.702, "dachfl_2d": 50.084, "dachfl_3d": 50.133, "area_m2": 50.1 }, "geometry": { "type": "Polygon", "coordinates": [ [ [ 566806.777999999932945, 5928094.394999999552965 ], [ 566807.680000000633299, 5928094.243000002577901 ], [ 566807.680000000633299, 5928094.237000001594424 ], [ 566807.601999999955297, 5928093.748999999836087 ], [ 566803.648000000976026, 5928068.896000001579523 ], [ 566802.2010000012815, 5928069.139000002294779 ], [ 566801.725000000558794, 5928069.219000002369285 ], [ 566801.707000002264977, 5928069.222000000998378 ], [ 566805.55900000128895, 5928093.503000000491738 ], [ 566806.777999999932945, 5928094.394999999552965 ] ] ] } },
{ "type": "Feature", "properties": { "gebaeude_id": "DEHHALKA900014Ln", "dachneig": 2.564, "dachfl_2d": 46.776, "dachfl_3d": 46.835, "area_m2": 46.8 }, "geometry": { "type": "Polygon", "coordinates": [ [ [ 566805.79600000102073, 5928063.776000004261732 ], [ 566820.647999999113381, 5928055.476999998092651 ], [ 566821.08500000089407, 5928055.234000002965331 ], [ 566820.576000000350177, 5928054.318000001832843 ], [ 566819.364000000990927, 5928054.000000001862645 ], [ 566804.673999999649823, 5928062.237000003457069 ], [ 566804.174999999813735, 5928062.600999999791384 ], [ 566803.71000000089407, 5928063.009000001475215 ], [ 566803.283000000752509, 5928063.456000002101064 ], [ 566802.899000001139939, 5928063.940000005066395 ], [ 566802.55900000128895, 5928064.457000000402331 ], [ 566802.26799999922514, 5928065.002000002190471 ], [ 566802.026000000536442, 5928065.571000000461936 ], [ 566801.836000001057982, 5928066.159 ], [ 566801.70000000204891, 5928066.762000001966953 ], [ 566801.618999999947846, 5928067.375000001862645 ], [ 566801.593000000342727, 5928067.993000000715256 ], [ 566801.622999999672174, 5928068.609999999403954 ], [ 566801.707000002264977, 5928069.222000000998378 ], [ 566801.725000000558794, 5928069.219000002369285 ], [ 566802.200000000186265, 5928069.139000002294779 ], [ 566803.648000000976026, 5928068.896000001579523 ], [ 566803.644000001251698, 5928068.843000002205372 ], [ 566803.575000001117587, 5928067.984000001102686 ], [ 566803.580000001937151, 5928067.449000000953674 ], [ 566803.675999999977648, 5928066.872000001370907 ], [ 566803.854000001214445, 5928066.268999999389052 ], [ 566804.28800000064075, 5928065.355000000447035 ], [ 566804.850999999791384, 5928064.588999999687076 ], [ 566805.79600000102073, 5928063.776000004261732 ] ] ] } },
{ "type": "Feature", "properties": { "gebaeude_id": "DEHHALKA900014Ln", "dachneig": 0.278, "dachfl_2d": 47.901, "dachfl_3d": 47.911, "area_m2": 47.9 }, "geometry": { "type": "Polygon", "coordinates": [ [ [ 566804.529000000096858, 5928066.765000000596046 ], [ 566804.227000000886619, 5928067.9239999987185 ], [ 566804.252000002190471, 5928068.794000001624227 ], [ 566806.216000001877546, 5928068.463999999687076 ], [ 566806.708999999798834, 5928068.380999999120831 ], [ 566806.71000000089407, 5928067.598000003024936 ], [ 566806.852000000886619, 5928067.101000001654029 ], [ 566807.174000000581145, 5928066.726000001654029 ], [ 566807.866000001318753, 5928066.205000001937151 ], [ 566819.839999999850988, 5928059.612999998033047 ], [ 566821.830000001937151, 5928056.571000002324581 ], [ 566821.423000001348555, 5928055.841 ], [ 566820.988000001758337, 5928056.087999999523163 ], [ 566806.28899999987334, 5928064.445000000298023 ], [ 566805.480000001378357, 5928065.051000000908971 ], [ 566804.932000000961125, 5928065.828000001609325 ], [ 566804.529000000096858, 5928066.765000000596046 ] ] ] } },
{ "type": "Feature", "properties": { "gebaeude_id": "DEHHALKAJ00059QU", "dachneig": 5.753, "dachfl_2d": 44.047, "dachfl_3d": 44.274, "area_m2": 44.0 }, "geometry": { "type": "Polygon", "coordinates": [ [ [ 566832.828999999910593, 5928059.764000000432134 ], [ 566833.963999999687076, 5928083.854000002145767 ], [ 566835.294999999925494, 5928083.79700000397861 ], [ 566835.793999999761581, 5928083.775000004097819 ], [ 566834.743999999947846, 5928060.758000003173947 ], [ 566833.626000002026558, 5928059.717000002041459 ], [ 566832.828999999910593, 5928059.759999999776483 ], [ 566832.828999999910593, 5928059.764000000432134 ] ] ] } },
{ "type": "Feature", "properties": { "gebaeude_id": "DEHHALKAJ00059QU", "dachneig": 2.486, "dachfl_2d": 58.448, "dachfl_3d": 58.533, "area_m2": 58.4 }, "geometry": { "type": "Polygon", "coordinates": [ [ [ 566829.748999999836087, 5928063.227000003680587 ], [ 566830.662000000476837, 5928083.99800000153482 ], [ 566831.160000001080334, 5928083.977000001817942 ], [ 566833.228000001050532, 5928083.887000000104308 ], [ 566832.233000000938773, 5928060.350999999791384 ], [ 566832.209000000730157, 5928059.793999997898936 ], [ 566831.992000000551343, 5928059.805000001564622 ], [ 566829.748999999836087, 5928063.227000003680587 ] ] ] } },
{ "type": "Feature", "properties": { "gebaeude_id": "DEHHALKAJ00059QU", "dachneig": 0.812, "dachfl_2d": 52.782, "dachfl_3d": 52.788, "area_m2": 52.8 }, "geometry": { "type": "Polygon", "coordinates": [ [ [ 566831.16200000140816, 5928083.980000000447035 ], [ 566830.662000000476837, 5928083.99800000153482 ], [ 566830.767000001855195, 5928086.708000002428889 ], [ 566830.634999999776483, 5928087.329 ], [ 566830.240000000223517, 5928087.919999998062849 ], [ 566829.761000000871718, 5928088.303999997675419 ], [ 566818.682000000029802, 5928095.361999999731779 ], [ 566818.071999999694526, 5928098.677000001072884 ], [ 566818.168000000528991, 5928098.830000003799796 ], [ 566818.594000000506639, 5928098.555000001564622 ], [ 566832.039000000804663, 5928089.876000002026558 ], [ 566832.521999999880791, 5928089.235000001266599 ], [ 566832.956999999471009, 5928088.133000005036592 ], [ 566833.378000001423061, 5928086.686999998986721 ], [ 566833.265000000596046, 5928083.901000000536442 ], [ 566831.16200000140816, 5928083.980000000447035 ] ] ] } },
{ "type": "Feature", "properties": { "gebaeude_id": "DEHHALKAJ00059QU", "dachneig": 2.696, "dachfl_2d": 45.501, "dachfl_3d": 45.55, "area_m2": 45.5 }, "geometry": { "type": "Polygon", "coordinates": [ [ [ 566818.909000001847744, 5928099.075000001117587 ], [ 566818.497999999672174, 5928099.337000001221895 ], [ 566818.49199999962002, 5928099.341000001877546 ], [ 566818.486999999731779, 5928099.344000000506639 ], [ 566818.884999999776483, 5928099.984000004827976 ], [ 566820.367999999783933, 5928100.33500000089407 ], [ 566832.638000001199543, 5928092.551999999210238 ], [ 566833.804000000469387, 5928091.642000000923872 ], [ 566834.385999999009073, 5928091.026999998837709 ], [ 566834.887000001035631, 5928090.223000004887581 ], [ 566835.517000001855195, 5928088.584000000730157 ], [ 566835.824000000953674, 5928087.481000002473593 ], [ 566835.876000000163913, 5928086.684000000357628 ], [ 566835.793999999761581, 5928083.775000004097819 ], [ 566835.294999999925494, 5928083.79700000397861 ], [ 566833.963999999687076, 5928083.854000002145767 ], [ 566833.90400000102818, 5928083.869000000879169 ], [ 566833.983000000938773, 5928086.920000001788139 ], [ 566833.519999999552965, 5928088.349999999627471 ], [ 566833.042999999597669, 5928089.587000004947186 ], [ 566832.629000000655651, 5928090.199000002816319 ], [ 566831.625, 5928090.95299999974668 ], [ 566818.909000001847744, 5928099.075000001117587 ] ] ] } },
{ "type": "Feature", "properties": { "gebaeude_id": "DEHHALKAJ0000vlA", "dachneig": 0.0, "dachfl_2d": 78.696, "dachfl_3d": 78.696, "area_m2": 78.7 }, "geometry": { "type": "Polygon", "coordinates": [ [ [ 566828.225000000558794, 5928052.282999999821186 ], [ 566827.594000001437962, 5928052.354000000283122 ], [ 566826.972000000067055, 5928052.477 ], [ 566826.363000000827014, 5928052.653000002726912 ], [ 566825.771000001579523, 5928052.879000004380941 ], [ 566825.199000000953674, 5928053.155000001192093 ], [ 566821.284000001847744, 5928059.102 ], [ 566828.258999998681247, 5928063.778000000864267 ], [ 566832.696000001393259, 5928057.035000002011657 ], [ 566832.618999999947846, 5928056.477 ], [ 566832.492999999783933, 5928055.928999999538064 ], [ 566832.317999999038875, 5928055.39500000141561 ], [ 566832.096000000834465, 5928054.878000000491738 ], [ 566831.82799999974668, 5928054.384000001475215 ], [ 566831.515999999828637, 5928053.915000000968575 ], [ 566831.164000000804663, 5928053.477 ], [ 566830.774000000208616, 5928053.072000002488494 ], [ 566830.348000000230968, 5928052.704000001773238 ], [ 566829.49199999962002, 5928052.302000001072884 ], [ 566828.859000000171363, 5928052.266000000759959 ], [ 566828.225000000558794, 5928052.282999999821186 ] ], [ [ 566828.075000001117587, 5928055.269000003114343 ], [ 566827.903000000864267, 5928055.529000002890825 ], [ 566827.343000000342727, 5928055.158000001683831 ], [ 566827.15500000026077, 5928055.034000001847744 ], [ 566827.326000000350177, 5928054.774000002071261 ], [ 566828.075000001117587, 5928055.269000003114343 ] ], [ [ 566827.632000002078712, 5928054.72100000269711 ], [ 566827.457000001333654, 5928054.598999999463558 ], [ 566827.39500000141561, 5928054.556000001728535 ], [ 566827.99199999962002, 5928053.699000000953674 ], [ 566828.228000001050532, 5928053.864000003784895 ], [ 566827.632000002078712, 5928054.72100000269711 ] ] ] } },
{ "type": "Feature", "properties": { "gebaeude_id": "20210930093556_5", "dachneig": 0.0, "dachfl_2d": 18.847, "dachfl_3d": 18.847, "area_m2": 18.8 }, "geometry": { "type": "Polygon", "coordinates": [ [ [ 566785.005000000819564, 5928093.58899999782443 ], [ 566789.612000001594424, 5928092.673000002279878 ], [ 566788.830000001937151, 5928088.737999999895692 ], [ 566784.222000000067055, 5928089.65400000102818 ], [ 566785.005000000819564, 5928093.58899999782443 ] ] ] } },
{ "type": "Feature", "properties": { "gebaeude_id": "20210930093556_271", "dachneig": 0.0, "dachfl_2d": 19.396, "dachfl_3d": 19.396, "area_m2": 19.4 }, "geometry": { "type": "Polygon", "coordinates": [ [ [ 566790.821000001393259, 5928098.594000002369285 ], [ 566790.034000001847744, 5928094.629000000655651 ], [ 566785.327999998815358, 5928095.563000001013279 ], [ 566786.11600000038743, 5928099.528999999165535 ], [ 566790.821000001393259, 5928098.594000002369285 ] ] ] } },
{ "type": "Feature", "properties": { "gebaeude_id": "DEHHALKA4xn0009Y", "dachneig": 0.0, "dachfl_2d": 10.446, "dachfl_3d": 10.446, "area_m2": 10.4 }, "geometry": { "type": "Polygon", "coordinates": [ [ [ 566787.875000000931323, 5928084.238000001758337 ], [ 566783.239000000059605, 5928085.134000001475215 ], [ 566783.659000000916421, 5928087.30599999986589 ], [ 566788.295000000856817, 5928086.410000000149012 ], [ 566787.875000000931323, 5928084.238000001758337 ] ] ] } },
{ "type": "Feature", "properties": { "gebaeude_id": "DEHHALKA4xn0009Z", "dachneig": 0.0, "dachfl_2d": 20.579, "dachfl_3d": 20.579, "area_m2": 20.6 }, "geometry": { "type": "Polygon", "coordinates": [ [ [ 566782.241000001318753, 5928079.583000000566244 ], [ 566783.0760000012815, 5928083.939999999478459 ], [ 566787.632000001147389, 5928083.06700000166893 ], [ 566786.797000001184642, 5928078.710000002756715 ], [ 566782.241000001318753, 5928079.583000000566244 ] ] ] } },
{ "type": "Feature", "properties": { "gebaeude_id": "DEHHALKA4xn0009a", "dachneig": 0.0, "dachfl_2d": 20.544, "dachfl_3d": 20.544, "area_m2": 20.5 }, "geometry": { "type": "Polygon", "coordinates": [ [ [ 566785.736999999731779, 5928073.159000001847744 ], [ 566781.224999998696148, 5928073.934999998658895 ], [ 566781.985000001266599, 5928078.357000002637506 ], [ 566786.496999999508262, 5928077.582000000402331 ], [ 566785.736999999731779, 5928073.159000001847744 ] ] ] } },
{ "type": "Feature", "properties": { "gebaeude_id": "DEHHALKA4xn0009b", "dachneig": 0.0, "dachfl_2d": 21.428, "dachfl_3d": 21.428, "area_m2": 21.4 }, "geometry": { "type": "Polygon", "coordinates": [ [ [ 566779.963999999687076, 5928068.324000000953674 ], [ 566780.798000000417233, 5928072.786000000312924 ], [ 566785.438000001013279, 5928071.918000001460314 ], [ 566784.604000000283122, 5928067.456000002101064 ], [ 566779.963999999687076, 5928068.324000000953674 ] ] ] } },
{ "type": "Feature", "properties": { "gebaeude_id": "DEHHALKA4xn0009d", "dachneig": 0.0, "dachfl_2d": 11.171, "dachfl_3d": 11.171, "area_m2": 11.2 }, "geometry": { "type": "Polygon", "coordinates": [ [ [ 566784.417000000365078, 5928066.432 ], [ 566783.968000000342727, 5928064.088000001385808 ], [ 566779.371000001206994, 5928064.96900000423193 ], [ 566779.820000001229346, 5928067.313000001013279 ], [ 566784.417000000365078, 5928066.432 ] ] ] } },
{ "type": "Feature", "properties": { "gebaeude_id": "DEHHALKA4xn0009e", "dachneig": 0.0, "dachfl_2d": 28.489, "dachfl_3d": 28.489, "area_m2": 28.5 }, "geometry": { "type": "Polygon", "coordinates": [ [ [ 566781.791000002063811, 5928052.015999997034669 ], [ 566777.095999999903142, 5928052.94000000320375 ], [ 566778.246000000275671, 5928058.781999997794628 ], [ 566782.939999999478459, 5928057.859000002965331 ], [ 566781.791000002063811, 5928052.015999997034669 ] ] ] } },
{ "type": "Feature", "properties": { "gebaeude_id": "DEHHALKA4xn0009e", "dachneig": 0.0, "dachfl_2d": 27.681, "dachfl_3d": 27.681, "area_m2": 27.7 }, "geometry": { "type": "Polygon", "coordinates": [ [ [ 566778.18099999986589, 5928059.082000002264977 ], [ 566779.280999999493361, 5928064.809999998658895 ], [ 566783.942000000737607, 5928063.914000000804663 ], [ 566782.841000000014901, 5928058.186000004410744 ], [ 566778.18099999986589, 5928059.082000002264977 ] ] ] } },
{ "type": "Feature", "properties": { "gebaeude_id": "DEHHALKAJ00058qk", "dachneig": 0.0, "dachfl_2d": 1783.809, "dachfl_3d": 1783.809, "area_m2": 1783.8 }, "geometry": { "type": "Polygon", "coordinates": [ [ [ 566815.004999998956919, 5928340.865000002086163 ], [ 566815.014000001363456, 5928340.936000002548099 ], [ 566816.632000000216067, 5928340.736000001430511 ], [ 566811.969000001437962, 5928308.18099999986589 ], [ 566805.236000000499189, 5928267.799000000581145 ], [ 566792.934000000357628, 5928195.083000000566244 ], [ 566784.88399999961257, 5928147.815000001341105 ], [ 566776.156999999657273, 5928151.243000000715256 ], [ 566798.632000000216067, 5928284.129999998956919 ], [ 566804.640999999828637, 5928320.377000004053116 ], [ 566807.876000000163913, 5928341.89299999922514 ], [ 566809.419999999925494, 5928341.697999998927116 ], [ 566809.410000001080334, 5928341.623999999836087 ], [ 566815.004999998956919, 5928340.865000002086163 ] ] ] } },
{ "type": "Feature", "properties": { "gebaeude_id": "DEHHALKAJ0000wUS", "dachneig": 4.672, "dachfl_2d": 895.814, "dachfl_3d": 898.41, "area_m2": 847.2 }, "geometry": { "type": "Polygon", "coordinates": [ [ [ 566977.084000000730157, 5928256.332000000402331 ], [ 566977.151000001467764, 5928257.915000000968575 ], [ 566992.334000000730157, 5928257.216 ], [ 566992.264000001363456, 5928255.582000002264977 ], [ 566995.655999999493361, 5928255.44400000013411 ], [ 566995.724000001326203, 5928257.041000002995133 ], [ 566999.735999999567866, 5928256.854000002145767 ], [ 567000.099999999976717, 5928256.837014360353351 ], [ 567000.099999999976717, 5928244.846577162854373 ], [ 566927.206000000238419, 5928248.188000001013279 ], [ 566927.842000002041459, 5928260.28999999910593 ], [ 566936.517, 5928259.875 ], [ 566936.447999999858439, 5928258.24100000038743 ], [ 566939.838999999687076, 5928258.103000000119209 ], [ 566939.907000001519918, 5928259.700000001117587 ], [ 566955.108000000938773, 5928258.947000000625849 ], [ 566955.041000000201166, 5928257.358000000938773 ], [ 566958.433000001125038, 5928257.220000000670552 ], [ 566958.49900000076741, 5928258.790000000968575 ], [ 566973.760999999940395, 5928258.087000001221895 ], [ 566973.691999999806285, 5928256.470000002533197 ], [ 566977.084000000730157, 5928256.332000000402331 ] ], [ [ 566937.271000000648201, 5928252.800000004470348 ], [ 566937.298000001348555, 5928253.232000002637506 ], [ 566936.199000000022352, 5928253.300000000745058 ], [ 566936.17200000025332, 5928252.869000002741814 ], [ 566937.271000000648201, 5928252.800000004470348 ] ], [ [ 566938.453999999910593, 5928252.69400000013411 ], [ 566939.487000000663102, 5928252.664000000804663 ], [ 566939.500000000931323, 5928253.140000004321337 ], [ 566938.468000000342727, 5928253.169000001624227 ], [ 566938.453999999910593, 5928252.69400000013411 ] ], [ [ 566957.109000000171363, 5928251.827000003308058 ], [ 566958.167999998666346, 5928251.780000004917383 ], [ 566958.189000000245869, 5928252.259000001475215 ], [ 566957.129999999888241, 5928252.30599999986589 ], [ 566957.109000000171363, 5928251.827000003308058 ] ], [ [ 566955.923000001348555, 5928252.360000001266599 ], [ 566954.878999999724329, 5928252.418000001460314 ], [ 566954.851000000722706, 5928251.920000003650784 ], [ 566955.896000000648201, 5928251.862000001594424 ], [ 566955.923000001348555, 5928252.360000001266599 ] ], [ [ 566974.599000001326203, 5928251.474999999627471 ], [ 566973.506000001914799, 5928251.519000004976988 ], [ 566973.485000000335276, 5928251.003000000491738 ], [ 566974.579000000841916, 5928250.959000000730157 ], [ 566974.599000001326203, 5928251.474999999627471 ] ], [ [ 566975.638000001199543, 5928251.439999999478459 ], [ 566975.611000001430511, 5928250.890000002458692 ], [ 566976.723000002093613, 5928250.836000001057982 ], [ 566976.75, 5928251.387000000104308 ], [ 566975.638000001199543, 5928251.439999999478459 ] ], [ [ 566995.769000000320375, 5928248.530000003054738 ], [ 566994.571000002324581, 5928248.582000000402331 ], [ 566994.543999998830259, 5928247.962000004947186 ], [ 566995.743000000715256, 5928247.91100000217557 ], [ 566995.769000000320375, 5928248.530000003054738 ] ], [ [ 566956.793999999761581, 5928254.785000000149012 ], [ 566957.7220000019297, 5928254.735999999567866 ], [ 566957.805000000633299, 5928256.293000001460314 ], [ 566956.876000002026558, 5928256.343000002205372 ], [ 566956.793999999761581, 5928254.785000000149012 ] ] ] } },
{ "type": "Feature", "properties": { "gebaeude_id": "DEHHALKA1fo000Be", "dachneig": 10.065, "dachfl_2d": 58.314, "dachfl_3d": 59.099, "area_m2": 58.3 }, "geometry": { "type": "Polygon", "coordinates": [ [ [ 566902.464999999850988, 5928211.51800000295043 ], [ 566902.680000000633299, 5928211.501000003889203 ], [ 566902.681000001728535, 5928211.513000002130866 ], [ 566907.093000001274049, 5928211.41100000217557 ], [ 566906.644000000320375, 5928199.490000002086163 ], [ 566901.697000000625849, 5928199.034000001847744 ], [ 566902.044000000692904, 5928204.678999999538064 ], [ 566902.464999999850988, 5928211.51800000295043 ] ] ] } },
{ "type": "Feature", "properties": { "gebaeude_id": "DEHHALKA1fo000Be", "dachneig": 0.653, "dachfl_2d": 103.625, "dachfl_3d": 103.635, "area_m2": 103.6 }, "geometry": { "type": "Polygon", "coordinates": [ [ [ 566907.152999999001622, 5928212.990000002086163 ], [ 566907.093000001274049, 5928211.41100000217557 ], [ 566902.681000001728535, 5928211.513000002130866 ], [ 566902.685000001452863, 5928211.587000001221895 ], [ 566902.706000000238419, 5928212.032999999821186 ], [ 566902.872000000439584, 5928215.43099999986589 ], [ 566902.897000000812113, 5928215.947000004351139 ], [ 566902.662000000476837, 5928215.958999998867512 ], [ 566902.643999999389052, 5928215.561000002548099 ], [ 566902.464999999850988, 5928211.51800000295043 ], [ 566896.920000000856817, 5928211.802000002935529 ], [ 566897.243999999947846, 5928218.58500000461936 ], [ 566897.344000000506639, 5928218.582000000402331 ], [ 566897.409000000916421, 5928220.776999998837709 ], [ 566897.433000001125038, 5928220.776000002399087 ], [ 566897.51799999922514, 5928222.207000002264977 ], [ 566897.522000001743436, 5928222.283000003546476 ], [ 566907.484000001102686, 5928221.793999999761581 ], [ 566907.152999999001622, 5928212.990000002086163 ] ], [ [ 566902.075000001117587, 5928213.995000001043081 ], [ 566902.00800000037998, 5928212.973999999463558 ], [ 566902.464000000618398, 5928212.944000001996756 ], [ 566902.532000000588596, 5928213.965000001713634 ], [ 566902.075000001117587, 5928213.995000001043081 ] ], [ [ 566899.416000000201166, 5928213.021999999880791 ], [ 566898.467000001110137, 5928213.083000002428889 ], [ 566898.418000000528991, 5928212.322999998927116 ], [ 566899.368000000715256, 5928212.262000000104308 ], [ 566899.416000000201166, 5928213.021999999880791 ] ] ] } },
{ "type": "Feature", "properties": { "gebaeude_id": "DEHHALKA1fo000Be", "dachneig": 0.0, "dachfl_2d": 75.509, "dachfl_3d": 75.509, "area_m2": 75.5 }, "geometry": { "type": "Polygon", "coordinates": [ [ [ 566823.063000000081956, 5928179.645000003278255 ], [ 566823.025000001303852, 5928179.637000003829598 ], [ 566819.035000002011657, 5928179.759000001475215 ], [ 566819.025999999605119, 5928179.708000004291534 ], [ 566818.963000000454485, 5928179.71200000308454 ], [ 566818.455000000074506, 5928179.741999996826053 ], [ 566819.226000000722706, 5928196.282999999821186 ], [ 566823.821000002324581, 5928196.02900000102818 ], [ 566823.063000000081956, 5928179.645000003278255 ] ], [ [ 566822.340000001713634, 5928187.199000000953674 ], [ 566821.416000001132488, 5928187.204 ], [ 566821.414000000804663, 5928186.833000000566244 ], [ 566822.339000000618398, 5928186.82799999974668 ], [ 566822.340000001713634, 5928187.199000000953674 ] ] ] } },
{ "type": "Feature", "properties": { "gebaeude_id": "DEHHALKA1fo000Be", "dachneig": 0.0, "dachfl_2d": 50.157, "dachfl_3d": 50.157, "area_m2": 50.2 }, "geometry": { "type": "Polygon", "coordinates": [ [ [ 566823.74900000076741, 5928196.59600000269711 ], [ 566824.876000001095235, 5928220.375 ], [ 566825.048000000417233, 5928220.531000001356006 ], [ 566830.844000001437962, 5928225.746000001206994 ], [ 566831.025000001303852, 5928225.907999999821186 ], [ 566897.543000000528991, 5928222.741999998688698 ], [ 566897.54600000102073, 5928222.741999998688698 ], [ 566897.51799999922514, 5928222.207000002264977 ], [ 566831.167000001296401, 5928225.387000000104308 ], [ 566825.362000000663102, 5928220.182000001892447 ], [ 566824.218000001274049, 5928196.572000000625849 ], [ 566823.842000001110137, 5928196.586000001057982 ], [ 566823.74900000076741, 5928196.59600000269711 ] ] ] } },
{ "type": "Feature", "properties": { "gebaeude_id": "DEHHALKA1fo000Be", "dachneig": 0.198, "dachfl_2d": 4183.612, "dachfl_3d": 4183.854, "area_m2": 4183.6 }, "geometry": { "type": "Polygon", "coordinates": [ [ [ 566824.430000001564622, 5928170.168999999761581 ], [ 566823.120000001043081, 5928170.247999999672174 ], [ 566823.584999999962747, 5928179.609999997541308 ], [ 566823.586000001057982, 5928179.620000004768372 ], [ 566824.344000001437962, 5928196.004999998956919 ], [ 566824.366000001318753, 5928196.493000000715256 ], [ 566825.707000001333654, 5928196.453000001609325 ], [ 566826.813000000081956, 5928219.504000004380941 ], [ 566831.741000001318753, 5928223.893000001087785 ], [ 566897.236999998800457, 5928220.785000003874302 ], [ 566897.15300000179559, 5928218.588999999687076 ], [ 566893.392000000923872, 5928218.769000001251698 ], [ 566892.586000001057982, 5928201.895999999716878 ], [ 566896.408000000752509, 5928201.713000003248453 ], [ 566895.281999999657273, 5928177.853000000119209 ], [ 566895.275000001303852, 5928177.697000002488494 ], [ 566894.225999999791384, 5928155.491000002250075 ], [ 566894.225999999791384, 5928155.488000003620982 ], [ 566891.45299999974668, 5928155.57799999974668 ], [ 566891.451000002212822, 5928155.57799999974668 ], [ 566879.720000000670552, 5928156.060000000521541 ], [ 566879.103000000119209, 5928156.085000002756715 ], [ 566877.769000000320375, 5928156.140000000596046 ], [ 566877.773000000044703, 5928156.52900000102818 ], [ 566877.007000001147389, 5928156.566999999806285 ], [ 566861.677000000141561, 5928157.335000002756715 ], [ 566861.981999999843538, 5928164.995000001043081 ], [ 566862.013000000268221, 5928166.516000002622604 ], [ 566862.224999999627471, 5928166.502000000327826 ], [ 566862.404000000096858, 5928169.349999999627471 ], [ 566862.162999999709427, 5928169.366000002250075 ], [ 566862.346000001765788, 5928173.078000001609325 ], [ 566841.17200000025332, 5928174.116999998688698 ], [ 566841.013000000268221, 5928170.482000004500151 ], [ 566841.013000000268221, 5928170.48000000230968 ], [ 566840.322000000625849, 5928170.512000003829598 ], [ 566840.189999999478459, 5928167.644000003114343 ], [ 566840.858, 5928167.613000003620982 ], [ 566840.858, 5928167.609999999403954 ], [ 566840.796000000089407, 5928166.362999998033047 ], [ 566840.572000001557171, 5928166.374000001698732 ], [ 566840.284000000916421, 5928166.389000002294779 ], [ 566837.320000001229346, 5928166.537000000476837 ], [ 566837.314000000245869, 5928166.438000002875924 ], [ 566837.304000001400709, 5928166.248999999836087 ], [ 566837.284999999217689, 5928165.905000001192093 ], [ 566836.871999999508262, 5928158.44200000166893 ], [ 566837.165000000968575, 5928158.427999999374151 ], [ 566837.158999999985099, 5928158.185000000521541 ], [ 566833.898000000044703, 5928158.345000000670552 ], [ 566828.7010000012815, 5928158.574000000953674 ], [ 566828.272000000812113, 5928158.593000002205372 ], [ 566823.900000001303852, 5928158.80999999679625 ], [ 566824.314000000245869, 5928167.675999999046326 ], [ 566824.412999999709427, 5928169.804000001400709 ], [ 566824.430000001564622, 5928170.168999999761581 ] ] ] } },
{ "type": "Feature", "properties": { "gebaeude_id": "DEHHALKA1fo000Be", "dachneig": 7.433, "dachfl_2d": 192.294, "dachfl_3d": 193.728, "area_m2": 192.3 }, "geometry": { "type": "Polygon", "coordinates": [ [ [ 566840.777999999932945, 5928165.997000003233552 ], [ 566840.777000000700355, 5928165.986000001430511 ], [ 566840.792999998666346, 5928165.985000001266599 ], [ 566861.981999999843538, 5928164.995000001043081 ], [ 566861.677000000141561, 5928157.335000002756715 ], [ 566852.717000001110137, 5928157.784000001847744 ], [ 566852.297000001184642, 5928157.804999999701977 ], [ 566852.277999999932945, 5928157.441999999806285 ], [ 566851.678999999538064, 5928157.471999999135733 ], [ 566837.904000000096858, 5928158.149000000208616 ], [ 566837.158999999985099, 5928158.185000000521541 ], [ 566837.165000000968575, 5928158.427999999374151 ], [ 566837.594000001437962, 5928166.168999999761581 ], [ 566840.777999999932945, 5928165.997000003233552 ] ] ] } },
{ "type": "Feature", "properties": { "gebaeude_id": "DEHHALKA1fo000Be", "dachneig": 0.0, "dachfl_2d": 1407.507, "dachfl_3d": 1407.507, "area_m2": 1407.5 }, "geometry": { "type": "Polygon", "coordinates": [ [ [ 566958.168999999761581, 5928204.571000002324581 ], [ 566958.031999999657273, 5928202.504999998956919 ], [ 566957.162000000476837, 5928201.673000002279878 ], [ 566957.145999999716878, 5928201.412000002339482 ], [ 566957.030000001192093, 5928201.412000002339482 ], [ 566956.432000000029802, 5928190.177000004798174 ], [ 566939.781000001356006, 5928190.974000001326203 ], [ 566939.990000000223517, 5928195.287999998778105 ], [ 566921.697000000625849, 5928196.173000000417233 ], [ 566921.487999999895692, 5928191.862000001594424 ], [ 566907.031000001356006, 5928192.632000003010035 ], [ 566906.998999999836087, 5928192.366000002250075 ], [ 566901.358, 5928192.632000003010035 ], [ 566901.689000001177192, 5928198.885000003501773 ], [ 566906.883000001311302, 5928199.299000000581145 ], [ 566907.54700000025332, 5928213.001000000163913 ], [ 566907.152999999001622, 5928212.990000002086163 ], [ 566907.484000001102686, 5928221.793999999761581 ], [ 566913.86500000115484, 5928221.557000001892447 ], [ 566913.876000001095235, 5928221.424000000581145 ], [ 566913.002000000327826, 5928221.455000001937151 ], [ 566912.998999998904765, 5928221.120000002905726 ], [ 566957.968000000342727, 5928219.01799999922514 ], [ 566957.42200000025332, 5928205.646000003442168 ], [ 566958.183000001125038, 5928204.789000002667308 ], [ 566958.168999999761581, 5928204.571000002324581 ] ] ] } },
{ "type": "Feature", "properties": { "gebaeude_id": "DEHHALKA1fo000Be", "dachneig": 6.017, "dachfl_2d": 32.246, "dachfl_3d": 32.423, "area_m2": 32.2 }, "geometry": { "type": "Polygon", "coordinates": [ [ [ 566819.172000002115965, 5928177.405000003054738 ], [ 566819.474999999627471, 5928179.127999998629093 ], [ 566819.487999999895692, 5928179.203999998047948 ], [ 566819.5, 5928179.273000001907349 ], [ 566819.885000000707805, 5928179.252999998629093 ], [ 566823.007999999448657, 5928179.093000002205372 ], [ 566823.007000001147389, 5928179.074000000953674 ], [ 566822.932000000961125, 5928177.54700000397861 ], [ 566822.599000002257526, 5928170.774000000208616 ], [ 566820.314000001177192, 5928171.196000002324581 ], [ 566820.207999999634922, 5928171.216 ], [ 566820.041000000201166, 5928171.247000005096197 ], [ 566818.154000000096858, 5928171.594999998807907 ], [ 566819.172000002115965, 5928177.405000003054738 ] ] ] } },
{ "type": "Feature", "properties": { "gebaeude_id": "DEHHALKA1fo000Be", "dachneig": 0.0, "dachfl_2d": 1185.834, "dachfl_3d": 1185.834, "area_m2": 1134.1 }, "geometry": { "type": "Polygon", "coordinates": [ [ [ 566999.486000001430511, 5928156.618999999016523 ], [ 566975.563000001944602, 5928157.712000004947186 ], [ 566976.992999999783933, 5928188.383000005036592 ], [ 566983.267000000923872, 5928188.046000003814697 ], [ 566984.692999999970198, 5928218.149000000208616 ], [ 567000.099999999976717, 5928217.476022521033883 ], [ 567000.099999999976717, 5928215.406892229802907 ], [ 566997.478000001050532, 5928215.53999999910593 ], [ 566997.365999999456108, 5928213.313999999314547 ], [ 567000.099999999976717, 5928213.17516709305346 ], [ 567000.099999999976717, 5928194.060680556111038 ], [ 566999.39400000218302, 5928194.094999998807907 ], [ 566999.332000001333654, 5928192.812000000849366 ], [ 567000.099999999976717, 5928192.774637837894261 ], [ 567000.099999999976717, 5928169.567771927453578 ], [ 566999.486000001430511, 5928156.618999999016523 ] ], [ [ 566984.098000001162291, 5928182.979000000283122 ], [ 566984.097000000998378, 5928183.30800000205636 ], [ 566983.285000002011657, 5928183.303000001236796 ], [ 566983.286000000312924, 5928182.975000001490116 ], [ 566984.098000001162291, 5928182.979000000283122 ] ], [ [ 566990.298000002279878, 5928190.943000001832843 ], [ 566989.959999999962747, 5928190.963999999687076 ], [ 566989.906999999657273, 5928190.110999999567866 ], [ 566990.245000000111759, 5928190.090000001713634 ], [ 566990.298000002279878, 5928190.943000001832843 ] ], [ [ 566984.073000000789762, 5928182.309000002220273 ], [ 566984.100999999791384, 5928182.308000000193715 ], [ 566984.11500000115484, 5928182.686999998986721 ], [ 566984.074000000022352, 5928182.688000001013279 ], [ 566983.263000002130866, 5928182.719000000506639 ], [ 566983.24900000076741, 5928182.341000003740191 ], [ 566983.262000001035631, 5928182.340000001713634 ], [ 566984.073000000789762, 5928182.309000002220273 ] ], [ [ 566997.876000002026558, 5928208.16300000064075 ], [ 566997.864000000990927, 5928207.396999999880791 ], [ 566998.615000000223517, 5928207.38399999961257 ], [ 566998.627000001259148, 5928208.150000002235174 ], [ 566997.876000002026558, 5928208.16300000064075 ] ], [ [ 566997.214000000618398, 5928177.065999999642372 ], [ 566997.175000000745058, 5928177.02000000141561 ], [ 566997.140999999828637, 5928176.967000002041459 ], [ 566997.116000001318753, 5928176.910000002011657 ], [ 566997.099000000394881, 5928176.848999999463558 ], [ 566997.089999999850988, 5928176.78800000064075 ], [ 566997.091000000946224, 5928176.727 ], [ 566997.100000001490116, 5928176.667999999597669 ], [ 566997.11500000115484, 5928176.613000001758337 ], [ 566997.137000001035631, 5928176.564000001177192 ], [ 566997.162999999709427, 5928176.519000001251698 ], [ 566997.192000000737607, 5928176.480000000447035 ], [ 566997.225000000558794, 5928176.44400000013411 ], [ 566997.265000000596046, 5928176.41100000217557 ], [ 566997.310000001452863, 5928176.381000004708767 ], [ 566997.362000000663102, 5928176.357000002637506 ], [ 566997.418000001460314, 5928176.338000001385808 ], [ 566997.478000001050532, 5928176.326999997720122 ], [ 566997.540000001899898, 5928176.325000001117587 ], [ 566997.603000000119209, 5928176.331000002101064 ], [ 566997.66300000064075, 5928176.34599999897182 ], [ 566997.721000001765788, 5928176.370000001043081 ], [ 566997.773000000044703, 5928176.401000002399087 ], [ 566997.820000001229346, 5928176.438000002875924 ], [ 566997.859000000171363, 5928176.479000000283122 ], [ 566997.892, 5928176.521999999880791 ], [ 566997.917999999597669, 5928176.566999999806285 ], [ 566997.937000000849366, 5928176.612000001594424 ], [ 566997.9510000012815, 5928176.659 ], [ 566997.959999999962747, 5928176.71000000089407 ], [ 566997.963000000454485, 5928176.764000002294779 ], [ 566997.959000000730157, 5928176.821000002324581 ], [ 566997.946999999694526, 5928176.879000002518296 ], [ 566997.926000000908971, 5928176.936000002548099 ], [ 566997.897000000812113, 5928176.99100000038743 ], [ 566997.860000001266599, 5928177.042000001296401 ], [ 566997.816999999806285, 5928177.08700000308454 ], [ 566997.767000000923872, 5928177.125000001862645 ], [ 566997.714000000618398, 5928177.154999999329448 ], [ 566997.659000000916421, 5928177.176999999210238 ], [ 566997.604000001214445, 5928177.191000001505017 ], [ 566997.550000000745058, 5928177.197000002488494 ], [ 566997.497999999672174, 5928177.197000002488494 ], [ 566997.450000000186265, 5928177.191000001505017 ], [ 566997.40300000179559, 5928177.179999997839332 ], [ 566997.354000001214445, 5928177.162000002339482 ], [ 566997.305000000633299, 5928177.138000000268221 ], [ 566997.25800000037998, 5928177.106000000610948 ], [ 566997.214000000618398, 5928177.065999999642372 ] ], [ [ 566997.127000001259148, 5928201.178999999538064 ], [ 566996.567999999038875, 5928201.186999998986721 ], [ 566996.552000001072884, 5928200.020999997854233 ], [ 566997.110000000335276, 5928200.013000000268221 ], [ 566997.127000001259148, 5928201.178999999538064 ] ], [ [ 566991.350000000558794, 5928190.797000002115965 ], [ 566990.527999999932945, 5928190.846999999135733 ], [ 566990.480999999679625, 5928190.0760000012815 ], [ 566990.471000000834465, 5928189.919000003486872 ], [ 566991.293999999761581, 5928189.869000000879169 ], [ 566991.350000000558794, 5928190.797000002115965 ] ], [ [ 566995.363000000827014, 5928170.666999999433756 ], [ 566995.274000000208616, 5928168.417999999597669 ], [ 566998.807000000029802, 5928168.280000003054738 ], [ 566998.894999999552965, 5928170.528000000864267 ], [ 566995.363000000827014, 5928170.666999999433756 ] ], [ [ 566978.946000002324581, 5928171.539000000804663 ], [ 566978.798000002279878, 5928167.949000002816319 ], [ 566981.069000001996756, 5928167.85500000230968 ], [ 566981.217000002041459, 5928171.444999998435378 ], [ 566978.946000002324581, 5928171.539000000804663 ] ], [ [ 566988.457000001333654, 5928201.133000001311302 ], [ 566986.084999999962747, 5928201.236999999731779 ], [ 566985.928000000305474, 5928197.621000003069639 ], [ 566988.300000001676381, 5928197.517000000923872 ], [ 566988.457000001333654, 5928201.133000001311302 ] ], [ [ 566979.040000000968575, 5928179.802000001072884 ], [ 566978.859000001102686, 5928174.480999998748302 ], [ 566983.879000001586974, 5928174.310000000521541 ], [ 566985.834999999962747, 5928174.244000000879169 ], [ 566987.215000000782311, 5928174.197000002488494 ], [ 566987.396000000648201, 5928179.51799999922514 ], [ 566986.015999999828637, 5928179.564000001177192 ], [ 566984.060000001452863, 5928179.631000000983477 ], [ 566979.040000000968575, 5928179.802000001072884 ] ] ] } },
{ "type": "Feature", "properties": { "gebaeude_id": "DEHHALKA1fo000Be", "dachneig": 0.0, "dachfl_2d": 2591.44, "dachfl_3d": 2591.44, "area_m2": 2591.4 }, "geometry": { "type": "Polygon", "coordinates": [ [ [ 566999.464000001549721, 5928156.167000001296401 ], [ 566997.778000000864267, 5928120.601000003516674 ], [ 566868.198000000789762, 5928126.663000002503395 ], [ 566869.400000001303852, 5928156.482999999076128 ], [ 566879.103000000119209, 5928156.085000002756715 ], [ 566878.002000001259148, 5928132.947999998927116 ], [ 566905.91399999987334, 5928131.642000000923872 ], [ 566906.567999999970198, 5928145.932 ], [ 566914.916000001132488, 5928145.550999999046326 ], [ 566914.928000001236796, 5928145.809000002220273 ], [ 566924.137000000104308, 5928145.371000001206994 ], [ 566924.132000001147389, 5928145.177000001072884 ], [ 566974.393000000156462, 5928142.984000004827976 ], [ 566974.876000002026558, 5928142.963000001385808 ], [ 566975.545000000856817, 5928157.312000002712011 ], [ 566999.464000001549721, 5928156.167000001296401 ] ], [ [ 566979.930999998934567, 5928152.197000000625849 ], [ 566979.942999999970198, 5928152.524000000208616 ], [ 566979.08600000012666, 5928152.557000001892447 ], [ 566979.073000000789762, 5928152.23000000230968 ], [ 566979.930999998934567, 5928152.197000000625849 ] ], [ [ 566965.379000000655651, 5928130.541000001132488 ], [ 566965.474000000394881, 5928131.659 ], [ 566965.213999999687076, 5928131.68099999986589 ], [ 566965.12599999923259, 5928130.653000002726912 ], [ 566965.119000001810491, 5928130.563000001013279 ], [ 566965.379000000655651, 5928130.541000001132488 ] ], [ [ 566978.459999999962747, 5928150.092000002041459 ], [ 566978.446000001393259, 5928150.093000004068017 ], [ 566978.415000000968575, 5928149.172000002115965 ], [ 566978.753999999724329, 5928149.161000000312924 ], [ 566978.785000000149012, 5928150.081000000238419 ], [ 566978.459999999962747, 5928150.092000002041459 ] ], [ [ 566936.255000000819564, 5928142.526000002399087 ], [ 566936.266000000759959, 5928142.765000002458692 ], [ 566934.942000000737607, 5928142.824999999254942 ], [ 566934.931000000797212, 5928142.585999999195337 ], [ 566936.255000000819564, 5928142.526000002399087 ] ], [ [ 566978.806000000797212, 5928150.772000001743436 ], [ 566978.821999999694526, 5928150.771000001579523 ], [ 566978.850999999791384, 5928151.708000000566244 ], [ 566978.775000001303852, 5928151.710000002756715 ], [ 566978.512000001035631, 5928151.718000002205372 ], [ 566978.483000000938773, 5928150.781999997794628 ], [ 566978.806000000797212, 5928150.772000001743436 ] ], [ [ 566987.886000000871718, 5928146.109000001102686 ], [ 566988.450000001117587, 5928146.095000000670552 ], [ 566988.463999999687076, 5928146.659000003710389 ], [ 566987.900999999605119, 5928146.673000004142523 ], [ 566987.886000000871718, 5928146.109000001102686 ] ], [ [ 566912.548000001348555, 5928137.30599999986589 ], [ 566912.557000000961125, 5928137.69400000013411 ], [ 566911.725000000558794, 5928137.713000001385808 ], [ 566911.715000000782311, 5928137.326000003144145 ], [ 566912.548000001348555, 5928137.30599999986589 ] ], [ [ 566980.18300000205636, 5928152.127000000327826 ], [ 566981.157999999821186, 5928152.133999997749925 ], [ 566981.156000000424683, 5928152.481000000610948 ], [ 566980.180000000633299, 5928152.474000003188848 ], [ 566980.18300000205636, 5928152.127000000327826 ] ], [ [ 566976.793000000528991, 5928152.723000004887581 ], [ 566976.775000000372529, 5928152.373999999836087 ], [ 566977.787000000476837, 5928152.323000002652407 ], [ 566977.805000000633299, 5928152.673000002279878 ], [ 566976.793000000528991, 5928152.723000004887581 ] ], [ [ 566932.929000000469387, 5928142.73000000230968 ], [ 566933.926000000908971, 5928142.70100000500679 ], [ 566933.937000000849366, 5928143.078000001609325 ], [ 566932.940000000409782, 5928143.107000004500151 ], [ 566932.929000000469387, 5928142.73000000230968 ] ], [ [ 566978.796000000089407, 5928152.821000000461936 ], [ 566977.956000002101064, 5928152.827999997884035 ], [ 566977.951999999582767, 5928152.242000000551343 ], [ 566978.792000000365078, 5928152.235000003129244 ], [ 566978.796000000089407, 5928152.821000000461936 ] ], [ [ 566965.691000001505017, 5928129.902000002563 ], [ 566966.417999998666346, 5928129.871000001206994 ], [ 566966.448000000789762, 5928130.572000000625849 ], [ 566965.720999999903142, 5928130.603000000119209 ], [ 566965.718000001274049, 5928130.538000002503395 ], [ 566965.691000001505017, 5928129.902000002563 ] ], [ [ 566997.871999999508262, 5928142.959000000730157 ], [ 566997.860000001266599, 5928142.098999999463558 ], [ 566998.712000000290573, 5928142.085999999195337 ], [ 566998.724999999627471, 5928142.946000002324581 ], [ 566997.871999999508262, 5928142.959000000730157 ] ], [ [ 566977.031000000424683, 5928154.851999998092651 ], [ 566977.003999999724329, 5928154.040000000968575 ], [ 566977.915000000968575, 5928154.010000001639128 ], [ 566977.942000000737607, 5928154.822000000625849 ], [ 566977.031000000424683, 5928154.851999998092651 ] ], [ [ 566965.53800000064075, 5928127.30599999986589 ], [ 566966.28600000217557, 5928127.287999998778105 ], [ 566966.310000001452863, 5928128.280000001192093 ], [ 566965.563000001013279, 5928128.298000002279878 ], [ 566965.53800000064075, 5928127.30599999986589 ] ], [ [ 566997.743999999947846, 5928141.889000000432134 ], [ 566997.709000000730157, 5928141.129000000655651 ], [ 566998.704000000841916, 5928141.084000000730157 ], [ 566998.737999999895692, 5928141.844000000506639 ], [ 566997.743999999947846, 5928141.889000000432134 ] ], [ [ 566987.627000000327826, 5928145.107000002637506 ], [ 566988.529000000096858, 5928145.062000000849366 ], [ 566988.574000000953674, 5928145.957000004127622 ], [ 566987.86600000038743, 5928145.991999998688698 ], [ 566987.672000001184642, 5928146.002000000327826 ], [ 566987.627000000327826, 5928145.107000002637506 ] ], [ [ 566969.634000000543892, 5928126.964999999850988 ], [ 566969.641000000759959, 5928127.89500000141561 ], [ 566968.733000000938773, 5928127.901999998837709 ], [ 566968.726000000722706, 5928126.972000000998378 ], [ 566969.634000000543892, 5928126.964999999850988 ] ], [ [ 566967.082999998703599, 5928131.037000002339482 ], [ 566968.395999999716878, 5928131.024000002071261 ], [ 566968.408999999053776, 5928132.266000002622604 ], [ 566967.09499999973923, 5928132.27900000102818 ], [ 566967.082999998703599, 5928131.037000002339482 ] ], [ [ 566911.917000000365078, 5928135.811000002548099 ], [ 566911.859000002034009, 5928134.502999998629093 ], [ 566913.122999999672174, 5928134.448000000789762 ], [ 566913.18099999986589, 5928135.755000000819564 ], [ 566911.917000000365078, 5928135.811000002548099 ] ], [ [ 566997.789000000804663, 5928146.872000003233552 ], [ 566994.254000000655651, 5928147.066999999806285 ], [ 566994.127000000327826, 5928144.758999997749925 ], [ 566997.66300000064075, 5928144.564000003039837 ], [ 566997.789000000804663, 5928146.872000003233552 ] ], [ [ 566873.43099999986589, 5928136.504000002518296 ], [ 566873.536000001244247, 5928138.81500000320375 ], [ 566869.997999999672174, 5928138.975999999791384 ], [ 566869.893000001087785, 5928136.66499999910593 ], [ 566873.43099999986589, 5928136.504000002518296 ] ], [ [ 566874.183000000193715, 5928146.339000001549721 ], [ 566874.033000000752509, 5928142.843000000342727 ], [ 566876.391000001691282, 5928142.742000000551343 ], [ 566876.541000001132488, 5928146.238000001758337 ], [ 566874.183000000193715, 5928146.339000001549721 ] ], [ [ 566986.246000000275671, 5928152.544000001624227 ], [ 566986.346000000834465, 5928154.894000001251698 ], [ 566982.785999999381602, 5928155.045000001788139 ], [ 566982.685999998822808, 5928152.695000002160668 ], [ 566986.246000000275671, 5928152.544000001624227 ] ], [ [ 566911.984000000171363, 5928144.239 ], [ 566911.457000001333654, 5928144.26800000295043 ], [ 566911.479000001214445, 5928144.660000002011657 ], [ 566909.182000000029802, 5928144.787000000476837 ], [ 566908.986999999731779, 5928141.269999999552965 ], [ 566911.284000000916421, 5928141.142000000923872 ], [ 566911.300999999977648, 5928141.458999998867512 ], [ 566911.834000000730157, 5928141.430000001564622 ], [ 566911.909000000916421, 5928142.785000000149012 ], [ 566911.376000000163913, 5928142.81500000320375 ], [ 566911.38300000037998, 5928142.928000001236796 ], [ 566911.909000000916421, 5928142.899000003933907 ], [ 566911.984000000171363, 5928144.239 ] ], [ [ 566892.519999999552965, 5928127.384999999776483 ], [ 566892.855999999679625, 5928127.372000003233552 ], [ 566892.946000001393259, 5928129.658000001683831 ], [ 566889.464999999850988, 5928129.793999999761581 ], [ 566889.376000001095235, 5928127.508000003173947 ], [ 566889.680000000633299, 5928127.495999999344349 ], [ 566889.658999999985099, 5928126.938999999314547 ], [ 566892.49900000076741, 5928126.82799999974668 ], [ 566892.519999999552965, 5928127.384999999776483 ] ], [ [ 566970.492000001482666, 5928140.70299999974668 ], [ 566970.408000000752509, 5928138.43100000359118 ], [ 566970.673999999649823, 5928138.421000001952052 ], [ 566970.653000000864267, 5928137.842000002041459 ], [ 566973.548000001348555, 5928137.735000001266599 ], [ 566973.56900000013411, 5928138.314000001177192 ], [ 566973.952000001445413, 5928138.300000000745058 ], [ 566974.036000001244247, 5928140.572000000625849 ], [ 566970.492000001482666, 5928140.70299999974668 ] ], [ [ 566932.995000000111759, 5928132.226000001654029 ], [ 566933.015000000596046, 5928132.767000002786517 ], [ 566933.373000000603497, 5928132.754000004380941 ], [ 566933.458999999798834, 5928135.081000002101064 ], [ 566929.940999999642372, 5928135.210999999195337 ], [ 566929.85500000230968, 5928132.884000001475215 ], [ 566930.150999999605119, 5928132.872999999672174 ], [ 566930.130999999120831, 5928132.332000002264977 ], [ 566932.995000000111759, 5928132.226000001654029 ] ], [ [ 566978.693999999202788, 5928124.338000001385808 ], [ 566978.724000001326203, 5928124.94000000320375 ], [ 566979.002000000327826, 5928124.926000000908971 ], [ 566979.117999999783933, 5928127.239 ], [ 566975.621000000275671, 5928127.414000002667308 ], [ 566975.506000000052154, 5928125.099999999627471 ], [ 566975.803000000305474, 5928125.08500000089407 ], [ 566975.773000001907349, 5928124.484000001102686 ], [ 566978.693999999202788, 5928124.338000001385808 ] ], [ [ 566982.205000000074506, 5928141.2989999987185 ], [ 566982.191999999806285, 5928140.985999999567866 ], [ 566981.63300000037998, 5928141.010000001639128 ], [ 566981.510999999940395, 5928138.169000001624227 ], [ 566982.070000002160668, 5928138.144999999552965 ], [ 566982.053000000305474, 5928137.750000001862645 ], [ 566984.384000000543892, 5928137.650000000372529 ], [ 566984.537000000476837, 5928141.199000000953674 ], [ 566982.205000000074506, 5928141.2989999987185 ] ], [ [ 566959.002000000327826, 5928142.002000004053116 ], [ 566958.432000000029802, 5928142.019999999552965 ], [ 566958.341000000014901, 5928139.175000000745058 ], [ 566958.91100000217557, 5928139.156999999657273 ], [ 566958.900000002235174, 5928138.797000002115965 ], [ 566961.239000000990927, 5928138.722000002861023 ], [ 566961.353000000119209, 5928142.273 ], [ 566959.013000000268221, 5928142.348000001162291 ], [ 566959.002000000327826, 5928142.002000004053116 ] ], [ [ 566927.474000000394881, 5928139.850999999791384 ], [ 566927.5, 5928140.406000003218651 ], [ 566927.828000000678003, 5928140.391000000759959 ], [ 566927.938000000081956, 5928142.727 ], [ 566924.372999999672174, 5928142.894999999552965 ], [ 566924.262999999336898, 5928140.559000000357628 ], [ 566924.596000001765788, 5928140.543000003322959 ], [ 566924.570000002160668, 5928139.987999999895692 ], [ 566927.474000000394881, 5928139.850999999791384 ] ], [ [ 566941.61600000038743, 5928139.746000001206994 ], [ 566941.849999999627471, 5928139.738000001758337 ], [ 566941.830000000074506, 5928139.15400000102818 ], [ 566944.798999999649823, 5928139.048999996855855 ], [ 566944.820000000298023, 5928139.632000001147389 ], [ 566945.14400000218302, 5928139.620999999344349 ], [ 566945.227000000886619, 5928141.954 ], [ 566941.699000000953674, 5928142.079 ], [ 566941.61600000038743, 5928139.746000001206994 ] ], [ [ 566996.686000000685453, 5928122.716000001877546 ], [ 566997.186999999918044, 5928122.698000000789762 ], [ 566997.261000000871718, 5928124.773000003769994 ], [ 566996.760999999940395, 5928124.791000002995133 ], [ 566996.775999999605119, 5928125.210000002756715 ], [ 566993.990000000223517, 5928125.311000002548099 ], [ 566993.888000002130866, 5928122.486000001430511 ], [ 566994.217000001110137, 5928122.474000001326203 ], [ 566994.196000000461936, 5928121.917000001296401 ], [ 566996.364999999292195, 5928121.838999999687076 ], [ 566996.384999999776483, 5928122.395999999716878 ], [ 566996.673999999649823, 5928122.385000001639128 ], [ 566996.686000000685453, 5928122.716000001877546 ] ], [ [ 566953.168000001460314, 5928131.275000000372529 ], [ 566953.161000001244247, 5928131.063000001013279 ], [ 566954.16200000140816, 5928131.027000000700355 ], [ 566954.169999999925494, 5928131.237999999895692 ], [ 566954.200000001117587, 5928132.053000001236796 ], [ 566954.285000000149012, 5928132.050000002607703 ], [ 566954.319000001065433, 5928132.967000000178814 ], [ 566954.436000000685453, 5928136.107999999076128 ], [ 566952.218000001274049, 5928136.190999997779727 ], [ 566952.101000001654029, 5928133.050000004470348 ], [ 566952.067000000737607, 5928132.132000001147389 ], [ 566951.816999999806285, 5928132.142000000923872 ], [ 566951.791000000201166, 5928131.452000001445413 ], [ 566952.042000002227724, 5928131.443000001832843 ], [ 566952.03700000140816, 5928131.317000003531575 ], [ 566953.168000001460314, 5928131.275000000372529 ] ], [ [ 566918.517, 5928145.271999999880791 ], [ 566918.276000000536442, 5928140.406999999657273 ], [ 566918.201000000350177, 5928138.903000002726912 ], [ 566918.150000000372529, 5928137.874000001698732 ], [ 566922.171000000089407, 5928137.674000000581145 ], [ 566922.222000000067055, 5928138.703000001609325 ], [ 566922.29700000025332, 5928140.208000004291534 ], [ 566922.53800000064075, 5928145.072000002488494 ], [ 566918.517, 5928145.271999999880791 ] ] ] } },
{ "type": "Feature", "properties": { "gebaeude_id": "DEHHALKA1fo000Be", "dachneig": 0.0, "dachfl_2d": 493.135, "dachfl_3d": 493.135, "area_m2": 493.1 }, "geometry": { "type": "Polygon", "coordinates": [ [ [ 566868.198000000789762, 5928126.663000002503395 ], [ 566868.191000000573695, 5928126.507000001147389 ], [ 566850.995000000111759, 5928130.008999997749925 ], [ 566852.266000000759959, 5928157.186000000685453 ], [ 566852.270999998785555, 5928157.186000000685453 ], [ 566869.400000001303852, 5928156.482999999076128 ], [ 566868.198000000789762, 5928126.663000002503395 ] ] ] } },
{ "type": "Feature", "properties": { "gebaeude_id": "DEHHALKA1fo000Be", "dachneig": 0.0, "dachfl_2d": 681.718, "dachfl_3d": 681.718, "area_m2": 681.7 }, "geometry": { "type": "Polygon", "coordinates": [ [ [ 566851.649000000208616, 5928156.855000000447035 ], [ 566850.379999999888241, 5928130.146999999880791 ], [ 566821.60500000230968, 5928135.925999999046326 ], [ 566822.640000000596046, 5928158.227000001817942 ], [ 566828.24199999962002, 5928157.958000002428889 ], [ 566828.121000000275671, 5928155.36400000192225 ], [ 566833.709000000730157, 5928155.102000001817942 ], [ 566833.725000001490116, 5928155.386000003665686 ], [ 566833.860000001266599, 5928157.701000003144145 ], [ 566833.86699999962002, 5928157.701000003144145 ], [ 566851.649000000208616, 5928156.855000000447035 ] ], [ [ 566825.188000001013279, 5928143.370000001043081 ], [ 566825.212999999523163, 5928143.688000001013279 ], [ 566824.298000002279878, 5928143.758000001311302 ], [ 566824.274000000208616, 5928143.441000001505017 ], [ 566825.188000001013279, 5928143.370000001043081 ] ], [ [ 566837.870000001043081, 5928157.455 ], [ 566837.81700000166893, 5928156.495000002905726 ], [ 566838.150000000372529, 5928156.477000001817942 ], [ 566838.201999999582767, 5928157.436999998986721 ], [ 566837.870000001043081, 5928157.455 ] ], [ [ 566839.403000000864267, 5928155.791000001132488 ], [ 566839.416000001132488, 5928156.167000001296401 ], [ 566838.480000001378357, 5928156.199999999254942 ], [ 566838.466999999247491, 5928155.824000002816319 ], [ 566839.403000000864267, 5928155.791000001132488 ] ], [ [ 566840.189999999478459, 5928157.298000002279878 ], [ 566839.820000000298023, 5928157.313999999314547 ], [ 566839.776999999769032, 5928156.354000002145767 ], [ 566840.147000000812113, 5928156.337999999523163 ], [ 566840.189999999478459, 5928157.298000002279878 ] ], [ [ 566827.582999999634922, 5928139.199000002816319 ], [ 566826.849999999627471, 5928139.246000001206994 ], [ 566826.802000000141561, 5928138.502000002190471 ], [ 566827.535000000149012, 5928138.455 ], [ 566827.582999999634922, 5928139.199000002816319 ] ], [ [ 566843.746000000275671, 5928155.915000000968575 ], [ 566844.648000000976026, 5928155.872999999672174 ], [ 566844.68199999909848, 5928156.622000001370907 ], [ 566843.781000000424683, 5928156.664000004529953 ], [ 566843.746000000275671, 5928155.915000000968575 ] ], [ [ 566840.817999999970198, 5928156.843000002205372 ], [ 566840.792000000365078, 5928156.30599999986589 ], [ 566840.77900000102818, 5928156.054999999701977 ], [ 566842.070000001229346, 5928155.991000002250075 ], [ 566842.109000000171363, 5928156.778999999165535 ], [ 566840.817999999970198, 5928156.843000002205372 ] ], [ [ 566843.599000001326203, 5928155.912000002339482 ], [ 566843.634999999776483, 5928156.683000000193715 ], [ 566842.282000001519918, 5928156.746000001206994 ], [ 566842.246000000275671, 5928155.974999999627471 ], [ 566843.599000001326203, 5928155.912000002339482 ] ], [ [ 566836.245000000111759, 5928145.730999998748302 ], [ 566836.225000000558794, 5928144.423000002279878 ], [ 566837.543999999761581, 5928144.401999998837709 ], [ 566837.564000000245869, 5928145.711000001057982 ], [ 566836.245000000111759, 5928145.730999998748302 ] ], [ [ 566832.682000000961125, 5928145.531000001356006 ], [ 566832.567000000737607, 5928142.46200000308454 ], [ 566835.658999999985099, 5928142.346999999135733 ], [ 566835.774000000208616, 5928145.415000000968575 ], [ 566832.682000000961125, 5928145.531000001356006 ] ] ] } },
{ "type": "Feature", "properties": { "gebaeude_id": "DEHHALKA1fo000Be", "dachneig": 0.0, "dachfl_2d": 1724.72, "dachfl_3d": 1724.72, "area_m2": 1724.7 }, "geometry": { "type": "Polygon", "coordinates": [ [ [ 566914.947000000625849, 5928146.199999999254942 ], [ 566914.945000001229346, 5928146.199999999254942 ], [ 566915.190000000409782, 5928151.807000003755093 ], [ 566894.821000000461936, 5928152.691999999806285 ], [ 566894.93099999986589, 5928155.435999998822808 ], [ 566894.93099999986589, 5928155.457999998703599 ], [ 566894.409000001847744, 5928155.457000002264977 ], [ 566894.410000000149012, 5928155.48200000077486 ], [ 566896.137000001966953, 5928192.517000002786517 ], [ 566906.759999999776483, 5928192.019000003114343 ], [ 566905.356000000610948, 5928162.019000003114343 ], [ 566964.802000000141561, 5928159.275000004097819 ], [ 566966.264000002294779, 5928189.215000001713634 ], [ 566976.636999999172986, 5928188.748999999836087 ], [ 566974.41300000064075, 5928143.438999999314547 ], [ 566914.947000000625849, 5928146.199999999254942 ] ], [ [ 566902.862999999895692, 5928172.31700000166893 ], [ 566902.861000000499189, 5928171.862000001594424 ], [ 566903.281999999657273, 5928171.859999999403954 ], [ 566903.284000000916421, 5928172.31500000320375 ], [ 566902.862999999895692, 5928172.31700000166893 ] ], [ [ 566936.301999999210238, 5928150.004999998956919 ], [ 566935.841000000014901, 5928150.023 ], [ 566935.81900000013411, 5928149.451999999582767 ], [ 566936.279999999329448, 5928149.434000002220273 ], [ 566936.301999999210238, 5928150.004999998956919 ] ], [ [ 566956.468000000342727, 5928151.109000002965331 ], [ 566956.117000000551343, 5928151.118999999016523 ], [ 566956.106000000610948, 5928150.741999998688698 ], [ 566956.091000000946224, 5928150.259000001475215 ], [ 566956.442000000737607, 5928150.247999999672174 ], [ 566956.468000000342727, 5928151.109000002965331 ] ], [ [ 566944.620000001043081, 5928147.745999999344349 ], [ 566944.252000000327826, 5928147.747000003233552 ], [ 566944.248999998904765, 5928146.782000001519918 ], [ 566944.617000000551343, 5928146.781000001356006 ], [ 566944.620000001043081, 5928147.745999999344349 ] ], [ [ 566913.695000001229346, 5928155.301000000908971 ], [ 566913.657999999821186, 5928154.691000001505017 ], [ 566914.284000000916421, 5928154.653000002726912 ], [ 566914.322000000625849, 5928155.263000003993511 ], [ 566913.695000001229346, 5928155.301000000908971 ] ], [ [ 566897.281999999657273, 5928188.416999999433756 ], [ 566897.341000001877546, 5928189.389000002294779 ], [ 566896.910000001080334, 5928189.415000002831221 ], [ 566896.850999999791384, 5928188.443000001832843 ], [ 566897.281999999657273, 5928188.416999999433756 ] ], [ [ 566974.250000000931323, 5928145.400000004097819 ], [ 566974.233000001870096, 5928145.430000001564622 ], [ 566974.212999999523163, 5928145.459000000730157 ], [ 566974.190999999642372, 5928145.484999999403954 ], [ 566974.166000001132488, 5928145.510000003501773 ], [ 566974.139999999664724, 5928145.532000003382564 ], [ 566974.111000001430511, 5928145.552000001072884 ], [ 566974.081000000238419, 5928145.570000000298023 ], [ 566974.049999999813735, 5928145.584000002592802 ], [ 566974.017, 5928145.596000000834465 ], [ 566973.983000000938773, 5928145.605000000447035 ], [ 566973.949000000022352, 5928145.611000001430511 ], [ 566973.915000000037253, 5928145.614 ], [ 566973.879999999888241, 5928145.614 ], [ 566973.845000000670552, 5928145.611000001430511 ], [ 566973.810999999754131, 5928145.605000000447035 ], [ 566973.777999999932945, 5928145.596000000834465 ], [ 566973.745000000111759, 5928145.585000002756715 ], [ 566973.713999999687076, 5928145.570000000298023 ], [ 566973.68300000205636, 5928145.553000001236796 ], [ 566973.65500000026077, 5928145.532999999821186 ], [ 566973.628000002354383, 5928145.510000003501773 ], [ 566973.604000000283122, 5928145.486000001430511 ], [ 566973.582000000402331, 5928145.459000000730157 ], [ 566973.561999999918044, 5928145.430999998003244 ], [ 566973.543999999761581, 5928145.401000000536442 ], [ 566973.529000000096858, 5928145.368999999016523 ], [ 566973.518000000156462, 5928145.337000001221895 ], [ 566973.509000000543892, 5928145.302999999374151 ], [ 566973.503000000491738, 5928145.269000001251698 ], [ 566973.49900000076741, 5928145.234000001102686 ], [ 566973.49900000076741, 5928145.200000002980232 ], [ 566973.502000002190471, 5928145.164999997243285 ], [ 566973.508000001311302, 5928145.131000004708767 ], [ 566973.517000001855195, 5928145.097000000998378 ], [ 566973.529000000096858, 5928145.06500000320375 ], [ 566973.543999999761581, 5928145.033000003546476 ], [ 566973.561000001616776, 5928145.002999998629093 ], [ 566973.581000001169741, 5928144.975000003352761 ], [ 566973.603000001050532, 5928144.948000002652407 ], [ 566973.628000002354383, 5928144.924000000581145 ], [ 566973.654000001959503, 5928144.901000004261732 ], [ 566973.68300000205636, 5928144.881000000983477 ], [ 566973.713000000454485, 5928144.86400000192225 ], [ 566973.744000000879169, 5928144.848999999463558 ], [ 566973.777000000700355, 5928144.837000001221895 ], [ 566973.810000000521541, 5928144.828000001609325 ], [ 566973.845000000670552, 5928144.822000000625849 ], [ 566973.879000001586974, 5928144.819000001996756 ], [ 566973.914000000804663, 5928144.819000001996756 ], [ 566973.949000000022352, 5928144.822000000625849 ], [ 566973.983000000938773, 5928144.828000001609325 ], [ 566974.016000000759959, 5928144.837000001221895 ], [ 566974.049000000581145, 5928144.848999999463558 ], [ 566974.080000001005828, 5928144.86400000192225 ], [ 566974.110000000335276, 5928144.881000000983477 ], [ 566974.139000000432134, 5928144.901000004261732 ], [ 566974.166000001132488, 5928144.923000004142523 ], [ 566974.190000000409782, 5928144.948000002652407 ], [ 566974.212000000290573, 5928144.974000001326203 ], [ 566974.23200000077486, 5928145.002999998629093 ], [ 566974.250000000931323, 5928145.033000003546476 ], [ 566974.264000001363456, 5928145.063999999314547 ], [ 566974.276000000536442, 5928145.097000000998378 ], [ 566974.285000000149012, 5928145.129999998956919 ], [ 566974.291000000201166, 5928145.164000000804663 ], [ 566974.294999999925494, 5928145.199000000953674 ], [ 566974.294999999925494, 5928145.234000001102686 ], [ 566974.292000001296401, 5928145.26799999922514 ], [ 566974.286000001244247, 5928145.302999999374151 ], [ 566974.276999998837709, 5928145.336000001057982 ], [ 566974.265000000596046, 5928145.368999999016523 ], [ 566974.250000000931323, 5928145.400000004097819 ] ], [ [ 566974.381000001914799, 5928174.557 ], [ 566974.378000000491738, 5928174.594000002369285 ], [ 566974.371000000275671, 5928174.629999998956919 ], [ 566974.360999999567866, 5928174.665000002831221 ], [ 566974.349000000394881, 5928174.699000000953674 ], [ 566974.332999999634922, 5928174.732000002637506 ], [ 566974.314000001177192, 5928174.763000003993511 ], [ 566974.292999999597669, 5928174.793000001460314 ], [ 566974.27000000141561, 5928174.821000004187226 ], [ 566974.244000001810491, 5928174.846999999135733 ], [ 566974.216000000014901, 5928174.870000004768372 ], [ 566974.186000000685453, 5928174.890000002458692 ], [ 566974.154000000096858, 5928174.908000001683831 ], [ 566974.121000000275671, 5928174.924000000581145 ], [ 566974.08600000012666, 5928174.936000004410744 ], [ 566974.051000000908971, 5928174.945000000298023 ], [ 566974.015000000596046, 5928174.9510000012815 ], [ 566973.979000002145767, 5928174.954 ], [ 566973.941999999806285, 5928174.954 ], [ 566973.905999999493361, 5928174.949999999254942 ], [ 566973.870000001043081, 5928174.944000003859401 ], [ 566973.83500000089407, 5928174.934000002220273 ], [ 566973.801000000908971, 5928174.921000001952052 ], [ 566973.768000000156462, 5928174.905999999493361 ], [ 566973.735999999567866, 5928174.886999998241663 ], [ 566973.707000001333654, 5928174.86600000038743 ], [ 566973.678999999538064, 5928174.843000004068017 ], [ 566973.653000000864267, 5928174.816999999806285 ], [ 566973.629999999888241, 5928174.788000002503395 ], [ 566973.609000001102686, 5928174.758000003173947 ], [ 566973.591000000014901, 5928174.727000001817942 ], [ 566973.5760000012815, 5928174.693 ], [ 566973.564000000245869, 5928174.659 ], [ 566973.554999999701977, 5928174.624000001698732 ], [ 566973.548000001348555, 5928174.588000001385808 ], [ 566973.545999999158084, 5928174.550999999046326 ], [ 566973.545999999158084, 5928174.515000002458692 ], [ 566973.549000000581145, 5928174.479000002145767 ], [ 566973.556000000797212, 5928174.443000001832843 ], [ 566973.565999999642372, 5928174.408000001683831 ], [ 566973.578000000678003, 5928174.37300000153482 ], [ 566973.594000001437962, 5928174.339999999850988 ], [ 566973.611999999731779, 5928174.309000000357628 ], [ 566973.63300000037998, 5928174.27900000102818 ], [ 566973.656999999657273, 5928174.252000000327826 ], [ 566973.68300000205636, 5928174.226000001654029 ], [ 566973.711000001057982, 5928174.20299999974668 ], [ 566973.74100000038743, 5928174.182000001892447 ], [ 566973.773000000976026, 5928174.164000000804663 ], [ 566973.806000000797212, 5928174.149000003933907 ], [ 566973.839999999850988, 5928174.137000000104308 ], [ 566973.876000000163913, 5928174.127000004053116 ], [ 566973.91200000140816, 5928174.121000001206994 ], [ 566973.947999999858439, 5928174.118000002577901 ], [ 566973.985000001266599, 5928174.118999999016523 ], [ 566974.020999999716878, 5928174.122000003233552 ], [ 566974.057000000029802, 5928174.129000000655651 ], [ 566974.092000000178814, 5928174.138000002130866 ], [ 566974.126000001095235, 5928174.151000000536442 ], [ 566974.159000000916421, 5928174.166999999433756 ], [ 566974.190999999642372, 5928174.185000000521541 ], [ 566974.21999999973923, 5928174.206000002101064 ], [ 566974.24800000153482, 5928174.230000000447035 ], [ 566974.274000000208616, 5928174.255999999120831 ], [ 566974.297000001184642, 5928174.284000001847744 ], [ 566974.31800000090152, 5928174.314000001177192 ], [ 566974.336000001057982, 5928174.346000000834465 ], [ 566974.351000000722706, 5928174.379000004380941 ], [ 566974.363000000827014, 5928174.41299999691546 ], [ 566974.371999999508262, 5928174.449000002816319 ], [ 566974.378000000491738, 5928174.484999999403954 ], [ 566974.381000001914799, 5928174.520999999716878 ], [ 566974.381000001914799, 5928174.557 ] ], [ [ 566902.307999999262393, 5928174.341000001877546 ], [ 566902.276000000536442, 5928173.537000000476837 ], [ 566903.105999999679625, 5928173.505000000819564 ], [ 566903.137000000104308, 5928174.309000000357628 ], [ 566902.307999999262393, 5928174.341000001877546 ] ], [ [ 566971.103000000119209, 5928147.573000002652407 ], [ 566971.141000000759959, 5928148.377000002190471 ], [ 566970.290000000037253, 5928148.417000003159046 ], [ 566970.253000000491738, 5928147.613999998196959 ], [ 566971.103000000119209, 5928147.573000002652407 ] ], [ [ 566927.572999999858439, 5928155.27000000141561 ], [ 566927.535000002011657, 5928154.262000001966953 ], [ 566928.384000000543892, 5928154.231000000610948 ], [ 566928.420999999158084, 5928155.237999999895692 ], [ 566927.572999999858439, 5928155.27000000141561 ] ], [ [ 566962.480000000447035, 5928149.500000001862645 ], [ 566962.520999999716878, 5928150.429999999701977 ], [ 566961.528000000864267, 5928150.473999999463558 ], [ 566961.486999999731779, 5928149.544000001624227 ], [ 566962.480000000447035, 5928149.500000001862645 ] ], [ [ 566956.779000000096858, 5928150.722000000998378 ], [ 566956.742000000551343, 5928149.730999998748302 ], [ 566957.735000001266599, 5928149.693000001832843 ], [ 566957.772000000812113, 5928150.684000002220273 ], [ 566956.779000000096858, 5928150.722000000998378 ] ], [ [ 566970.037999999709427, 5928169.943 ], [ 566971.044000000692904, 5928169.919000001624227 ], [ 566971.069000001065433, 5928170.96200000308454 ], [ 566970.063000001013279, 5928170.987000001594424 ], [ 566970.037999999709427, 5928169.943 ] ], [ [ 566900.288000001572073, 5928175.12500000372529 ], [ 566900.219000000506639, 5928173.998999999836087 ], [ 566901.346000000834465, 5928173.930000001564622 ], [ 566901.415000001899898, 5928175.05599999986589 ], [ 566900.288000001572073, 5928175.12500000372529 ] ], [ [ 566968.040000001899898, 5928186.559000000357628 ], [ 566968.074000000022352, 5928186.513000003993511 ], [ 566968.112000000663102, 5928186.471000000834465 ], [ 566968.152999999932945, 5928186.432000001892447 ], [ 566968.196999999694526, 5928186.396000001579523 ], [ 566968.245000001043081, 5928186.365000002086163 ], [ 566968.294999999925494, 5928186.338000001385808 ], [ 566968.3470000019297, 5928186.315000005066395 ], [ 566968.401000000536442, 5928186.29700000025332 ], [ 566968.456000000238419, 5928186.284 ], [ 566968.512000001035631, 5928186.275000000372529 ], [ 566968.56900000013411, 5928186.272000001743436 ], [ 566968.626000000163913, 5928186.273000001907349 ], [ 566968.682000000961125, 5928186.280000001192093 ], [ 566968.738000001758337, 5928186.291000002995133 ], [ 566968.792000000365078, 5928186.307 ], [ 566968.84499999973923, 5928186.32799999974668 ], [ 566968.896000000648201, 5928186.353000001981854 ], [ 566968.94400000013411, 5928186.383000001311302 ], [ 566968.99000000115484, 5928186.416999999433756 ], [ 566969.033000000752509, 5928186.454000001773238 ], [ 566969.071999999694526, 5928186.495000002905726 ], [ 566969.107000001706183, 5928186.53999999910593 ], [ 566969.138000001199543, 5928186.58700000308454 ], [ 566969.166000001132488, 5928186.637000000104308 ], [ 566969.188000001013279, 5928186.688999997451901 ], [ 566969.206000001169741, 5928186.743000004440546 ], [ 566969.21999999973923, 5928186.798000000417233 ], [ 566969.228000001050532, 5928186.854000000283122 ], [ 566969.23200000077486, 5928186.911000000312924 ], [ 566969.230000000447035, 5928186.968000004068017 ], [ 566969.224000001326203, 5928187.024000002071261 ], [ 566969.212000000290573, 5928187.08 ], [ 566969.196000002324581, 5928187.135000001639128 ], [ 566969.175000000745058, 5928187.187000000849366 ], [ 566969.150000000372529, 5928187.237999999895692 ], [ 566969.120000001043081, 5928187.287000000476837 ], [ 566969.087000001221895, 5928187.332000000402331 ], [ 566969.049000000581145, 5928187.375 ], [ 566969.008000002242625, 5928187.414000002667308 ], [ 566968.963000001385808, 5928187.449000002816319 ], [ 566968.916000000201166, 5928187.480999998748302 ], [ 566968.866000001318753, 5928187.508000005036592 ], [ 566968.814000000245869, 5928187.531000001356006 ], [ 566968.760000001639128, 5928187.549000000581145 ], [ 566968.705000001937151, 5928187.562000000849366 ], [ 566968.649000001139939, 5928187.570000000298023 ], [ 566968.592000001110137, 5928187.574000004678965 ], [ 566968.535000002011657, 5928187.572000002488494 ], [ 566968.479000001214445, 5928187.565999999642372 ], [ 566968.423000000417233, 5928187.555000003427267 ], [ 566968.369000001810491, 5928187.539000000804663 ], [ 566968.315999999642372, 5928187.518000001087785 ], [ 566968.265000001527369, 5928187.492000002413988 ], [ 566968.216999999247491, 5928187.462999999523163 ], [ 566968.171000000089407, 5928187.428999999538064 ], [ 566968.128000001423061, 5928187.391000002622604 ], [ 566968.088999999687076, 5928187.350000001490116 ], [ 566968.054000000469387, 5928187.306000001728535 ], [ 566968.022000001743436, 5928187.258000001311302 ], [ 566967.995000001043081, 5928187.209000000730157 ], [ 566967.973000001162291, 5928187.156000001356006 ], [ 566967.955000001005828, 5928187.103000001981854 ], [ 566967.940999999642372, 5928187.047000002115965 ], [ 566967.933000001125038, 5928186.99100000038743 ], [ 566967.929000001400709, 5928186.934000000357628 ], [ 566967.931000000797212, 5928186.878000002354383 ], [ 566967.936999999918044, 5928186.821000002324581 ], [ 566967.949000000953674, 5928186.766000000759959 ], [ 566967.964999999850988, 5928186.710999997332692 ], [ 566967.985000002197921, 5928186.658000003546476 ], [ 566968.011000001803041, 5928186.60700000077486 ], [ 566968.040000001899898, 5928186.559000000357628 ] ], [ [ 566896.917000002227724, 5928177.868000002577901 ], [ 566896.96999999973923, 5928179.784 ], [ 566896.177000000141561, 5928179.80599999986589 ], [ 566896.123999999836087, 5928177.890000002458692 ], [ 566896.917000002227724, 5928177.868000002577901 ] ], [ [ 566972.688000001013279, 5928150.160000000149012 ], [ 566972.729000000283122, 5928151.927999999374151 ], [ 566971.54700000025332, 5928151.956000002101064 ], [ 566971.506000000983477, 5928150.187000000849366 ], [ 566972.688000001013279, 5928150.160000000149012 ] ], [ [ 566969.712999999523163, 5928167.796 ], [ 566969.526000000536442, 5928164.805000001564622 ], [ 566970.525999999605119, 5928164.742000000551343 ], [ 566970.712000000290573, 5928167.732999999076128 ], [ 566969.712999999523163, 5928167.796 ] ], [ [ 566953.428999999538064, 5928151.889000000432134 ], [ 566954.160000001080334, 5928151.860999999567866 ], [ 566954.106000000610948, 5928150.523 ], [ 566954.975000000558794, 5928150.511000001803041 ], [ 566955.081000001169741, 5928153.574999999254942 ], [ 566955.637000000104308, 5928153.560000002384186 ], [ 566955.637000000104308, 5928153.577000001445413 ], [ 566955.635000000707805, 5928153.96000000461936 ], [ 566955.081000001169741, 5928153.993999999016523 ], [ 566955.082000002264977, 5928154.447000000625849 ], [ 566955.082000002264977, 5928154.466000001877546 ], [ 566955.662000000476837, 5928154.445000002160668 ], [ 566955.684000000357628, 5928155.065000005066395 ], [ 566955.103000001050532, 5928155.084000000730157 ], [ 566955.115000002086163, 5928155.200000002980232 ], [ 566953.576000000350177, 5928155.235000001266599 ], [ 566953.428999999538064, 5928151.889000000432134 ] ] ] } },
{ "type": "Feature", "properties": { "gebaeude_id": "DEHHALKA1fo000Be", "dachneig": 0.0, "dachfl_2d": 155.511, "dachfl_3d": 155.511, "area_m2": 155.5 }, "geometry": { "type": "Polygon", "coordinates": [ [ [ 566982.793000000528991, 5928188.696000004187226 ], [ 566977.418999999761581, 5928188.977000001817942 ], [ 566978.070000001229346, 5928203.052000002935529 ], [ 566978.474999999627471, 5928203.946000000461936 ], [ 566978.549000000581145, 5928204.946000000461936 ], [ 566978.209000000730157, 5928206.030999999493361 ], [ 566978.806000000797212, 5928218.467000000178814 ], [ 566983.983000001870096, 5928218.198000000789762 ], [ 566983.990000002086163, 5928218.177999999374151 ], [ 566982.793000000528991, 5928188.696000004187226 ] ] ] } },
{ "type": "Feature", "properties": { "gebaeude_id": "DEHHALKA1fo000Be", "dachneig": 0.0, "dachfl_2d": 13.51, "dachfl_3d": 13.51, "area_m2": 13.5 }, "geometry": { "type": "Polygon", "coordinates": [ [ [ 566958.168999999761581, 5928204.571000002324581 ], [ 566965.527999999932945, 5928204.17200000025332 ], [ 566965.441000000573695, 5928202.349000003188848 ], [ 566958.048000000417233, 5928202.741999996826053 ], [ 566958.168999999761581, 5928204.571000002324581 ] ] ] } },
{ "type": "Feature", "properties": { "gebaeude_id": "DEHHALKA1fo000Be", "dachneig": 0.0, "dachfl_2d": 68.086, "dachfl_3d": 68.086, "area_m2": 68.1 }, "geometry": { "type": "Polygon", "coordinates": [ [ [ 566956.837999999523163, 5928193.754999998956919 ], [ 566957.262000001035631, 5928201.412999998778105 ], [ 566957.145999999716878, 5928201.412000002339482 ], [ 566957.162000000476837, 5928201.673000002279878 ], [ 566958.031999999657273, 5928202.504999998956919 ], [ 566965.43300000205636, 5928202.191999999806285 ], [ 566965.00899999961257, 5928193.365000002086163 ], [ 566956.837999999523163, 5928193.754999998956919 ] ], [ [ 566963.704000000841916, 5928193.948000000789762 ], [ 566963.699000000022352, 5928193.931000001728535 ], [ 566963.691999999806285, 5928193.905000003054738 ], [ 566963.689000001177192, 5928193.883000003173947 ], [ 566963.685999999754131, 5928193.861999999731779 ], [ 566963.685999999754131, 5928193.820000002160668 ], [ 566963.691999999806285, 5928193.77900000102818 ], [ 566963.70200000051409, 5928193.741999998688698 ], [ 566963.716000001877546, 5928193.708000000566244 ], [ 566963.733000000938773, 5928193.677000001072884 ], [ 566963.753000000491738, 5928193.649000003933907 ], [ 566963.771000001579523, 5928193.629000000655651 ], [ 566963.77800000179559, 5928193.622000003233552 ], [ 566963.807000000029802, 5928193.59600000269711 ], [ 566963.841000000946224, 5928193.573000002652407 ], [ 566963.85700000077486, 5928193.56500000320375 ], [ 566963.879000000655651, 5928193.555000001564622 ], [ 566963.899000001139939, 5928193.547999998554587 ], [ 566963.919999999925494, 5928193.541000001132488 ], [ 566963.947000000625849, 5928193.536000000312924 ], [ 566963.963999999687076, 5928193.533000001683831 ], [ 566964.009000000543892, 5928193.530999999493361 ], [ 566964.01900000218302, 5928193.532000001519918 ], [ 566964.053999999538064, 5928193.536000000312924 ], [ 566964.097000000067055, 5928193.547000002115965 ], [ 566964.137000000104308, 5928193.564000001177192 ], [ 566964.157999998889863, 5928193.5760000012815 ], [ 566964.173000001348555, 5928193.58500000089407 ], [ 566964.190999999642372, 5928193.599000001326203 ], [ 566964.218000002205372, 5928193.622999999672174 ], [ 566964.233000001870096, 5928193.638000000268221 ], [ 566964.239000000990927, 5928193.645999999716878 ], [ 566964.255000001750886, 5928193.666999999433756 ], [ 566964.273000001907349, 5928193.697000002488494 ], [ 566964.288000001572073, 5928193.729000004008412 ], [ 566964.296000000089407, 5928193.754000002518296 ], [ 566964.299000001512468, 5928193.764000004157424 ], [ 566964.303000000305474, 5928193.785000002011657 ], [ 566964.307000000029802, 5928193.802000001072884 ], [ 566964.308000001125038, 5928193.820000002160668 ], [ 566964.310000001452863, 5928193.843000002205372 ], [ 566964.307000000029802, 5928193.884999999776483 ], [ 566964.298000000417233, 5928193.927999999374151 ], [ 566964.28899999987334, 5928193.953000001609325 ], [ 566964.283000000752509, 5928193.969000000506639 ], [ 566964.267, 5928194.0 ], [ 566964.262000001966953, 5928194.009000001475215 ], [ 566964.235000001266599, 5928194.045000001788139 ], [ 566964.223000000230968, 5928194.05800000205636 ], [ 566964.204000000841916, 5928194.077000003308058 ], [ 566964.186000000685453, 5928194.091000003740191 ], [ 566964.169999999925494, 5928194.103000001981854 ], [ 566964.149000001139939, 5928194.115000000223517 ], [ 566964.133000001311302, 5928194.124000001698732 ], [ 566964.111999999731779, 5928194.133000001311302 ], [ 566964.095000000670552, 5928194.140000004321337 ], [ 566964.078000000678003, 5928194.144000003114343 ], [ 566964.057000000029802, 5928194.149000000208616 ], [ 566964.047000001184642, 5928194.151000000536442 ], [ 566964.020999999716878, 5928194.153999999165535 ], [ 566963.985999999567866, 5928194.155000001192093 ], [ 566963.951000000350177, 5928194.151999998837709 ], [ 566963.915000001899898, 5928194.144000003114343 ], [ 566963.879000000655651, 5928194.131999999284744 ], [ 566963.861999999731779, 5928194.124000001698732 ], [ 566963.842000001110137, 5928194.114 ], [ 566963.807000000029802, 5928194.090000001713634 ], [ 566963.791000001132488, 5928194.0760000012815 ], [ 566963.774000000208616, 5928194.060999998822808 ], [ 566963.757000000216067, 5928194.041000001132488 ], [ 566963.746000000275671, 5928194.027000000700355 ], [ 566963.727000001817942, 5928193.997999997809529 ], [ 566963.722000000998378, 5928193.989000003784895 ], [ 566963.704000000841916, 5928193.948000000789762 ] ], [ [ 566959.885999999940395, 5928198.223000003024936 ], [ 566959.873999999836087, 5928198.23900000192225 ], [ 566959.856999999843538, 5928198.263000000268221 ], [ 566959.823000001721084, 5928198.297000002115965 ], [ 566959.801000001840293, 5928198.314000001177192 ], [ 566959.785000001080334, 5928198.3260000012815 ], [ 566959.764000002294779, 5928198.338999999687076 ], [ 566959.746000002138317, 5928198.349000001326203 ], [ 566959.728000001050532, 5928198.355999998748302 ], [ 566959.706000001169741, 5928198.365000000223517 ], [ 566959.696000000461936, 5928198.368000002577901 ], [ 566959.667000000365078, 5928198.377000002190471 ], [ 566959.628999999724329, 5928198.383000005036592 ], [ 566959.590000000782311, 5928198.385000001639128 ], [ 566959.560000001452863, 5928198.383000005036592 ], [ 566959.5489999987185, 5928198.381999999284744 ], [ 566959.507000001147389, 5928198.373999999836087 ], [ 566959.464000000618398, 5928198.359999999403954 ], [ 566959.42200000025332, 5928198.338999999687076 ], [ 566959.401999999769032, 5928198.3260000012815 ], [ 566959.381000000983477, 5928198.311999998986721 ], [ 566959.359000001102686, 5928198.292999997735023 ], [ 566959.344000001437962, 5928198.280000003054738 ], [ 566959.319000001065433, 5928198.25 ], [ 566959.312000000849366, 5928198.24100000038743 ], [ 566959.306000001728535, 5928198.232000004500151 ], [ 566959.286000001244247, 5928198.199000000953674 ], [ 566959.266000000759959, 5928198.15400000102818 ], [ 566959.253000001423061, 5928198.107000002637506 ], [ 566959.246999999508262, 5928198.061000000685453 ], [ 566959.246999999508262, 5928198.015000002458692 ], [ 566959.253000001423061, 5928197.972000000998378 ], [ 566959.255000000819564, 5928197.96200000308454 ], [ 566959.263000000268221, 5928197.933000000193715 ], [ 566959.276000000536442, 5928197.896999999880791 ], [ 566959.294000000692904, 5928197.861999999731779 ], [ 566959.31700000166893, 5928197.828000001609325 ], [ 566959.332000001333654, 5928197.810000002384186 ], [ 566959.345000000670552, 5928197.796 ], [ 566959.360000000335276, 5928197.781999999657273 ], [ 566959.378999999724329, 5928197.765000000596046 ], [ 566959.418000000528991, 5928197.73900000192225 ], [ 566959.439000002108514, 5928197.727999998256564 ], [ 566959.461000001989305, 5928197.717000002041459 ], [ 566959.489000000990927, 5928197.708000000566244 ], [ 566959.50800000037998, 5928197.701999999582767 ], [ 566959.54600000102073, 5928197.695000002160668 ], [ 566959.557000000961125, 5928197.693 ], [ 566959.56800000090152, 5928197.693 ], [ 566959.606999999843538, 5928197.692000003531575 ], [ 566959.626000001095235, 5928197.69400000013411 ], [ 566959.656000000424683, 5928197.697000004351139 ], [ 566959.679999999701977, 5928197.70299999974668 ], [ 566959.703000000678003, 5928197.708999997004867 ], [ 566959.727000000886619, 5928197.71900000423193 ], [ 566959.746000002138317, 5928197.727000001817942 ], [ 566959.768000002019107, 5928197.740000002086163 ], [ 566959.785000001080334, 5928197.749999998137355 ], [ 566959.801000001840293, 5928197.762000001966953 ], [ 566959.820000000298023, 5928197.776000002399087 ], [ 566959.82799999974668, 5928197.784000001847744 ], [ 566959.849000001326203, 5928197.803999999538064 ], [ 566959.873999999836087, 5928197.833999998867512 ], [ 566959.89400000218302, 5928197.867000000551343 ], [ 566959.907999999821186, 5928197.894000001251698 ], [ 566959.912000002339482, 5928197.903999999165535 ], [ 566959.920000000856817, 5928197.925999999046326 ], [ 566959.927000002004206, 5928197.945000000298023 ], [ 566959.931000000797212, 5928197.964000001549721 ], [ 566959.935999999754131, 5928197.989 ], [ 566959.938000001944602, 5928198.009000001475215 ], [ 566959.939000000245869, 5928198.03600000217557 ], [ 566959.938000001944602, 5928198.059000002220273 ], [ 566959.935999999754131, 5928198.084000000730157 ], [ 566959.929999999701977, 5928198.112999999895692 ], [ 566959.926000000908971, 5928198.132000001147389 ], [ 566959.91300000064075, 5928198.169000003486872 ], [ 566959.909000000916421, 5928198.178999999538064 ], [ 566959.90400000102818, 5928198.189000001177192 ], [ 566959.885999999940395, 5928198.223000003024936 ] ], [ [ 566960.241000002250075, 5928195.627000002190471 ], [ 566961.215000001713634, 5928195.608000000938773 ], [ 566961.233, 5928196.541000001132488 ], [ 566960.25899999961257, 5928196.55999999679625 ], [ 566960.241000002250075, 5928195.627000002190471 ] ], [ [ 566958.660000000149012, 5928200.237999999895692 ], [ 566957.697000000625849, 5928200.256000004708767 ], [ 566957.679000000469387, 5928199.290000000968575 ], [ 566958.642, 5928199.270999999716878 ], [ 566958.660000000149012, 5928200.237999999895692 ] ], [ [ 566961.406000000424683, 5928199.155999999493361 ], [ 566961.417000000365078, 5928200.151000000536442 ], [ 566960.422000002115965, 5928200.162000002339482 ], [ 566960.41100000217557, 5928199.167000001296401 ], [ 566961.406000000424683, 5928199.155999999493361 ] ] ] } },
{ "type": "Feature", "properties": { "gebaeude_id": "DEHHALKA1fo000Be", "dachneig": 0.0, "dachfl_2d": 115.792, "dachfl_3d": 115.792, "area_m2": 115.8 }, "geometry": { "type": "Polygon", "coordinates": [ [ [ 566957.42200000025332, 5928205.646000003442168 ], [ 566957.968000000342727, 5928219.01799999922514 ], [ 566959.679000001400709, 5928218.928999997675419 ], [ 566959.692999999970198, 5928219.302000001072884 ], [ 566966.240000000223517, 5928218.982999999076128 ], [ 566965.541000001132488, 5928204.427000002935529 ], [ 566958.183000001125038, 5928204.789000002667308 ], [ 566957.42200000025332, 5928205.646000003442168 ] ], [ [ 566960.67200000025332, 5928205.065000001341105 ], [ 566961.655000002123415, 5928205.053999999538064 ], [ 566961.666000002063811, 5928206.02000000141561 ], [ 566960.683000000193715, 5928206.030999999493361 ], [ 566960.67200000025332, 5928205.065000001341105 ] ], [ [ 566962.048000001348555, 5928213.432000003755093 ], [ 566962.065000001341105, 5928214.393000001087785 ], [ 566961.049999999813735, 5928214.411000000312924 ], [ 566961.033000000752509, 5928213.449000002816319 ], [ 566962.048000001348555, 5928213.432000003755093 ] ], [ [ 566961.839000000618398, 5928208.609000001102686 ], [ 566961.871000001206994, 5928209.61600000038743 ], [ 566960.863999999128282, 5928209.648000001907349 ], [ 566960.832000000402331, 5928208.641000002622604 ], [ 566961.839000000618398, 5928208.609000001102686 ] ] ] } },
{ "type": "Feature", "properties": { "gebaeude_id": "DEHHALKA1fo000Be", "dachneig": 4.404, "dachfl_2d": 182.275, "dachfl_3d": 182.836, "area_m2": 182.3 }, "geometry": { "type": "Polygon", "coordinates": [ [ [ 566972.50800000037998, 5928219.42 ], [ 566978.838000000454485, 5928219.123000003397465 ], [ 566978.209000000730157, 5928206.030999999493361 ], [ 566978.549000000581145, 5928204.946000000461936 ], [ 566978.474999999627471, 5928203.946000000461936 ], [ 566978.070000001229346, 5928203.052000002935529 ], [ 566977.418999999761581, 5928188.977000001817942 ], [ 566977.025000001303852, 5928188.99800000153482 ], [ 566977.027000000700355, 5928189.117000000551343 ], [ 566971.267000000923872, 5928189.379000002518296 ], [ 566972.50800000037998, 5928219.42 ] ], [ [ 566974.997999999672174, 5928206.02000000141561 ], [ 566974.43400000128895, 5928205.625 ], [ 566974.034000001847744, 5928205.05800000205636 ], [ 566973.984000000171363, 5928204.271000001579523 ], [ 566974.453000000678003, 5928203.543999999761581 ], [ 566975.349000002257526, 5928203.221000004559755 ], [ 566976.21000000089407, 5928203.338000001385808 ], [ 566976.583999999798834, 5928203.731000000610948 ], [ 566976.695000000298023, 5928205.53800000064075 ], [ 566976.117000000551343, 5928205.970000000670552 ], [ 566975.571999999694526, 5928206.104000002145767 ], [ 566974.997999999672174, 5928206.02000000141561 ] ] ] } },
{ "type": "Feature", "properties": { "gebaeude_id": "DEHHALKA1fo000Be", "dachneig": 4.332, "dachfl_2d": 189.981, "dachfl_3d": 190.543, "area_m2": 190.0 }, "geometry": { "type": "Polygon", "coordinates": [ [ [ 566971.267000000923872, 5928189.379000002518296 ], [ 566966.281999999657273, 5928189.605999998748302 ], [ 566965.759000000543892, 5928189.630000000819564 ], [ 566965.752000000327826, 5928189.494000002741814 ], [ 566964.825000001117587, 5928189.545 ], [ 566965.00899999961257, 5928193.365000002086163 ], [ 566965.43300000205636, 5928202.191999999806285 ], [ 566965.441000000573695, 5928202.349000003188848 ], [ 566965.527999999932945, 5928204.17200000025332 ], [ 566965.541000001132488, 5928204.427000002935529 ], [ 566966.276000000536442, 5928219.71200000308454 ], [ 566972.50800000037998, 5928219.42 ], [ 566971.267000000923872, 5928189.379000002518296 ] ], [ [ 566970.976999999955297, 5928208.830000001937151 ], [ 566970.949000000953674, 5928207.930000001564622 ], [ 566971.846999999135733, 5928207.912999998778105 ], [ 566971.873999999836087, 5928208.812000000849366 ], [ 566970.976999999955297, 5928208.830000001937151 ] ] ] } },
{ "type": "Feature", "properties": { "gebaeude_id": "DEHHALKA1fo000Be", "dachneig": 12.0, "dachfl_2d": 31.574, "dachfl_3d": 32.289, "area_m2": 31.6 }, "geometry": { "type": "Polygon", "coordinates": [ [ [ 566956.837999999523163, 5928193.754999998956919 ], [ 566963.665000000968575, 5928193.428999999538064 ], [ 566965.00899999961257, 5928193.365000002086163 ], [ 566964.825000001117587, 5928189.545 ], [ 566956.623000000603497, 5928189.879000002518296 ], [ 566956.688000001944602, 5928191.054000001400709 ], [ 566956.837999999523163, 5928193.754999998956919 ] ] ] } },
{ "type": "Feature", "properties": { "gebaeude_id": "DEHHALKA1fo000Be", "dachneig": 5.195, "dachfl_2d": 101.642, "dachfl_3d": 102.291, "area_m2": 101.6 }, "geometry": { "type": "Polygon", "coordinates": [ [ [ 566896.15400000102818, 5928192.877000000327826 ], [ 566896.565999999642372, 5928201.711000001057982 ], [ 566896.438000000081956, 5928201.712000001221895 ], [ 566896.920000000856817, 5928211.802000002935529 ], [ 566902.464999999850988, 5928211.51800000295043 ], [ 566902.044000000692904, 5928204.678999999538064 ], [ 566901.697000000625849, 5928199.034000001847744 ], [ 566901.689000001177192, 5928198.885000003501773 ], [ 566901.358, 5928192.632000003010035 ], [ 566896.15400000102818, 5928192.877000000327826 ] ] ] } },
{ "type": "Feature", "properties": { "gebaeude_id": "DEHHALKA1fo000Be", "dachneig": 0.0, "dachfl_2d": 522.431, "dachfl_3d": 522.431, "area_m2": 522.4 }, "geometry": { "type": "Polygon", "coordinates": [ [ [ 566888.298000001348555, 5928155.148000003769994 ], [ 566888.165000000968575, 5928151.818 ], [ 566891.302000001072884, 5928151.650000000372529 ], [ 566891.311000000685453, 5928151.908999998122454 ], [ 566891.424999999813735, 5928154.903000000864267 ], [ 566891.427000000141561, 5928154.903000000864267 ], [ 566894.201999999582767, 5928154.804999999701977 ], [ 566894.313000000081956, 5928154.802000002935529 ], [ 566894.185000000521541, 5928152.05599999986589 ], [ 566914.542000000365078, 5928151.166999999433756 ], [ 566914.340000001713634, 5928146.561999998986721 ], [ 566905.963000000454485, 5928146.980999998748302 ], [ 566905.320000000298023, 5928132.26799999922514 ], [ 566878.655999999493361, 5928133.546 ], [ 566879.696999999694526, 5928155.512000000104308 ], [ 566888.298000001348555, 5928155.148000003769994 ] ], [ [ 566892.841000000014901, 5928144.467000002041459 ], [ 566892.861000000499189, 5928144.995000001043081 ], [ 566892.377000000327826, 5928145.014000002294779 ], [ 566892.356000000610948, 5928144.485999999567866 ], [ 566892.841000000014901, 5928144.467000002041459 ] ], [ [ 566880.035000000149012, 5928139.783000003546476 ], [ 566880.024000000208616, 5928139.290000000968575 ], [ 566880.578999999910593, 5928139.278000000864267 ], [ 566880.589999999850988, 5928139.770000003278255 ], [ 566880.035000000149012, 5928139.783000003546476 ] ], [ [ 566879.987000000663102, 5928140.41300000064075 ], [ 566879.992999999783933, 5928141.361999999731779 ], [ 566879.632000001147389, 5928141.36400000192225 ], [ 566879.625000000931323, 5928140.41499999910593 ], [ 566879.987000000663102, 5928140.41300000064075 ] ], [ [ 566887.132000000216067, 5928153.480000000447035 ], [ 566886.097000000998378, 5928153.508000003173947 ], [ 566886.088000001385808, 5928153.173000004142523 ], [ 566887.0760000012815, 5928153.146999999880791 ], [ 566887.12400000076741, 5928153.145999997854233 ], [ 566887.132000000216067, 5928153.480000000447035 ] ], [ [ 566887.094000001437962, 5928153.809000004082918 ], [ 566887.111000001430511, 5928154.223000001162291 ], [ 566886.108000000938773, 5928154.263000002130866 ], [ 566886.091000000014901, 5928153.848999999463558 ], [ 566887.094000001437962, 5928153.809000004082918 ] ], [ [ 566883.377000001259148, 5928154.813000004738569 ], [ 566883.355999999679625, 5928154.281000003218651 ], [ 566884.025000001303852, 5928154.254000002518296 ], [ 566884.052000000141561, 5928154.92 ], [ 566883.38300000037998, 5928154.947000000625849 ], [ 566883.377000001259148, 5928154.813000004738569 ] ], [ [ 566885.705000000074506, 5928154.198999999091029 ], [ 566885.20299999974668, 5928154.227000001817942 ], [ 566885.150000000372529, 5928153.255000000819564 ], [ 566885.652000000700355, 5928153.228000001981854 ], [ 566885.705000000074506, 5928154.198999999091029 ] ], [ [ 566907.54600000102073, 5928147.256999999284744 ], [ 566907.5970000019297, 5928148.541000002995133 ], [ 566906.300999999977648, 5928148.593000002205372 ], [ 566906.249000001698732, 5928147.309000004082918 ], [ 566907.54600000102073, 5928147.256999999284744 ] ], [ [ 566902.342000000178814, 5928146.705 ], [ 566902.475999999791384, 5928149.60500000230968 ], [ 566899.279000000096858, 5928149.752000002190471 ], [ 566899.145000000484288, 5928146.852000001817942 ], [ 566902.342000000178814, 5928146.705 ] ], [ [ 566885.070000002160668, 5928151.764000000432134 ], [ 566884.956000000238419, 5928148.119000000879169 ], [ 566884.936000000685453, 5928148.120000001043081 ], [ 566884.900000002235174, 5928146.923000002279878 ], [ 566884.86699999962002, 5928145.84600000269711 ], [ 566886.708000000566244, 5928145.787999998778105 ], [ 566886.70200000051409, 5928145.606000002473593 ], [ 566888.390000000596046, 5928145.553000001236796 ], [ 566888.429000000469387, 5928146.813000002875924 ], [ 566888.491999998688698, 5928146.811000000685453 ], [ 566888.52900000102818, 5928148.008000005036592 ], [ 566888.643000000156462, 5928151.653000002726912 ], [ 566885.070000002160668, 5928151.764000000432134 ] ], [ [ 566881.561999999918044, 5928151.956000002101064 ], [ 566881.593000000342727, 5928154.061000002548099 ], [ 566881.596000000834465, 5928154.066999999806285 ], [ 566881.742999999783933, 5928154.374000003561378 ], [ 566881.749000001698732, 5928154.84600000269711 ], [ 566881.002999999560416, 5928154.860999999567866 ], [ 566880.988000000827014, 5928154.860999999567866 ], [ 566880.993000000715256, 5928154.355000000447035 ], [ 566880.78600000217557, 5928154.030999999493361 ], [ 566880.71000000089407, 5928151.975999999791384 ], [ 566880.617999999783933, 5928151.570000000298023 ], [ 566880.580000001005828, 5928151.572000002488494 ], [ 566880.24000000115484, 5928144.626000002026558 ], [ 566879.627000000327826, 5928144.656000001356006 ], [ 566879.582000002264977, 5928143.734999999403954 ], [ 566880.195000000298023, 5928143.705 ], [ 566881.317000000737607, 5928143.651000000536442 ], [ 566881.286000000312924, 5928143.021000001579523 ], [ 566882.208000000566244, 5928142.976000001654029 ], [ 566882.239000000990927, 5928143.60500000230968 ], [ 566882.332000001333654, 5928143.601000003516674 ], [ 566882.650000001303852, 5928150.083999998867512 ], [ 566883.053000002168119, 5928150.065000001341105 ], [ 566883.087000000290573, 5928150.776999998837709 ], [ 566882.684000002220273, 5928150.79700000025332 ], [ 566882.810000002384186, 5928153.374000001698732 ], [ 566882.620000000111759, 5928153.995999999344349 ], [ 566882.719000001437962, 5928154.265000000596046 ], [ 566882.722000000067055, 5928154.321000002324581 ], [ 566882.754000001586974, 5928154.838000003248453 ], [ 566882.747000000439584, 5928154.838999999687076 ], [ 566881.938000000081956, 5928154.877999998629093 ], [ 566881.849000002257526, 5928153.99100000038743 ], [ 566881.719000000506639, 5928153.429999999701977 ], [ 566881.795000000856817, 5928153.4239999987185 ], [ 566881.70200000051409, 5928151.517000000923872 ], [ 566881.564000000245869, 5928151.524000002071261 ], [ 566881.561999999918044, 5928151.956000002101064 ] ] ] } },
{ "type": "Feature", "properties": { "gebaeude_id": "DEHHALKA1fo000Be", "dachneig": 0.0, "dachfl_2d": 1737.018, "dachfl_3d": 1737.018, "area_m2": 1737.0 }, "geometry": { "type": "Polygon", "coordinates": [ [ [ 566956.623000000603497, 5928189.879000002518296 ], [ 566964.825000001117587, 5928189.545 ], [ 566965.752000000327826, 5928189.494000002741814 ], [ 566964.359000001102686, 5928162.273 ], [ 566963.141000000759959, 5928162.322000000625849 ], [ 566961.322000000625849, 5928160.583000002428889 ], [ 566961.331000000238419, 5928159.954000001773238 ], [ 566961.292000001296401, 5928159.955999998375773 ], [ 566905.685999999754131, 5928162.598000003024936 ], [ 566907.076000002212822, 5928192.363000003620982 ], [ 566921.474000001326203, 5928191.563999999314547 ], [ 566939.767, 5928190.679000003263354 ], [ 566939.769000000320375, 5928190.718000002205372 ], [ 566956.623000000603497, 5928189.879000002518296 ] ] ] } },
{ "type": "Feature", "properties": { "gebaeude_id": "DEHHALKA4xn0009i", "dachneig": 0.0, "dachfl_2d": 80.58, "dachfl_3d": 80.58, "area_m2": 80.6 }, "geometry": { "type": "Polygon", "coordinates": [ [ [ 566815.014000001363456, 5928340.936000002548099 ], [ 566815.004999998956919, 5928340.865000002086163 ], [ 566809.410000001080334, 5928341.623999999836087 ], [ 566811.328999999910593, 5928355.76799999922514 ], [ 566816.923000002279878, 5928355.009000001475215 ], [ 566815.014000001363456, 5928340.936000002548099 ] ] ] } },
{ "type": "Feature", "properties": { "gebaeude_id": "DEHHALKA4xn0009h", "dachneig": 1.049, "dachfl_2d": 45.797, "dachfl_3d": 45.805, "area_m2": 45.8 }, "geometry": { "type": "Polygon", "coordinates": [ [ [ 566831.714000000618398, 5928382.440000005066395 ], [ 566831.006000000052154, 5928374.281000003218651 ], [ 566825.432000000029802, 5928374.724999999627471 ], [ 566826.116000001318753, 5928382.856000000610948 ], [ 566831.714000000618398, 5928382.440000005066395 ] ] ] } },
{ "type": "Feature", "properties": { "gebaeude_id": "DEHHALKA4xn0009h", "dachneig": 16.273, "dachfl_2d": 30.27, "dachfl_3d": 31.512, "area_m2": 30.3 }, "geometry": { "type": "Polygon", "coordinates": [ [ [ 566830.540000000037253, 5928368.907000001519918 ], [ 566824.971000000834465, 5928369.25 ], [ 566825.409000001847744, 5928374.449000002816319 ], [ 566825.428000000305474, 5928374.679000003263354 ], [ 566831.006000000052154, 5928374.27900000102818 ], [ 566830.540000000037253, 5928368.907000001519918 ] ] ] } },
{ "type": "Feature", "properties": { "gebaeude_id": "DEHHALKAJ0000wX2", "dachneig": 0.0, "dachfl_2d": 186.733, "dachfl_3d": 186.733, "area_m2": 186.7 }, "geometry": { "type": "Polygon", "coordinates": [ [ [ 566953.457999999634922, 5928422.456000003963709 ], [ 566953.623000000603497, 5928422.32799999974668 ], [ 566954.50800000037998, 5928421.646000001579523 ], [ 566954.08600000012666, 5928419.039000002667308 ], [ 566952.915000000037253, 5928418.622000001370907 ], [ 566952.346000000834465, 5928418.770999999716878 ], [ 566952.337000001221895, 5928418.704000003635883 ], [ 566951.599000001326203, 5928413.464999999850988 ], [ 566952.814000000245869, 5928413.300000002607703 ], [ 566952.432000000961125, 5928410.480999998748302 ], [ 566944.003999999724329, 5928411.762000003829598 ], [ 566944.082000000402331, 5928412.208999998867512 ], [ 566942.98200000077486, 5928412.366999998688698 ], [ 566943.855000000447035, 5928418.233000000938773 ], [ 566942.617000000551343, 5928418.417999999597669 ], [ 566944.229000001214445, 5928429.127000002190471 ], [ 566943.044999999925494, 5928429.274000003933907 ], [ 566943.446999999694526, 5928431.797000002115965 ], [ 566952.809000000357628, 5928430.275000000372529 ], [ 566952.299999998882413, 5928426.758000001311302 ], [ 566953.503000000491738, 5928426.561999998986721 ], [ 566952.887000001035631, 5928422.544000003486872 ], [ 566952.88399999961257, 5928422.522000003606081 ], [ 566953.457999999634922, 5928422.456000003963709 ] ], [ [ 566949.37400000076741, 5928422.58500000461936 ], [ 566949.198000001721084, 5928421.398000001907349 ], [ 566950.054000000469387, 5928421.271999999880791 ], [ 566950.229000000283122, 5928422.458000000566244 ], [ 566949.37400000076741, 5928422.58500000461936 ] ] ] } },
{ "type": "Feature", "properties": { "gebaeude_id": "DEHHALKAJ0000wX2", "dachneig": 0.0, "dachfl_2d": 87.119, "dachfl_3d": 87.119, "area_m2": 87.1 }, "geometry": { "type": "Polygon", "coordinates": [ [ [ 566946.564999999478459, 5928402.593999998643994 ], [ 566953.354000001214445, 5928401.581999998539686 ], [ 566954.17200000025332, 5928400.887000001966953 ], [ 566953.779000000096858, 5928398.389000000432134 ], [ 566952.745000000111759, 5928397.963999999687076 ], [ 566951.235000001266599, 5928398.235999997705221 ], [ 566949.984000001102686, 5928390.083999998867512 ], [ 566946.38399999961257, 5928390.631999999284744 ], [ 566946.566000000573695, 5928391.823000000789762 ], [ 566942.293000000528991, 5928392.427000001072884 ], [ 566943.159999999217689, 5928398.385000001639128 ], [ 566942.28800000064075, 5928398.484000002965331 ], [ 566942.503000001423061, 5928399.81900000013411 ], [ 566946.092000000178814, 5928399.220000000670552 ], [ 566946.564999999478459, 5928402.593999998643994 ] ], [ [ 566948.342000000178814, 5928399.622000001370907 ], [ 566947.856000000610948, 5928399.680000001564622 ], [ 566947.799000001512468, 5928399.21200000308454 ], [ 566948.285000001080334, 5928399.153000000864267 ], [ 566948.342000000178814, 5928399.622000001370907 ] ], [ [ 566947.118000000715256, 5928397.981000000610948 ], [ 566947.019000001251698, 5928397.156000001356006 ], [ 566947.723000000230968, 5928397.071000000461936 ], [ 566947.821999999694526, 5928397.896999999880791 ], [ 566947.118000000715256, 5928397.981000000610948 ] ], [ [ 566949.668999999761581, 5928399.24100000038743 ], [ 566949.962000001221895, 5928401.276999998837709 ], [ 566948.94300000090152, 5928401.423000000417233 ], [ 566948.650000001303852, 5928399.387000000104308 ], [ 566949.668999999761581, 5928399.24100000038743 ] ] ] } },
{ "type": "Feature", "properties": { "gebaeude_id": "DEHHALKAJ0000wX2", "dachneig": 0.0, "dachfl_2d": 64.164, "dachfl_3d": 64.164, "area_m2": 64.2 }, "geometry": { "type": "Polygon", "coordinates": [ [ [ 566946.564999999478459, 5928402.593999998643994 ], [ 566946.316000000573695, 5928400.816000001505017 ], [ 566943.310000001452863, 5928401.232000002637506 ], [ 566944.63399999961257, 5928410.059000000357628 ], [ 566952.795000001788139, 5928408.866999998688698 ], [ 566951.790000000037253, 5928401.81500000320375 ], [ 566946.564999999478459, 5928402.593999998643994 ] ], [ [ 566947.49000000115484, 5928404.828000001609325 ], [ 566947.167000001296401, 5928404.877000002190471 ], [ 566947.099000001326203, 5928404.426000002771616 ], [ 566947.423000000417233, 5928404.377999998629093 ], [ 566947.49000000115484, 5928404.828000001609325 ] ] ] } },
{ "type": "Feature", "properties": { "gebaeude_id": "DEHHALKAJ0000waY", "dachneig": 0.0, "dachfl_2d": 61.031, "dachfl_3d": 61.031, "area_m2": 61.0 }, "geometry": { "type": "Polygon", "coordinates": [ [ [ 566949.966000000946224, 5928376.081000000238419 ], [ 566949.798999999649823, 5928376.107999999076128 ], [ 566949.790000000968575, 5928376.044999998062849 ], [ 566948.85700000077486, 5928376.180000001564622 ], [ 566948.846000000834465, 5928376.182000003755093 ], [ 566948.75899999961257, 5928375.512000000104308 ], [ 566947.563000001013279, 5928375.667000001296401 ], [ 566946.196000002324581, 5928375.843000000342727 ], [ 566947.176000000908971, 5928382.124000001698732 ], [ 566945.360000001266599, 5928382.371000001206994 ], [ 566946.328999999910593, 5928389.129000002518296 ], [ 566950.426000000908971, 5928388.502000004053116 ], [ 566949.74199999962002, 5928383.962000001221895 ], [ 566953.066000000573695, 5928383.466 ], [ 566952.317999999970198, 5928378.619000000879169 ], [ 566951.31800000090152, 5928378.740999998524785 ], [ 566951.543000000528991, 5928380.280000001192093 ], [ 566950.705000001937151, 5928380.384999999776483 ], [ 566950.468000001274049, 5928378.844000000506639 ], [ 566950.408000000752509, 5928378.850999999791384 ], [ 566949.966000000946224, 5928376.081000000238419 ] ], [ [ 566947.489000000059605, 5928384.35500000230968 ], [ 566947.224999999627471, 5928384.391000002622604 ], [ 566947.149000000208616, 5928383.839000001549721 ], [ 566947.412999999709427, 5928383.803000001236796 ], [ 566947.489000000059605, 5928384.35500000230968 ] ], [ [ 566947.651000001467764, 5928376.352000001817942 ], [ 566947.923999999649823, 5928376.736000001430511 ], [ 566947.501000001095235, 5928377.036000000312924 ], [ 566947.229000001214445, 5928376.650999998673797 ], [ 566947.651000001467764, 5928376.352000001817942 ] ], [ [ 566949.606000000610948, 5928379.344000000506639 ], [ 566949.502000000327826, 5928378.618000000715256 ], [ 566950.174999999813735, 5928378.522000001743436 ], [ 566950.279000000096858, 5928379.247000001370907 ], [ 566949.606000000610948, 5928379.344000000506639 ] ] ] } },
{ "type": "Feature", "properties": { "gebaeude_id": "DEHHALKAJ0000waY", "dachneig": 0.0, "dachfl_2d": 169.045, "dachfl_3d": 169.045, "area_m2": 169.0 }, "geometry": { "type": "Polygon", "coordinates": [ [ [ 566953.31800000090152, 5928385.096000000834465 ], [ 566953.996000000275671, 5928385.899000003933907 ], [ 566956.526999999769032, 5928385.51800000295043 ], [ 566956.86600000038743, 5928384.554000001400709 ], [ 566956.85700000077486, 5928384.484000002965331 ], [ 566956.65400000102818, 5928382.974999999627471 ], [ 566960.300000000745058, 5928382.410000000149012 ], [ 566960.428999999538064, 5928383.353000001981854 ], [ 566968.485000000335276, 5928382.098000003024936 ], [ 566968.699000000022352, 5928383.583999998867512 ], [ 566969.89400000218302, 5928383.412000000476837 ], [ 566970.136000000871718, 5928385.019000003114343 ], [ 566970.842000000178814, 5928385.824999999254942 ], [ 566973.264999998733401, 5928385.443000001832843 ], [ 566973.717000000178814, 5928384.489000003784895 ], [ 566972.659000000916421, 5928377.781999999657273 ], [ 566971.025000001303852, 5928377.992000002413988 ], [ 566970.562000000849366, 5928374.391000002622604 ], [ 566964.314999999478459, 5928375.35700000077486 ], [ 566964.100000000558794, 5928374.052000002935529 ], [ 566951.424000000581145, 5928376.015000000596046 ], [ 566951.637000001035631, 5928377.352000001817942 ], [ 566952.111000000499189, 5928377.278000002726912 ], [ 566953.31800000090152, 5928385.096000000834465 ] ], [ [ 566969.051000000908971, 5928378.512000000104308 ], [ 566969.371000000275671, 5928378.475000003352761 ], [ 566969.416000001132488, 5928378.872999999672174 ], [ 566969.096000001765788, 5928378.909 ], [ 566969.051000000908971, 5928378.512000000104308 ] ], [ [ 566972.035000000149012, 5928379.999999998137355 ], [ 566971.963000000454485, 5928379.531999999657273 ], [ 566972.498000000603497, 5928379.450000001117587 ], [ 566972.570000000298023, 5928379.918000001460314 ], [ 566972.035000000149012, 5928379.999999998137355 ] ], [ [ 566958.206000002101064, 5928378.184000004082918 ], [ 566958.238000000827014, 5928378.504000000655651 ], [ 566957.435000001452863, 5928378.585999999195337 ], [ 566957.401999999769032, 5928378.266000000759959 ], [ 566958.206000002101064, 5928378.184000004082918 ] ], [ [ 566968.116999998688698, 5928379.02900000102818 ], [ 566968.019999999552965, 5928378.245999999344349 ], [ 566968.777000000700355, 5928378.151999998837709 ], [ 566968.8260000012815, 5928378.542999999597669 ], [ 566968.87400000076741, 5928378.934999998658895 ], [ 566968.116999998688698, 5928379.02900000102818 ] ], [ [ 566955.105999999679625, 5928377.581000002101064 ], [ 566955.178999999538064, 5928378.173000002279878 ], [ 566954.032999999821186, 5928378.312999999150634 ], [ 566953.961000001057982, 5928377.722000000998378 ], [ 566955.105999999679625, 5928377.581000002101064 ] ], [ [ 566958.206000002101064, 5928381.039000004529953 ], [ 566957.246999999508262, 5928381.160000002011657 ], [ 566957.120000000111759, 5928380.162000002339482 ], [ 566958.079000000841916, 5928380.03999999910593 ], [ 566958.206000002101064, 5928381.039000004529953 ] ], [ [ 566955.435999999754131, 5928380.374000001698732 ], [ 566955.570000001229346, 5928381.438000001013279 ], [ 566953.541000001132488, 5928381.69400000013411 ], [ 566953.406000000424683, 5928380.631000002846122 ], [ 566955.435999999754131, 5928380.374000001698732 ] ], [ [ 566972.457000002264977, 5928381.295 ], [ 566970.398000000044703, 5928381.626000003889203 ], [ 566970.231000000610948, 5928380.583999998867512 ], [ 566972.28899999987334, 5928380.253000000491738 ], [ 566972.457000002264977, 5928381.295 ] ] ] } },
{ "type": "Feature", "properties": { "gebaeude_id": "DEHHALKAJ0000waY", "dachneig": 0.0, "dachfl_2d": 32.815, "dachfl_3d": 32.815, "area_m2": 32.8 }, "geometry": { "type": "Polygon", "coordinates": [ [ [ 566977.116000001318753, 5928382.279000002890825 ], [ 566977.385999999940395, 5928383.796 ], [ 566978.311999999918044, 5928383.653999999165535 ], [ 566977.03899999987334, 5928375.275000002235174 ], [ 566972.358, 5928375.916999999433756 ], [ 566972.659000000916421, 5928377.781999999657273 ], [ 566973.45200000051409, 5928382.807 ], [ 566977.116000001318753, 5928382.279000002890825 ] ], [ [ 566976.135000001639128, 5928379.111999999731779 ], [ 566976.112000000663102, 5928378.740000002086163 ], [ 566976.485000000335276, 5928378.716 ], [ 566976.50899999961257, 5928379.089000003412366 ], [ 566976.135000001639128, 5928379.111999999731779 ] ], [ [ 566974.381000001914799, 5928379.004000002518296 ], [ 566974.493999999947846, 5928379.727 ], [ 566973.699000000022352, 5928379.852000001817942 ], [ 566973.58500000089407, 5928379.129000002518296 ], [ 566974.381000001914799, 5928379.004000002518296 ] ], [ [ 566973.576999999582767, 5928378.124000001698732 ], [ 566973.696000001393259, 5928379.05599999986589 ], [ 566973.036000000312924, 5928379.140000000596046 ], [ 566972.917000000365078, 5928378.208000000566244 ], [ 566973.576999999582767, 5928378.124000001698732 ] ] ] } },
{ "type": "Feature", "properties": { "gebaeude_id": "DEHHALKAJ0000wyO", "dachneig": 9.98, "dachfl_2d": 136.414, "dachfl_3d": 138.308, "area_m2": 136.4 }, "geometry": { "type": "Polygon", "coordinates": [ [ [ 566899.105000000447035, 5928395.587000001221895 ], [ 566897.906000001356006, 5928397.187000000849366 ], [ 566898.386000001803041, 5928401.850000001490116 ], [ 566898.756000000052154, 5928405.636000001803041 ], [ 566899.311000000685453, 5928411.673000002279878 ], [ 566899.550000001676381, 5928411.651999998837709 ], [ 566906.246999999508262, 5928411.052000004798174 ], [ 566906.432000000961125, 5928411.035000000149012 ], [ 566906.397000000812113, 5928410.656000001356006 ], [ 566905.879000000655651, 5928405.096000000834465 ], [ 566905.50800000037998, 5928401.120000001043081 ], [ 566904.232000001706183, 5928387.417000001296401 ], [ 566899.105000000447035, 5928395.587000001221895 ] ] ] } },
{ "type": "Feature", "properties": { "gebaeude_id": "DEHHALKAJ0000wyO", "dachneig": 9.414, "dachfl_2d": 65.521, "dachfl_3d": 66.388, "area_m2": 65.5 }, "geometry": { "type": "Polygon", "coordinates": [ [ [ 566897.965000000782311, 5928394.701999999582767 ], [ 566904.232000001706183, 5928387.417000001296401 ], [ 566890.940999999642372, 5928389.997000001370907 ], [ 566890.587000002153218, 5928390.065999999642372 ], [ 566890.933000001125038, 5928391.966000003740191 ], [ 566891.088999999687076, 5928392.824000004678965 ], [ 566892.095000000670552, 5928392.641000002622604 ], [ 566892.382000000216067, 5928394.222000000998378 ], [ 566891.376000000163913, 5928394.405000003054738 ], [ 566891.885999999009073, 5928397.205000001937151 ], [ 566896.853000000119209, 5928396.276000000536442 ], [ 566897.965000000782311, 5928394.701999999582767 ] ], [ [ 566896.408999999985099, 5928391.81500000320375 ], [ 566897.438000001013279, 5928391.600999999791384 ], [ 566897.623999999836087, 5928392.491999998688698 ], [ 566896.594000001437962, 5928392.706000000238419 ], [ 566896.408999999985099, 5928391.81500000320375 ] ] ] } },
{ "type": "Feature", "properties": { "gebaeude_id": "DEHHALKAJ0000wz6", "dachneig": 5.937, "dachfl_2d": 22.188, "dachfl_3d": 22.31, "area_m2": 22.2 }, "geometry": { "type": "Polygon", "coordinates": [ [ [ 566864.259000001475215, 5928411.984000004827976 ], [ 566860.596000001765788, 5928412.834000000730157 ], [ 566860.606000000610948, 5928412.881000004708767 ], [ 566861.341000000014901, 5928416.100000001490116 ], [ 566870.321000000461936, 5928414.323000000789762 ], [ 566864.259000001475215, 5928411.984000004827976 ] ] ] } },
{ "type": "Feature", "properties": { "gebaeude_id": "DEHHALKAJ0000wz6", "dachneig": 4.359, "dachfl_2d": 66.775, "dachfl_3d": 66.974, "area_m2": 66.8 }, "geometry": { "type": "Polygon", "coordinates": [ [ [ 566861.300000000745058, 5928397.759999999776483 ], [ 566855.917000002227724, 5928394.38399999961257 ], [ 566858.571000000461936, 5928408.147000001743436 ], [ 566859.480000001378357, 5928407.949000002816319 ], [ 566859.687000000849366, 5928408.853000001981854 ], [ 566864.259000001475215, 5928411.984000004827976 ], [ 566861.300000000745058, 5928397.759999999776483 ] ] ] } },
{ "type": "Feature", "properties": { "gebaeude_id": "DEHHALKAJ0000wz6", "dachneig": 4.776, "dachfl_2d": 140.872, "dachfl_3d": 141.36, "area_m2": 140.9 }, "geometry": { "type": "Polygon", "coordinates": [ [ [ 566861.300000000745058, 5928397.759999999776483 ], [ 566890.933000001125038, 5928391.966000003740191 ], [ 566890.217000001110137, 5928388.033000003546476 ], [ 566890.186000000685453, 5928387.860000003129244 ], [ 566890.160000001080334, 5928387.721000000834465 ], [ 566855.917000002227724, 5928394.38399999961257 ], [ 566861.300000000745058, 5928397.759999999776483 ] ] ] } },
{ "type": "Feature", "properties": { "gebaeude_id": "DEHHALKAJ0000wz6", "dachneig": 3.879, "dachfl_2d": 144.942, "dachfl_3d": 145.272, "area_m2": 144.9 }, "geometry": { "type": "Polygon", "coordinates": [ [ [ 566882.19300000090152, 5928399.081000000238419 ], [ 566891.885999999009073, 5928397.205000001937151 ], [ 566890.933000001125038, 5928391.966000003740191 ], [ 566861.300000000745058, 5928397.759999999776483 ], [ 566867.957000000402331, 5928401.943999998271465 ], [ 566878.372000000439584, 5928399.833000000566244 ], [ 566878.406999999657273, 5928399.994000002741814 ], [ 566882.223000000230968, 5928399.229000002145767 ], [ 566882.19300000090152, 5928399.081000000238419 ] ], [ [ 566880.187000001780689, 5928395.249000003561378 ], [ 566878.719000000506639, 5928395.516000000759959 ], [ 566878.569000001065433, 5928394.691000001505017 ], [ 566880.036000000312924, 5928394.424000000581145 ], [ 566880.187000001780689, 5928395.249000003561378 ] ] ] } },
{ "type": "Feature", "properties": { "gebaeude_id": "DEHHALKAJ0000wz6", "dachneig": 3.646, "dachfl_2d": 75.91, "dachfl_3d": 76.068, "area_m2": 75.9 }, "geometry": { "type": "Polygon", "coordinates": [ [ [ 566861.300000000745058, 5928397.759999999776483 ], [ 566864.259000001475215, 5928411.984000004827976 ], [ 566870.321000000461936, 5928414.323000000789762 ], [ 566867.957000000402331, 5928401.943999998271465 ], [ 566861.300000000745058, 5928397.759999999776483 ] ] ] } },
{ "type": "Feature", "properties": { "gebaeude_id": "DEHHALKAJ0000x95", "dachneig": 0.0, "dachfl_2d": 361.521, "dachfl_3d": 361.521, "area_m2": 361.4 }, "geometry": { "type": "Polygon", "coordinates": [ [ [ 566999.914000000804663, 5928315.58500000089407 ], [ 566942.028000000864267, 5928318.351000001654029 ], [ 566942.324000000953674, 5928324.555000001564622 ], [ 567000.099999999976717, 5928321.848387368023396 ], [ 567000.099999999976717, 5928319.452069751918316 ], [ 566999.914000000804663, 5928315.58500000089407 ] ] ] } },
{ "type": "Feature", "properties": { "gebaeude_id": "DEHHALKAJ0000wyo", "dachneig": 3.543, "dachfl_2d": 680.825, "dachfl_3d": 681.96, "area_m2": 680.8 }, "geometry": { "type": "Polygon", "coordinates": [ [ [ 566959.403000000864267, 5928308.630000002682209 ], [ 566962.77000000141561, 5928308.468000004068017 ], [ 566962.848000002093613, 5928310.083000000566244 ], [ 566964.878000001423061, 5928309.977000001817942 ], [ 566978.121000001206994, 5928309.289000002667308 ], [ 566978.050000000745058, 5928307.648 ], [ 566981.456000000238419, 5928307.503000002354383 ], [ 566981.525999999605119, 5928309.150000000372529 ], [ 566990.224000001326203, 5928308.717000000178814 ], [ 566989.623999999836087, 5928296.650000000372529 ], [ 566969.429999999701977, 5928297.640999998897314 ], [ 566966.746000000275671, 5928297.781000001356006 ], [ 566931.55599999986589, 5928299.500000001862645 ], [ 566932.158000000752509, 5928311.568000001832843 ], [ 566940.858, 5928311.161000000312924 ], [ 566940.766000000759959, 5928309.49100000038743 ], [ 566944.158999999985099, 5928309.306000001728535 ], [ 566944.25, 5928310.982000002637506 ], [ 566959.476999999955297, 5928310.183000000193715 ], [ 566959.403000000864267, 5928308.630000002682209 ] ], [ [ 566978.915000000037253, 5928302.228000001981854 ], [ 566978.927000001072884, 5928302.688000002875924 ], [ 566977.833000000566244, 5928302.716 ], [ 566977.821000001393259, 5928302.256000004708767 ], [ 566978.915000000037253, 5928302.228000001981854 ] ], [ [ 566943.928999999538064, 5928303.906000001356006 ], [ 566943.959999999962747, 5928304.353000001981854 ], [ 566942.837000001221895, 5928304.43099999986589 ], [ 566942.806000001728535, 5928303.983999999240041 ], [ 566943.928999999538064, 5928303.906000001356006 ] ], [ [ 566979.988000000827014, 5928302.133000001311302 ], [ 566981.106999999843538, 5928302.096999999135733 ], [ 566981.121999999508262, 5928302.559999998658895 ], [ 566980.003000000491738, 5928302.596000004559755 ], [ 566979.988000000827014, 5928302.133000001311302 ] ], [ [ 566941.703999999910593, 5928304.030000001192093 ], [ 566941.727000000886619, 5928304.519000001251698 ], [ 566940.634000001475215, 5928304.570000002160668 ], [ 566940.611000000499189, 5928304.082000000402331 ], [ 566941.703999999910593, 5928304.030000001192093 ] ], [ [ 566961.406000000424683, 5928303.478000001981854 ], [ 566961.382000000216067, 5928303.001000002026558 ], [ 566962.588000000454485, 5928302.940999999642372 ], [ 566962.611999999731779, 5928303.417999999597669 ], [ 566961.406000000424683, 5928303.478000001981854 ] ], [ [ 566960.31900000013411, 5928303.636000001803041 ], [ 566959.169999999925494, 5928303.704000003635883 ], [ 566959.138000001199543, 5928303.160000002011657 ], [ 566960.28700000140816, 5928303.092000000178814 ], [ 566960.31900000013411, 5928303.636000001803041 ] ], [ [ 566961.190000000409782, 5928306.023000001907349 ], [ 566962.06900000013411, 5928305.989000003784895 ], [ 566962.128000002354383, 5928307.537000000476837 ], [ 566961.250000000931323, 5928307.571000004187226 ], [ 566961.190000000409782, 5928306.023000001907349 ] ] ] } },
{ "type": "Feature", "properties": { "gebaeude_id": "DEHHALKAJ0000xPE", "dachneig": 26.592, "dachfl_2d": 43.482, "dachfl_3d": 49.463, "area_m2": 43.5 }, "geometry": { "type": "Polygon", "coordinates": [ [ [ 566965.839999999850988, 5928556.769000001251698 ], [ 566964.892, 5928556.964000001549721 ], [ 566964.900999999605119, 5928556.995999999344349 ], [ 566965.030999999493361, 5928556.966 ], [ 566965.03700000140816, 5928556.994000000879169 ], [ 566965.20299999974668, 5928557.70299999974668 ], [ 566965.20299999974668, 5928557.705 ], [ 566965.777000000700355, 5928560.164000002667308 ], [ 566964.183000000193715, 5928560.526000002399087 ], [ 566962.23100000154227, 5928561.134000001475215 ], [ 566962.140000000596046, 5928561.162000002339482 ], [ 566961.382000000216067, 5928557.912000000476837 ], [ 566961.360999999567866, 5928557.822000002488494 ], [ 566961.674000000581145, 5928557.748999999836087 ], [ 566957.597000000067055, 5928558.628000000491738 ], [ 566957.837000002153218, 5928559.889000002294779 ], [ 566958.466000000946224, 5928559.747000001370907 ], [ 566958.554000000469387, 5928560.13399999961257 ], [ 566958.88399999961257, 5928561.590000001713634 ], [ 566956.814000002108514, 5928562.062000000849366 ], [ 566956.760999999009073, 5928562.075000001117587 ], [ 566954.725000000558794, 5928562.53600000217557 ], [ 566955.295000000856817, 5928565.050999999046326 ], [ 566955.332000000402331, 5928565.210000002756715 ], [ 566966.177000001072884, 5928562.733000000938773 ], [ 566965.925999999977648, 5928561.586000002920628 ], [ 566966.473000001162291, 5928561.466000001877546 ], [ 566966.519000000320375, 5928561.657999999821186 ], [ 566966.858000001870096, 5928561.586000002920628 ], [ 566965.88399999961257, 5928556.979000000283122 ], [ 566965.839999999850988, 5928556.769000001251698 ] ], [ [ 566959.433000000193715, 5928559.390999998897314 ], [ 566960.581000001169741, 5928559.137000001966953 ], [ 566960.83600000012666, 5928560.291000001132488 ], [ 566959.730999999679625, 5928560.535000002011657 ], [ 566959.686999999918044, 5928560.544000003486872 ], [ 566959.681000000797212, 5928560.51799999922514 ], [ 566959.433000000193715, 5928559.390999998897314 ] ] ] } },
{ "type": "Feature", "properties": { "gebaeude_id": "DEHHALKAJ0000xPE", "dachneig": 28.023, "dachfl_2d": 48.537, "dachfl_3d": 54.914, "area_m2": 48.5 }, "geometry": { "type": "Polygon", "coordinates": [ [ [ 566966.177000001072884, 5928562.733000000938773 ], [ 566955.332000000402331, 5928565.210000002756715 ], [ 566955.545000000856817, 5928566.151000002399087 ], [ 566956.639000001363456, 5928570.975000001490116 ], [ 566958.886000000871718, 5928570.40400000102818 ], [ 566958.238000000827014, 5928567.578000001609325 ], [ 566964.561000000685453, 5928566.128000002354383 ], [ 566965.209999999962747, 5928568.953000003471971 ], [ 566968.265000001527369, 5928568.244000000879169 ], [ 566968.214000000618398, 5928568.001000000163913 ], [ 566967.43099999986589, 5928564.298000000417233 ], [ 566967.058000000193715, 5928562.532000003382564 ], [ 566966.723000001162291, 5928562.608999999240041 ], [ 566966.746000000275671, 5928562.712000001221895 ], [ 566966.247999999672174, 5928562.821000000461936 ], [ 566966.199000000953674, 5928562.832000002264977 ], [ 566966.177000001072884, 5928562.733000000938773 ] ], [ [ 566966.803000002168119, 5928563.514000004157424 ], [ 566966.963999999687076, 5928563.480000000447035 ], [ 566967.032999999821186, 5928563.800999999046326 ], [ 566967.153000000864267, 5928564.357000002637506 ], [ 566966.601999999955297, 5928564.475000001490116 ], [ 566966.41300000064075, 5928563.598000003024936 ], [ 566966.803000002168119, 5928563.514000004157424 ] ], [ [ 566957.71000000089407, 5928568.907000001519918 ], [ 566957.938000001013279, 5928569.8260000012815 ], [ 566957.302000001072884, 5928569.983999999240041 ], [ 566956.996000000275671, 5928568.745000002905726 ], [ 566957.487999999895692, 5928568.624000001698732 ], [ 566957.631000000983477, 5928568.587999999523163 ], [ 566957.71000000089407, 5928568.907000001519918 ] ], [ [ 566962.562999999150634, 5928565.241000002250075 ], [ 566959.801000001840293, 5928565.868000002577901 ], [ 566959.689000000245869, 5928565.37300000153482 ], [ 566962.451000000350177, 5928564.747000003233552 ], [ 566962.562999999150634, 5928565.241000002250075 ] ] ] } },
{ "type": "Feature", "properties": { "gebaeude_id": "DEHHALKAJ0000xRE", "dachneig": 29.404, "dachfl_2d": 42.176, "dachfl_3d": 47.855, "area_m2": 42.2 }, "geometry": { "type": "Polygon", "coordinates": [ [ [ 566944.008000001311302, 5928567.844999998807907 ], [ 566944.621000000275671, 5928567.702000003308058 ], [ 566954.789000000804663, 5928565.336000001057982 ], [ 566955.332000000402331, 5928565.210000002756715 ], [ 566955.295000000856817, 5928565.050999999046326 ], [ 566954.81800000090152, 5928565.159 ], [ 566954.752000001259148, 5928565.173999996855855 ], [ 566954.485000001266599, 5928563.99800000153482 ], [ 566955.029000000096858, 5928563.874000001698732 ], [ 566954.725000000558794, 5928562.53600000217557 ], [ 566952.268000000156462, 5928563.095000000670552 ], [ 566950.362999999895692, 5928563.53800000064075 ], [ 566950.029000001959503, 5928562.06700000166893 ], [ 566949.940999999642372, 5928561.679999999701977 ], [ 566950.52800000179559, 5928561.547000002115965 ], [ 566950.276999999769032, 5928560.409 ], [ 566946.973000001162291, 5928561.08500000089407 ], [ 566947.019999999552965, 5928561.806000001728535 ], [ 566946.425999999977648, 5928561.954 ], [ 566946.630000000819564, 5928562.765000000596046 ], [ 566947.04700000025332, 5928564.421 ], [ 566945.887000000104308, 5928564.590000001713634 ], [ 566945.576000000350177, 5928564.662000002339482 ], [ 566945.524000002071261, 5928564.675000002607703 ], [ 566944.021000001579523, 5928565.024000002071261 ], [ 566943.387000001035631, 5928562.666000004857779 ], [ 566942.858, 5928562.738000001758337 ], [ 566942.713999999687076, 5928562.758000003173947 ], [ 566943.972000000998378, 5928567.69000000320375 ], [ 566944.008000001311302, 5928567.844999998807907 ] ], [ [ 566943.742000000551343, 5928566.417999999597669 ], [ 566944.363000000827014, 5928566.30600000359118 ], [ 566944.593000001274049, 5928567.578000001609325 ], [ 566943.972000000998378, 5928567.69000000320375 ], [ 566943.742000000551343, 5928566.417999999597669 ] ], [ [ 566948.610000001266599, 5928562.114 ], [ 566948.826999999582767, 5928563.089999999850988 ], [ 566947.735000001266599, 5928563.33500000089407 ], [ 566947.519000001251698, 5928562.359000001102686 ], [ 566948.610000001266599, 5928562.114 ] ] ] } },
{ "type": "Feature", "properties": { "gebaeude_id": "DEHHALKAJ0000xRE", "dachneig": 27.856, "dachfl_2d": 53.946, "dachfl_3d": 60.994, "area_m2": 53.9 }, "geometry": { "type": "Polygon", "coordinates": [ [ [ 566946.743000000715256, 5928570.211000001057982 ], [ 566949.246000001206994, 5928569.624000001698732 ], [ 566953.243000000715256, 5928568.69400000013411 ], [ 566953.917999999597669, 5928571.565999999642372 ], [ 566956.639000001363456, 5928570.975000001490116 ], [ 566955.734000000171363, 5928566.985000001266599 ], [ 566955.176999999210238, 5928567.110999999567866 ], [ 566954.988000000827014, 5928566.277000000700355 ], [ 566955.289000000804663, 5928566.208999998867512 ], [ 566955.545000000856817, 5928566.151000002399087 ], [ 566955.332000000402331, 5928565.210000002756715 ], [ 566954.789000000804663, 5928565.336000001057982 ], [ 566944.621000000275671, 5928567.702000003308058 ], [ 566944.008000001311302, 5928567.844999998807907 ], [ 566942.718000001274049, 5928568.144999999552965 ], [ 566943.94300000090152, 5928573.870000001043081 ], [ 566947.419000000692904, 5928573.091 ], [ 566946.743000000715256, 5928570.211000001057982 ] ], [ [ 566944.275999999605119, 5928568.802999999374151 ], [ 566944.506000000052154, 5928568.75000000372529 ], [ 566944.783999999985099, 5928568.685000000521541 ], [ 566944.972000000067055, 5928569.495000001043081 ], [ 566944.46299999859184, 5928569.611999999731779 ], [ 566944.428000001236796, 5928569.460000002756715 ], [ 566944.275999999605119, 5928568.802999999374151 ] ], [ [ 566946.361999999731779, 5928572.381999999284744 ], [ 566945.689999999478459, 5928572.523000001907349 ], [ 566945.687000000849366, 5928572.508000001311302 ], [ 566945.472000000998378, 5928571.354000000283122 ], [ 566946.144999999552965, 5928571.213000001385808 ], [ 566946.146999999880791, 5928571.228000001981854 ], [ 566946.361999999731779, 5928572.381999999284744 ] ], [ [ 566954.462999999523163, 5928570.191999999806285 ], [ 566954.295000001788139, 5928569.36600000038743 ], [ 566954.838999999687076, 5928569.242000000551343 ], [ 566954.975999999791384, 5928569.211000001057982 ], [ 566954.979000000283122, 5928569.226000001654029 ], [ 566955.236999999731779, 5928570.492000000551343 ], [ 566954.555000000633299, 5928570.646999999880791 ], [ 566954.552000000141561, 5928570.631999999284744 ], [ 566954.462999999523163, 5928570.191999999806285 ] ] ] } },
{ "type": "Feature", "properties": { "gebaeude_id": "DEHHALKAJ0000wjA", "dachneig": 5.589, "dachfl_2d": 53.321, "dachfl_3d": 53.579, "area_m2": 53.3 }, "geometry": { "type": "Polygon", "coordinates": [ [ [ 566963.593000000342727, 5928550.834000000730157 ], [ 566963.738000001758337, 5928552.46200000308454 ], [ 566968.004000000655651, 5928552.08700000308454 ], [ 566967.686000000685453, 5928548.631000002846122 ], [ 566967.297000001184642, 5928544.813999999314547 ], [ 566966.627000000327826, 5928538.063000001013279 ], [ 566962.662999999709427, 5928542.425000000745058 ], [ 566963.371000001206994, 5928550.857000002637506 ], [ 566963.593000000342727, 5928550.834000000730157 ] ] ] } },
{ "type": "Feature", "properties": { "gebaeude_id": "DEHHALKAJ0000wjA", "dachneig": 5.365, "dachfl_2d": 38.207, "dachfl_3d": 38.426, "area_m2": 38.2 }, "geometry": { "type": "Polygon", "coordinates": [ [ [ 566962.662999999709427, 5928542.425000000745058 ], [ 566966.627000000327826, 5928538.063000001013279 ], [ 566954.635000000707805, 5928539.111000001430511 ], [ 566954.82799999974668, 5928541.125 ], [ 566955.406000001356006, 5928541.082000002264977 ], [ 566955.557000000029802, 5928543.014000002294779 ], [ 566962.662999999709427, 5928542.425000000745058 ] ] ] } },
{ "type": "Feature", "properties": { "gebaeude_id": "DEHHALKAJ0000wjA", "dachneig": 0.0, "dachfl_2d": 18.62, "dachfl_3d": 18.62, "area_m2": 18.6 }, "geometry": { "type": "Polygon", "coordinates": [ [ [ 566955.406000001356006, 5928541.082000002264977 ], [ 566952.608, 5928541.291000002995133 ], [ 566952.773000001907349, 5928543.171 ], [ 566951.476999999955297, 5928543.278000000864267 ], [ 566951.81599999871105, 5928547.457000000402331 ], [ 566954.978000001981854, 5928547.127999998629093 ], [ 566954.69400000013411, 5928543.085000002756715 ], [ 566955.557000000029802, 5928543.014000002294779 ], [ 566955.406000001356006, 5928541.082000002264977 ] ] ] } },
{ "type": "Feature", "properties": { "gebaeude_id": "DEHHALKAJ0000wjA", "dachneig": 0.0, "dachfl_2d": 10.179, "dachfl_3d": 10.179, "area_m2": 10.2 }, "geometry": { "type": "Polygon", "coordinates": [ [ [ 566955.321000000461936, 5928550.288999998942018 ], [ 566954.978000001981854, 5928547.127999998629093 ], [ 566951.81599999871105, 5928547.457000000402331 ], [ 566952.06900000013411, 5928550.586000001057982 ], [ 566955.321000000461936, 5928550.288999998942018 ] ] ] } },
{ "type": "Feature", "properties": { "gebaeude_id": "DEHHALKAJ0000wjA", "dachneig": 10.383, "dachfl_2d": 29.333, "dachfl_3d": 29.834, "area_m2": 29.3 }, "geometry": { "type": "Polygon", "coordinates": [ [ [ 566959.27900000102818, 5928549.846999999135733 ], [ 566958.983000000938773, 5928545.759999999776483 ], [ 566954.69400000013411, 5928543.085000002756715 ], [ 566954.978000001981854, 5928547.127999998629093 ], [ 566955.321000000461936, 5928550.288999998942018 ], [ 566955.589000000618398, 5928553.455000001937151 ], [ 566959.27900000102818, 5928549.846999999135733 ] ] ] } },
{ "type": "Feature", "properties": { "gebaeude_id": "DEHHALKAJ0000wjA", "dachneig": 13.947, "dachfl_2d": 12.074, "dachfl_3d": 12.441, "area_m2": 12.1 }, "geometry": { "type": "Polygon", "coordinates": [ [ [ 566958.983000000938773, 5928545.759999999776483 ], [ 566962.662999999709427, 5928542.425000000745058 ], [ 566954.69400000013411, 5928543.085000002756715 ], [ 566958.983000000938773, 5928545.759999999776483 ] ] ] } },
{ "type": "Feature", "properties": { "gebaeude_id": "DEHHALKAJ0000wjA", "dachneig": 10.57, "dachfl_2d": 28.758, "dachfl_3d": 29.235, "area_m2": 28.8 }, "geometry": { "type": "Polygon", "coordinates": [ [ [ 566958.983000000938773, 5928545.759999999776483 ], [ 566959.27900000102818, 5928549.846999999135733 ], [ 566963.763000000268221, 5928552.732000002637506 ], [ 566963.738000001758337, 5928552.46200000308454 ], [ 566963.593000000342727, 5928550.834000000730157 ], [ 566963.371000001206994, 5928550.857000002637506 ], [ 566962.662999999709427, 5928542.425000000745058 ], [ 566958.983000000938773, 5928545.759999999776483 ] ] ] } },
{ "type": "Feature", "properties": { "gebaeude_id": "DEHHALKAJ0000wjA", "dachneig": 12.922, "dachfl_2d": 13.412, "dachfl_3d": 13.76, "area_m2": 13.4 }, "geometry": { "type": "Polygon", "coordinates": [ [ [ 566959.27900000102818, 5928549.846999999135733 ], [ 566955.589000000618398, 5928553.455000001937151 ], [ 566963.763000000268221, 5928552.732000002637506 ], [ 566959.27900000102818, 5928549.846999999135733 ] ] ] } },
{ "type": "Feature", "properties": { "gebaeude_id": "DEHHALKAJ0000wXp", "dachneig": 4.831, "dachfl_2d": 219.488, "dachfl_3d": 220.064, "area_m2": 219.5 }, "geometry": { "type": "Polygon", "coordinates": [ [ [ 566946.562000001780689, 5928559.681000001728535 ], [ 566946.535000001080334, 5928559.341000001877546 ], [ 566946.530999999493361, 5928559.292000001296401 ], [ 566946.480999999679625, 5928558.64300000295043 ], [ 566946.473000001162291, 5928558.543999999761581 ], [ 566947.481999999843538, 5928558.454000003635883 ], [ 566947.525999999605119, 5928558.449999999254942 ], [ 566949.812000000849366, 5928558.245999997481704 ], [ 566949.78600000217557, 5928557.966000001877546 ], [ 566950.214000001549721, 5928557.926000000908971 ], [ 566950.855000001378357, 5928557.866000002250075 ], [ 566950.877000001259148, 5928558.066999999806285 ], [ 566951.084000000730157, 5928558.049000000581145 ], [ 566951.373000000603497, 5928558.024000002071261 ], [ 566951.561000000685453, 5928558.008000003173947 ], [ 566951.543000000528991, 5928557.804999999701977 ], [ 566951.338000000454485, 5928555.502999998629093 ], [ 566952.863000000827014, 5928555.338999999687076 ], [ 566952.517, 5928552.012000000104308 ], [ 566951.052000002004206, 5928552.16300000064075 ], [ 566950.130000000819564, 5928542.344000000506639 ], [ 566951.617999999783933, 5928542.204000001773238 ], [ 566951.298000000417233, 5928538.86400000192225 ], [ 566949.83699999935925, 5928539.015000002458692 ], [ 566949.220999999903142, 5928533.088000001385808 ], [ 566945.344000000506639, 5928533.405000004917383 ], [ 566945.370000000111759, 5928533.780000003054738 ], [ 566944.034000000916421, 5928533.898000001907349 ], [ 566943.924999999813735, 5928533.907999999821186 ], [ 566943.898000000044703, 5928533.528000004589558 ], [ 566941.118999999947846, 5928533.758000003173947 ], [ 566941.307000000029802, 5928535.792000001296401 ], [ 566941.830000000074506, 5928541.441000003367662 ], [ 566942.362999999895692, 5928547.199000002816319 ], [ 566943.126000001095235, 5928555.434000000357628 ], [ 566943.743999999947846, 5928562.112999998033047 ], [ 566945.474000000394881, 5928561.713000001385808 ], [ 566945.406000000424683, 5928561.436999998986721 ], [ 566945.923000000417233, 5928561.30800000205636 ], [ 566946.148000000044703, 5928561.252000000327826 ], [ 566946.223000000230968, 5928561.549000000581145 ], [ 566946.432000001892447, 5928561.506000000983477 ], [ 566946.699000000953674, 5928561.45100000500679 ], [ 566946.688000001013279, 5928561.307000001892447 ], [ 566946.681000000797212, 5928561.21000000089407 ], [ 566946.562000001780689, 5928559.681000001728535 ] ], [ [ 566946.230999999679625, 5928552.083000000566244 ], [ 566946.709000000730157, 5928552.05599999986589 ], [ 566946.753000000491738, 5928552.844000000506639 ], [ 566946.274000000208616, 5928552.870000001043081 ], [ 566946.230999999679625, 5928552.083000000566244 ] ], [ [ 566947.567999999970198, 5928548.710000002756715 ], [ 566947.53800000064075, 5928548.206000002101064 ], [ 566948.35600000154227, 5928548.157000001519918 ], [ 566948.387000001035631, 5928548.66100000217557 ], [ 566947.567999999970198, 5928548.710000002756715 ] ], [ [ 566945.026999999769032, 5928539.987000001594424 ], [ 566945.561999999918044, 5928539.954 ], [ 566945.625000000931323, 5928540.977999998256564 ], [ 566945.090000000782311, 5928541.011000001803041 ], [ 566945.026999999769032, 5928539.987000001594424 ] ], [ [ 566945.060000001452863, 5928547.560000002384186 ], [ 566945.013999999500811, 5928547.026000002399087 ], [ 566946.162999999709427, 5928546.925999999046326 ], [ 566946.208999999798834, 5928547.460000002756715 ], [ 566945.060000001452863, 5928547.560000002384186 ] ], [ [ 566946.424000000581145, 5928536.412000002339482 ], [ 566946.395000000484288, 5928535.993000002577901 ], [ 566946.378000000491738, 5928535.744000000879169 ], [ 566947.300999999977648, 5928535.679999999701977 ], [ 566947.31900000013411, 5928535.930000001564622 ], [ 566947.397000000812113, 5928535.924000000581145 ], [ 566947.426000001840293, 5928536.343000000342727 ], [ 566947.347000000067055, 5928536.349000001326203 ], [ 566946.424000000581145, 5928536.412000002339482 ] ], [ [ 566947.169999999925494, 5928557.910000002011657 ], [ 566946.679999999701977, 5928557.941000003367662 ], [ 566946.620000000111759, 5928557.009999999776483 ], [ 566946.613000001758337, 5928556.909 ], [ 566947.103999999351799, 5928556.87699999846518 ], [ 566947.110000001266599, 5928556.9780000038445 ], [ 566947.371000002138317, 5928556.96199999935925 ], [ 566947.43099999986589, 5928557.89299999922514 ], [ 566947.169999999925494, 5928557.910000002011657 ] ], [ [ 566947.470000001601875, 5928543.44200000166893 ], [ 566947.390999999828637, 5928542.445000004023314 ], [ 566948.400000001303852, 5928542.370999999344349 ], [ 566948.478000001981854, 5928543.368000002577901 ], [ 566947.470000001601875, 5928543.44200000166893 ] ] ] } },
{ "type": "Feature", "properties": { "gebaeude_id": "DEHHALKAJ0000wid", "dachneig": 11.903, "dachfl_2d": 230.162, "dachfl_3d": 234.777, "area_m2": 230.2 }, "geometry": { "type": "Polygon", "coordinates": [ [ [ 566967.019000001251698, 5928517.140000000596046 ], [ 566955.296000001952052, 5928518.954000003635883 ], [ 566955.770999999716878, 5928522.035000000149012 ], [ 566956.584999999962747, 5928521.909000001847744 ], [ 566956.749999999068677, 5928522.978000001981854 ], [ 566956.283000000752509, 5928523.050000002607703 ], [ 566955.936000000685453, 5928523.103999998420477 ], [ 566956.32799999974668, 5928525.651000000536442 ], [ 566956.334000000730157, 5928525.692999998107553 ], [ 566960.597000000067055, 5928525.065999999642372 ], [ 566960.808000001125038, 5928526.318 ], [ 566966.957999999634922, 5928525.347000002861023 ], [ 566966.773000000976026, 5928524.052999997511506 ], [ 566973.088999999687076, 5928523.112999999895692 ], [ 566973.260000000707805, 5928524.486999999731779 ], [ 566983.917000002227724, 5928522.77000000141561 ], [ 566983.735999999567866, 5928521.48000000230968 ], [ 566987.375, 5928520.936000000685453 ], [ 566986.287999999709427, 5928513.958000000566244 ], [ 566971.890000000596046, 5928516.353000000119209 ], [ 566971.811000001616776, 5928516.36600000038743 ], [ 566971.985000000335276, 5928516.927000004798174 ], [ 566967.11699999962002, 5928517.734000002965331 ], [ 566967.115000000223517, 5928517.734000002965331 ], [ 566967.019000001251698, 5928517.140000000596046 ] ], [ [ 566966.667999999597669, 5928519.134000001475215 ], [ 566966.731999999843538, 5928519.582000004127622 ], [ 566965.953000000678003, 5928519.692000003531575 ], [ 566965.889999998733401, 5928519.244000000879169 ], [ 566966.667999999597669, 5928519.134000001475215 ] ], [ [ 566982.794000001624227, 5928516.950000001117587 ], [ 566982.747000000439584, 5928516.522000001743436 ], [ 566983.597000000067055, 5928516.427999999374151 ], [ 566983.644000000320375, 5928516.85500000230968 ], [ 566982.794000001624227, 5928516.950000001117587 ] ], [ [ 566959.900000001303852, 5928520.693000001832843 ], [ 566959.073000000789762, 5928520.809999998658895 ], [ 566959.006000000052154, 5928520.350999999791384 ], [ 566959.834000001661479, 5928520.233000000938773 ], [ 566959.900000001303852, 5928520.693000001832843 ] ], [ [ 566976.766000000759959, 5928517.966 ], [ 566976.047000002115965, 5928518.064000001177192 ], [ 566975.951999999582767, 5928517.370000001043081 ], [ 566976.672000001184642, 5928517.273000001907349 ], [ 566976.766000000759959, 5928517.966 ] ], [ [ 566973.167000000365078, 5928520.285000000149012 ], [ 566973.63399999961257, 5928520.217000002041459 ], [ 566973.808000001125038, 5928521.401999998837709 ], [ 566973.341000000014901, 5928521.470000000670552 ], [ 566973.167000000365078, 5928520.285000000149012 ] ], [ [ 566983.44300000090152, 5928517.41100000217557 ], [ 566983.567000000737607, 5928518.380999999120831 ], [ 566982.796999999321997, 5928518.48000000230968 ], [ 566982.674000000581145, 5928517.508999997749925 ], [ 566983.44300000090152, 5928517.41100000217557 ] ], [ [ 566965.998999999836087, 5928522.309000000357628 ], [ 566966.112000000663102, 5928523.338999999687076 ], [ 566965.360000001266599, 5928523.421999998390675 ], [ 566965.246999999508262, 5928522.392000002786517 ], [ 566965.998999999836087, 5928522.309000000357628 ] ], [ [ 566970.394999999552965, 5928520.686999998986721 ], [ 566969.724000002257526, 5928520.778999999165535 ], [ 566969.61500000115484, 5928519.984000002965331 ], [ 566969.515999999828637, 5928519.259999999776483 ], [ 566970.223000002093613, 5928519.16300000064075 ], [ 566970.430000000633299, 5928520.682000003755093 ], [ 566970.394999999552965, 5928520.686999998986721 ] ] ] } },
{ "type": "Feature", "properties": { "gebaeude_id": "DEHHALKAJ0000xO9", "dachneig": 4.107, "dachfl_2d": 167.387, "dachfl_3d": 167.826, "area_m2": 167.4 }, "geometry": { "type": "Polygon", "coordinates": [ [ [ 566940.882000002078712, 5928533.777000000700355 ], [ 566944.146000000648201, 5928533.507000001147389 ], [ 566944.100000000558794, 5928532.946000000461936 ], [ 566944.567999999970198, 5928532.907000001519918 ], [ 566945.298000001348555, 5928532.846999999135733 ], [ 566945.344000000506639, 5928533.405000004917383 ], [ 566944.148000000044703, 5928533.507000001147389 ], [ 566949.220999999903142, 5928533.088000001385808 ], [ 566948.707000001333654, 5928527.003000000491738 ], [ 566956.063000000081956, 5928525.96000000089407 ], [ 566955.647000000812113, 5928523.259999999776483 ], [ 566955.611999999731779, 5928523.03600000217557 ], [ 566955.269000001251698, 5928522.969000000506639 ], [ 566955.017000000923872, 5928521.335999999195337 ], [ 566955.322999999858439, 5928521.289000000804663 ], [ 566954.801000001840293, 5928517.94400000013411 ], [ 566943.226999999955297, 5928519.718000002205372 ], [ 566943.207000000402331, 5928519.468000000342727 ], [ 566940.820000001229346, 5928519.77900000102818 ], [ 566939.704000001773238, 5928521.096999999135733 ], [ 566939.834000000730157, 5928522.550999999046326 ], [ 566940.026000000536442, 5928522.525000004097819 ], [ 566940.882000002078712, 5928533.777000000700355 ] ], [ [ 566943.861000000499189, 5928529.322000000625849 ], [ 566943.826999999582767, 5928528.883000003173947 ], [ 566944.495000000111759, 5928528.832000000402331 ], [ 566944.527999999932945, 5928529.271000001579523 ], [ 566943.861000000499189, 5928529.322000000625849 ] ], [ [ 566946.802000000141561, 5928528.156000001356006 ], [ 566945.78700000140816, 5928528.237000001594424 ], [ 566945.75, 5928527.769000003114343 ], [ 566946.765000000596046, 5928527.688000001013279 ], [ 566946.802000000141561, 5928528.156000001356006 ] ], [ [ 566947.06900000013411, 5928521.502999998629093 ], [ 566946.996000000275671, 5928521.015000000596046 ], [ 566948.049999999813735, 5928520.85700000077486 ], [ 566948.123000000603497, 5928521.344999998807907 ], [ 566947.06900000013411, 5928521.502999998629093 ] ], [ [ 566948.106000000610948, 5928523.223000003024936 ], [ 566948.049999999813735, 5928522.717000002041459 ], [ 566949.078999999910593, 5928522.603000001981854 ], [ 566949.135000000707805, 5928523.109000004827976 ], [ 566948.106000000610948, 5928523.223000003024936 ] ], [ [ 566951.416000001132488, 5928524.962000001221895 ], [ 566951.275000001303852, 5928523.938000002875924 ], [ 566952.089000000618398, 5928523.824999999254942 ], [ 566952.231000000610948, 5928524.848999999463558 ], [ 566951.416000001132488, 5928524.962000001221895 ] ], [ [ 566943.878000001423061, 5928522.580000001937151 ], [ 566943.999000001698732, 5928522.571000000461936 ], [ 566944.009000000543892, 5928522.700000001117587 ], [ 566944.041000001132488, 5928523.120999999344349 ], [ 566942.92200000025332, 5928523.208000002428889 ], [ 566942.339999998919666, 5928523.252999998629093 ], [ 566942.306000000797212, 5928522.803999999538064 ], [ 566942.298000001348555, 5928522.70299999974668 ], [ 566943.878000001423061, 5928522.580000001937151 ] ], [ [ 566947.280000001192093, 5928527.37699999846518 ], [ 566946.742000000551343, 5928527.425000002607703 ], [ 566946.066000000573695, 5928527.484000001102686 ], [ 566945.958000000566244, 5928526.258000003173947 ], [ 566947.074000000953674, 5928526.16100000217557 ], [ 566947.172000001184642, 5928526.151999998837709 ], [ 566947.177000000141561, 5928526.214000003412366 ], [ 566947.280000001192093, 5928527.37699999846518 ] ] ] } },
{ "type": "Feature", "properties": { "gebaeude_id": "DEHHALKAJ0000wc5", "dachneig": 0.0, "dachfl_2d": 12.861, "dachfl_3d": 12.861, "area_m2": 12.9 }, "geometry": { "type": "Polygon", "coordinates": [ [ [ 566995.759999999776483, 5928492.584000000730157 ], [ 566995.341000000946224, 5928489.613000003620982 ], [ 566991.123999999836087, 5928490.234000001102686 ], [ 566991.601999999955297, 5928493.266000000759959 ], [ 566995.759999999776483, 5928492.584000000730157 ] ] ] } },
{ "type": "Feature", "properties": { "gebaeude_id": "DEHHALKAJ0000wc5", "dachneig": 0.294, "dachfl_2d": 81.512, "dachfl_3d": 81.524, "area_m2": 49.4 }, "geometry": { "type": "Polygon", "coordinates": [ [ [ 566990.503000001423061, 5928486.2989999987185 ], [ 566991.123999999836087, 5928490.234000001102686 ], [ 566995.341000000946224, 5928489.613000003620982 ], [ 566995.759999999776483, 5928492.584000000730157 ], [ 567000.099999999976717, 5928491.876831326633692 ], [ 567000.099999999976717, 5928484.743260749615729 ], [ 566990.503000001423061, 5928486.2989999987185 ] ], [ [ 566992.898000001907349, 5928489.311000000685453 ], [ 566993.224000000394881, 5928489.289000000804663 ], [ 566993.25, 5928489.668000001460314 ], [ 566992.924000000581145, 5928489.690000001341105 ], [ 566992.898000001907349, 5928489.311000000685453 ] ], [ [ 566991.99199999962002, 5928488.98900000192225 ], [ 566992.03800000064075, 5928489.36400000192225 ], [ 566991.280999999493361, 5928489.458000002428889 ], [ 566991.235000000335276, 5928489.083000002428889 ], [ 566991.99199999962002, 5928488.98900000192225 ] ], [ [ 566994.847000000067055, 5928488.387000001966953 ], [ 566994.962000002153218, 5928489.307000001892447 ], [ 566994.188000001013279, 5928489.405000003054738 ], [ 566994.073000000789762, 5928488.484000001102686 ], [ 566994.847000000067055, 5928488.387000001966953 ] ], [ [ 566997.810000002384186, 5928487.500000001862645 ], [ 566998.967000001110137, 5928487.336000001057982 ], [ 566999.003000002354383, 5928487.585999999195337 ], [ 566999.095000000670552, 5928488.238000001758337 ], [ 566997.810000002384186, 5928488.419000001624227 ], [ 566997.78700000140816, 5928488.259000001475215 ], [ 566997.694000001065433, 5928487.598999999463558 ], [ 566997.683000001125038, 5928487.51800000295043 ], [ 566997.810000002384186, 5928487.500000001862645 ] ] ] } },
{ "type": "Feature", "properties": { "gebaeude_id": "DEHHALKAJ0000wnC", "dachneig": 0.0, "dachfl_2d": 13.585, "dachfl_3d": 13.585, "area_m2": 13.6 }, "geometry": { "type": "Polygon", "coordinates": [ [ [ 566986.749000001698732, 5928490.892000000923872 ], [ 566987.251000002026558, 5928493.938000002875924 ], [ 566991.601999999955297, 5928493.266000000759959 ], [ 566991.123999999836087, 5928490.234000001102686 ], [ 566986.749000001698732, 5928490.892000000923872 ] ] ] } },
{ "type": "Feature", "properties": { "gebaeude_id": "DEHHALKAJ0000wnC", "dachneig": 0.505, "dachfl_2d": 88.064, "dachfl_3d": 88.071, "area_m2": 88.1 }, "geometry": { "type": "Polygon", "coordinates": [ [ [ 566991.123999999836087, 5928490.234000001102686 ], [ 566990.503000001423061, 5928486.2989999987185 ], [ 566982.446000000461936, 5928487.624999998137355 ], [ 566982.320000000298023, 5928486.754999998956919 ], [ 566978.158000000752509, 5928487.367000002413988 ], [ 566978.510000001639128, 5928489.860000003129244 ], [ 566976.06800000090152, 5928490.235000001266599 ], [ 566976.916000000201166, 5928495.388000002130866 ], [ 566986.987000000663102, 5928493.859000002965331 ], [ 566987.251000002026558, 5928493.938000002875924 ], [ 566986.749000001698732, 5928490.892000000923872 ], [ 566991.123999999836087, 5928490.234000001102686 ] ], [ [ 566988.734000000171363, 5928489.968000000342727 ], [ 566989.055000000633299, 5928489.927000002935529 ], [ 566989.108000000938773, 5928490.340000001713634 ], [ 566988.787000000476837, 5928490.381000002846122 ], [ 566988.734000000171363, 5928489.968000000342727 ] ], [ [ 566990.520999999716878, 5928489.244000000879169 ], [ 566990.558000001125038, 5928489.615000000223517 ], [ 566989.811999999918044, 5928489.688000002875924 ], [ 566989.775999999605119, 5928489.318 ], [ 566990.520999999716878, 5928489.244000000879169 ] ], [ [ 566983.94400000013411, 5928490.754000004380941 ], [ 566983.914000000804663, 5928490.537000004202127 ], [ 566983.890999999828637, 5928490.375 ], [ 566984.628000001423061, 5928490.271000003442168 ], [ 566984.678999999538064, 5928490.633000003173947 ], [ 566984.682000000029802, 5928490.651000002399087 ], [ 566983.94400000013411, 5928490.754000004380941 ] ] ] } },
{ "type": "Feature", "properties": { "gebaeude_id": "DEHHALKAJ0000wsW", "dachneig": 0.0, "dachfl_2d": 57.822, "dachfl_3d": 57.822, "area_m2": 57.8 }, "geometry": { "type": "Polygon", "coordinates": [ [ [ 566937.384999999776483, 5928458.891000000759959 ], [ 566937.518000000156462, 5928460.559999998658895 ], [ 566951.541000000201166, 5928458.587000001221895 ], [ 566950.759000000543892, 5928453.108000002801418 ], [ 566950.086000001057982, 5928453.206999998539686 ], [ 566949.383000001311302, 5928453.309000000357628 ], [ 566949.374999999068677, 5928453.310000000521541 ], [ 566949.627000002190471, 5928455.287000002339482 ], [ 566933.570000000298023, 5928457.584000002592802 ], [ 566933.572000000625849, 5928457.601000001654029 ], [ 566933.734000001102686, 5928459.202000003308058 ], [ 566933.735000000335276, 5928459.207999998703599 ], [ 566937.384999999776483, 5928458.891000000759959 ] ], [ [ 566945.110000001266599, 5928458.957000000402331 ], [ 566946.071000000461936, 5928458.831000002101064 ], [ 566946.118999999947846, 5928459.195000000298023 ], [ 566945.158000000752509, 5928459.321000002324581 ], [ 566945.110000001266599, 5928458.957000000402331 ] ], [ [ 566939.693000001832843, 5928459.267000000923872 ], [ 566940.400000001303852, 5928459.205 ], [ 566940.464000001549721, 5928459.927000002935529 ], [ 566939.757000001147389, 5928459.990000000223517 ], [ 566939.693000001832843, 5928459.267000000923872 ] ] ] } },
{ "type": "Feature", "properties": { "gebaeude_id": "DEHHALKAJ0000wsW", "dachneig": 2.138, "dachfl_2d": 195.558, "dachfl_3d": 195.615, "area_m2": 195.6 }, "geometry": { "type": "Polygon", "coordinates": [ [ [ 566939.003999999724329, 5928491.798000000417233 ], [ 566939.67200000025332, 5928499.34400000423193 ], [ 566946.175000000745058, 5928498.752000000327826 ], [ 566943.79700000025332, 5928471.620000002905726 ], [ 566942.730000000447035, 5928471.74100000038743 ], [ 566941.681000000797212, 5928461.109000001102686 ], [ 566936.309000000357628, 5928461.960000002756715 ], [ 566937.912999999709427, 5928479.815000001341105 ], [ 566941.118000001646578, 5928479.594999998807907 ], [ 566942.169000000692904, 5928491.451000003144145 ], [ 566939.003999999724329, 5928491.798000000417233 ] ], [ [ 566944.136000000871718, 5928486.012000003829598 ], [ 566944.111000000499189, 5928485.699000004678965 ], [ 566944.463999999687076, 5928485.671000001952052 ], [ 566944.489000000990927, 5928485.984000001102686 ], [ 566944.136000000871718, 5928486.012000003829598 ] ], [ [ 566943.219000001437962, 5928493.365000003948808 ], [ 566943.224000001326203, 5928493.462999999523163 ], [ 566942.843000000342727, 5928493.481000000610948 ], [ 566942.828999999910593, 5928493.18099999986589 ], [ 566943.110999999567866, 5928493.168000001460314 ], [ 566943.21000000089407, 5928493.16300000064075 ], [ 566943.219000001437962, 5928493.365000003948808 ] ], [ [ 566939.473000000230968, 5928470.481000000610948 ], [ 566939.534000001847744, 5928471.203000001609325 ], [ 566939.178000001236796, 5928471.233000000938773 ], [ 566939.11699999962002, 5928470.512000000104308 ], [ 566939.473000000230968, 5928470.481000000610948 ] ], [ [ 566940.497999999672174, 5928479.333000000566244 ], [ 566940.459000000730157, 5928478.719999998807907 ], [ 566940.967000000178814, 5928478.688000001013279 ], [ 566941.005000000819564, 5928479.301000000908971 ], [ 566940.497999999672174, 5928479.333000000566244 ] ], [ [ 566939.458000000566244, 5928477.225000001490116 ], [ 566939.017000001855195, 5928477.262999998405576 ], [ 566938.941000000573695, 5928476.386000001803041 ], [ 566940.014000002294779, 5928476.293000001460314 ], [ 566940.467000000178814, 5928476.254000002518296 ], [ 566940.543000000528991, 5928477.131000004708767 ], [ 566939.458000000566244, 5928477.225000001490116 ] ] ] } },
{ "type": "Feature", "properties": { "gebaeude_id": "DEHHALKAJ0000wsW", "dachneig": 5.527, "dachfl_2d": 42.5, "dachfl_3d": 42.695, "area_m2": 42.5 }, "geometry": { "type": "Polygon", "coordinates": [ [ [ 566939.003999999724329, 5928491.798000000417233 ], [ 566942.169000000692904, 5928491.451000003144145 ], [ 566942.018000000156462, 5928489.743000000715256 ], [ 566941.118000001646578, 5928479.594999998807907 ], [ 566940.519000001251698, 5928479.636 ], [ 566937.912999999709427, 5928479.815000001341105 ], [ 566937.542000000365078, 5928479.845000000670552 ], [ 566938.632000001147389, 5928491.839000001549721 ], [ 566939.003999999724329, 5928491.798000000417233 ] ], [ [ 566941.905000002123415, 5928489.820000002160668 ], [ 566941.939999999478459, 5928490.244000002741814 ], [ 566941.405999999493361, 5928490.289000002667308 ], [ 566941.396000000648201, 5928490.166999999433756 ], [ 566941.393000000156462, 5928490.129999998956919 ], [ 566941.36500000115484, 5928489.801000000908971 ], [ 566941.900000001303852, 5928489.757000001147389 ], [ 566941.905000002123415, 5928489.813000004738569 ], [ 566942.018000000156462, 5928489.743000000715256 ], [ 566941.905000002123415, 5928489.820000002160668 ] ] ] } },
{ "type": "Feature", "properties": { "gebaeude_id": "DEHHALKAJ0000wsW", "dachneig": 0.0, "dachfl_2d": 156.397, "dachfl_3d": 156.397, "area_m2": 156.1 }, "geometry": { "type": "Polygon", "coordinates": [ [ [ 566978.618999999947846, 5928458.879999998956919 ], [ 566999.934000000357628, 5928455.761 ], [ 567000.099999999976717, 5928455.736633027903736 ], [ 567000.099999999976717, 5928453.855265484191477 ], [ 566999.804999999701977, 5928451.843000000342727 ], [ 566999.353000001050532, 5928451.912000004202127 ], [ 566997.199000000953674, 5928452.238000001758337 ], [ 566996.68099999986589, 5928448.500000001862645 ], [ 566992.498999999836087, 5928449.122000001370907 ], [ 566985.472000000998378, 5928450.166999999433756 ], [ 566977.588000000454485, 5928451.338999999687076 ], [ 566978.618999999947846, 5928458.879999998956919 ] ], [ [ 566986.992000001482666, 5928453.179999999701977 ], [ 566986.956000000238419, 5928452.832000000402331 ], [ 566987.746000002138317, 5928452.751000002026558 ], [ 566987.782000000588596, 5928453.099000001326203 ], [ 566986.992000001482666, 5928453.179999999701977 ] ], [ [ 566980.156999999657273, 5928453.797000002115965 ], [ 566980.979000000283122, 5928453.692000003531575 ], [ 566981.02900000102818, 5928454.081000002101064 ], [ 566980.207000001333654, 5928454.185000000521541 ], [ 566980.156999999657273, 5928453.797000002115965 ] ], [ [ 566991.365000002086163, 5928454.592000002041459 ], [ 566992.149000001139939, 5928454.490000000223517 ], [ 566992.204000000841916, 5928454.912000002339482 ], [ 566991.421000000089407, 5928455.014000004157424 ], [ 566991.365000002086163, 5928454.592000002041459 ] ], [ [ 566979.370000001974404, 5928454.381999999284744 ], [ 566979.407000001519918, 5928454.75899999961257 ], [ 566978.459999999962747, 5928454.852 ], [ 566978.422000001184642, 5928454.474999999627471 ], [ 566979.370000001974404, 5928454.381999999284744 ] ] ] } },
{ "type": "Feature", "properties": { "gebaeude_id": "DEHHALKAJ0000wsW", "dachneig": 0.0, "dachfl_2d": 80.282, "dachfl_3d": 80.282, "area_m2": 80.3 }, "geometry": { "type": "Polygon", "coordinates": [ [ [ 566963.521000000648201, 5928453.666000002995133 ], [ 566953.004000000655651, 5928455.224000001326203 ], [ 566952.3260000012815, 5928455.325000001117587 ], [ 566952.78899999987334, 5928458.570000002160668 ], [ 566952.945000001229346, 5928459.664000000804663 ], [ 566953.406000000424683, 5928462.615000000223517 ], [ 566964.668999999761581, 5928460.923000000417233 ], [ 566963.521000000648201, 5928453.666000002995133 ] ], [ [ 566955.564000000245869, 5928458.504999998956919 ], [ 566955.614000000990927, 5928458.837000004947186 ], [ 566954.862000000663102, 5928458.950000002980232 ], [ 566954.812000001780689, 5928458.618000002577901 ], [ 566955.564000000245869, 5928458.504999998956919 ] ], [ [ 566962.096000000834465, 5928457.262000001966953 ], [ 566961.314999999478459, 5928457.377999998629093 ], [ 566961.265000000596046, 5928457.037000002339482 ], [ 566962.045999999158084, 5928456.922000002115965 ], [ 566962.096000000834465, 5928457.262000001966953 ] ], [ [ 566962.726999999955297, 5928457.175000004470348 ], [ 566962.683000000193715, 5928456.838000003248453 ], [ 566962.679000000469387, 5928456.810000000521541 ], [ 566963.65400000102818, 5928456.682000001892447 ], [ 566963.70200000051409, 5928457.04700000025332 ], [ 566962.726999999955297, 5928457.175000004470348 ] ], [ [ 566959.314000000245869, 5928457.903000002726912 ], [ 566957.975999998860061, 5928458.115000002086163 ], [ 566957.854000001214445, 5928457.348000004887581 ], [ 566959.191999999806285, 5928457.136 ], [ 566959.314000000245869, 5928457.903000002726912 ] ], [ [ 566955.98200000077486, 5928457.585999999195337 ], [ 566955.799000000581145, 5928456.070000004023314 ], [ 566956.713000000454485, 5928455.958999998867512 ], [ 566956.897000000812113, 5928457.474999999627471 ], [ 566955.98200000077486, 5928457.585999999195337 ] ] ] } },
{ "type": "Feature", "properties": { "gebaeude_id": "DEHHALKAJ0000wsW", "dachneig": 0.0, "dachfl_2d": 118.674, "dachfl_3d": 118.674, "area_m2": 118.7 }, "geometry": { "type": "Polygon", "coordinates": [ [ [ 566972.918999999761581, 5928460.062000000849366 ], [ 566976.269000000320375, 5928459.586000001057982 ], [ 566977.173999999649823, 5928459.457000000402331 ], [ 566978.024000001139939, 5928459.337000001221895 ], [ 566978.669000000692904, 5928459.245000001043081 ], [ 566978.618999999947846, 5928458.879999998956919 ], [ 566977.588000000454485, 5928451.338999999687076 ], [ 566977.540000000968575, 5928450.984000002965331 ], [ 566975.200000001117587, 5928451.30600000359118 ], [ 566972.813000000081956, 5928451.63399999961257 ], [ 566972.158999999985099, 5928451.724000001326203 ], [ 566968.680000000633299, 5928452.203000003471971 ], [ 566965.673000001348555, 5928452.61600000038743 ], [ 566963.40400000102818, 5928452.928999999538064 ], [ 566963.521000000648201, 5928453.666000002995133 ], [ 566964.668999999761581, 5928460.923000000417233 ], [ 566964.717000002041459, 5928461.227 ], [ 566965.372999998740852, 5928461.13399999961257 ], [ 566966.267000000923872, 5928461.006999999284744 ], [ 566967.139000002294779, 5928460.883000005036592 ], [ 566969.594000000506639, 5928460.534 ], [ 566970.472000000998378, 5928460.409000003710389 ], [ 566971.316999999806285, 5928460.289000002667308 ], [ 566972.082000000402331, 5928460.18099999986589 ], [ 566972.918999999761581, 5928460.062000000849366 ] ] ] } },
{ "type": "Feature", "properties": { "gebaeude_id": "DEHHALKAJ0000wai", "dachneig": 18.058, "dachfl_2d": 87.975, "dachfl_3d": 92.598, "area_m2": 88.0 }, "geometry": { "type": "Polygon", "coordinates": [ [ [ 566893.337000001221895, 5928502.293000001460314 ], [ 566892.941000000573695, 5928499.911000000312924 ], [ 566876.820000001229346, 5928502.641000000759959 ], [ 566876.93099999986589, 5928503.322000000625849 ], [ 566877.690999999642372, 5928507.986999999731779 ], [ 566893.816000000573695, 5928505.178000001236796 ], [ 566893.337000001221895, 5928502.293000001460314 ] ] ] } },
{ "type": "Feature", "properties": { "gebaeude_id": "DEHHALKAJ0000wai", "dachneig": 5.661, "dachfl_2d": 106.159, "dachfl_3d": 106.665, "area_m2": 106.2 }, "geometry": { "type": "Polygon", "coordinates": [ [ [ 566894.104000001214445, 5928506.912999998778105 ], [ 566894.088999999687076, 5928506.823000000789762 ], [ 566893.816000000573695, 5928505.178000001236796 ], [ 566877.690999999642372, 5928507.986999999731779 ], [ 566878.651999999769032, 5928513.881999999284744 ], [ 566878.71999999973923, 5928514.302000004798174 ], [ 566894.890999999828637, 5928511.656000001356006 ], [ 566894.104000001214445, 5928506.912999998778105 ] ] ] } },
{ "type": "Feature", "properties": { "gebaeude_id": "DEHHALKAJ0000xQO", "dachneig": 18.189, "dachfl_2d": 89.111, "dachfl_3d": 93.894, "area_m2": 89.1 }, "geometry": { "type": "Polygon", "coordinates": [ [ [ 566874.146999999880791, 5928508.532000001519918 ], [ 566877.690999999642372, 5928507.986999999731779 ], [ 566876.820000001229346, 5928502.641000000759959 ], [ 566862.03700000140816, 5928505.091000001877546 ], [ 566860.293000001460314, 5928505.381000000983477 ], [ 566861.071999999694526, 5928510.150000002235174 ], [ 566861.135000001639128, 5928510.535000002011657 ], [ 566874.146999999880791, 5928508.532000001519918 ] ] ] } },
{ "type": "Feature", "properties": { "gebaeude_id": "DEHHALKAJ0000xQO", "dachneig": 5.659, "dachfl_2d": 107.201, "dachfl_3d": 107.71, "area_m2": 107.2 }, "geometry": { "type": "Polygon", "coordinates": [ [ [ 566877.690999999642372, 5928507.986999999731779 ], [ 566874.146999999880791, 5928508.532000001519918 ], [ 566861.135000001639128, 5928510.535000002011657 ], [ 566862.201000000350177, 5928517.050000004470348 ], [ 566878.71999999973923, 5928514.302000004798174 ], [ 566877.690999999642372, 5928507.986999999731779 ] ], [ [ 566874.970999999903142, 5928509.597000000998378 ], [ 566874.332000001333654, 5928509.700000001117587 ], [ 566874.197999999858439, 5928508.861999999731779 ], [ 566874.837000000290573, 5928508.759000001475215 ], [ 566874.970999999903142, 5928509.597000000998378 ] ], [ [ 566870.5760000012815, 5928513.502000000327826 ], [ 566869.752000001259148, 5928513.651000002399087 ], [ 566869.515999999828637, 5928512.339999999850988 ], [ 566870.339999999850988, 5928512.19200000166893 ], [ 566870.5760000012815, 5928513.502000000327826 ] ] ] } },
{ "type": "Feature", "properties": { "gebaeude_id": "DEHHALKAJ0000xPp", "dachneig": 6.724, "dachfl_2d": 221.475, "dachfl_3d": 223.311, "area_m2": 221.5 }, "geometry": { "type": "Polygon", "coordinates": [ [ [ 566881.514999999664724, 5928444.418999999761581 ], [ 566881.510000000707805, 5928445.734000002965331 ], [ 566886.354000000283122, 5928444.959000000730157 ], [ 566886.341000000014901, 5928444.872999999672174 ], [ 566885.697000001557171, 5928440.732999999076128 ], [ 566885.657999999821186, 5928440.483000000938773 ], [ 566885.650000000372529, 5928440.429000001400709 ], [ 566885.638000002130866, 5928440.354000000283122 ], [ 566885.49800000153482, 5928439.451999999582767 ], [ 566885.487999999895692, 5928439.392000002786517 ], [ 566885.312000000849366, 5928438.260000001639128 ], [ 566885.399000001139939, 5928438.246000001206994 ], [ 566885.65300000179559, 5928438.203000001609325 ], [ 566885.589999999850988, 5928437.700000002980232 ], [ 566885.230999998748302, 5928437.757000001147389 ], [ 566879.774000002071261, 5928438.629000002518296 ], [ 566879.594000000506639, 5928437.39500000141561 ], [ 566875.303000000305474, 5928437.986000001430511 ], [ 566875.514000001363456, 5928439.333000000566244 ], [ 566864.577000001445413, 5928441.074000000953674 ], [ 566864.387000001035631, 5928439.896999998018146 ], [ 566860.14500000141561, 5928440.506999999284744 ], [ 566860.341000000014901, 5928441.790000000968575 ], [ 566854.582000001333654, 5928442.507000001147389 ], [ 566855.354000000283122, 5928447.620000002905726 ], [ 566855.675999999977648, 5928449.751000003889203 ], [ 566860.673999999649823, 5928449.036000000312924 ], [ 566860.495000000111759, 5928447.831000000238419 ], [ 566866.358000000938773, 5928446.962999999523163 ], [ 566866.493000001646578, 5928448.17 ], [ 566875.845999999903142, 5928446.662000002339482 ], [ 566875.368000001646578, 5928445.428999997675419 ], [ 566881.514999999664724, 5928444.418999999761581 ] ], [ [ 566865.474000001326203, 5928444.698000000789762 ], [ 566865.668000000528991, 5928444.682000001892447 ], [ 566866.424999999813735, 5928444.618000000715256 ], [ 566866.501000000163913, 5928445.51799999922514 ], [ 566865.935000000521541, 5928445.566000003367662 ], [ 566865.549999999813735, 5928445.598000004887581 ], [ 566865.474000001326203, 5928444.698000000789762 ] ] ] } },
{ "type": "Feature", "properties": { "gebaeude_id": "DEHHALKAJ0000xPp", "dachneig": 0.0, "dachfl_2d": 14.434, "dachfl_3d": 14.434, "area_m2": 14.4 }, "geometry": { "type": "Polygon", "coordinates": [ [ [ 566859.677000001072884, 5928451.329 ], [ 566858.954000000841916, 5928451.44200000166893 ], [ 566858.979000001214445, 5928451.626000000163913 ], [ 566857.187000001780689, 5928451.866000002250075 ], [ 566857.168000000528991, 5928451.721999999135733 ], [ 566856.001000000163913, 5928451.905000001192093 ], [ 566856.059000000357628, 5928452.291000002995133 ], [ 566859.447999999858439, 5928451.872999999672174 ], [ 566859.480000001378357, 5928452.088000003248453 ], [ 566868.49000000115484, 5928450.651999998837709 ], [ 566868.463999999687076, 5928450.495000001043081 ], [ 566874.48900000192225, 5928449.547000002115965 ], [ 566874.523000000044703, 5928449.75900000333786 ], [ 566883.866000002250075, 5928448.190999997779727 ], [ 566883.839999999850988, 5928448.011 ], [ 566887.070000000298023, 5928447.433000000193715 ], [ 566887.047000001184642, 5928447.27900000102818 ], [ 566887.011000000871718, 5928447.042999999597669 ], [ 566883.201000002212822, 5928447.640000000596046 ], [ 566883.343000000342727, 5928447.800000000745058 ], [ 566874.730000001378357, 5928449.21000000089407 ], [ 566874.844000000506639, 5928448.951000003144145 ], [ 566867.979000000283122, 5928450.027000000700355 ], [ 566868.209999999962747, 5928450.313000004738569 ], [ 566859.526000000536442, 5928451.676000000908971 ], [ 566859.677000001072884, 5928451.329 ] ] ] } },
{ "type": "Feature", "properties": { "gebaeude_id": "DEHHALKAJ0000xPr", "dachneig": 0.0, "dachfl_2d": 17.641, "dachfl_3d": 17.641, "area_m2": 17.6 }, "geometry": { "type": "Polygon", "coordinates": [ [ [ 566909.889000000432134, 5928424.461000002920628 ], [ 566910.139999999664724, 5928424.440999999642372 ], [ 566910.674000000581145, 5928431.575000001117587 ], [ 566910.55599999986589, 5928431.576999999582767 ], [ 566911.445000000298023, 5928441.072000002488494 ], [ 566911.629000001586974, 5928441.223999999463558 ], [ 566909.735000001266599, 5928443.723000003024936 ], [ 566909.487000000663102, 5928443.552000004798174 ], [ 566897.988000000827014, 5928445.337999999523163 ], [ 566898.06900000013411, 5928445.425000002607703 ], [ 566889.884999999776483, 5928446.739 ], [ 566889.95299999974668, 5928446.586000002920628 ], [ 566887.011000000871718, 5928447.042999999597669 ], [ 566887.047000001184642, 5928447.27900000102818 ], [ 566887.070000000298023, 5928447.433000000193715 ], [ 566889.621000001206994, 5928447.001000002026558 ], [ 566889.656999999657273, 5928447.231000002473593 ], [ 566889.956000000238419, 5928447.184000004082918 ], [ 566898.547000001184642, 5928445.815000005066395 ], [ 566898.513000000268221, 5928445.561999998986721 ], [ 566909.341000000014901, 5928443.859000001102686 ], [ 566909.739000000059605, 5928444.148000003769994 ], [ 566911.889000000432134, 5928441.44400000013411 ], [ 566912.095999999903142, 5928441.184000000357628 ], [ 566911.699000000953674, 5928440.860999999567866 ], [ 566910.887000001966953, 5928431.403999999165535 ], [ 566910.74900000076741, 5928431.400000004097819 ], [ 566910.193000001832843, 5928424.73900000192225 ], [ 566910.182000001892447, 5928424.572999998927116 ], [ 566910.263000001199543, 5928424.570000000298023 ], [ 566910.248999999836087, 5928424.421000001952052 ], [ 566908.918999999761581, 5928410.813000004738569 ], [ 566908.869000000879169, 5928410.816999999806285 ], [ 566908.613000000827014, 5928410.839999999850988 ], [ 566909.889000000432134, 5928424.461000002920628 ] ] ] } },
{ "type": "Feature", "properties": { "gebaeude_id": "DEHHALKAJ0000xPr", "dachneig": 10.52, "dachfl_2d": 121.706, "dachfl_3d": 123.884, "area_m2": 121.7 }, "geometry": { "type": "Polygon", "coordinates": [ [ [ 566902.175999999977648, 5928418.697000000625849 ], [ 566902.229000000283122, 5928419.242000002413988 ], [ 566902.251000000163913, 5928419.46900000423193 ], [ 566902.558000000193715, 5928419.457000000402331 ], [ 566902.775000000372529, 5928422.026000002399087 ], [ 566902.493999999947846, 5928422.043000001460314 ], [ 566902.580000000074506, 5928422.978000000119209 ], [ 566903.476000000722706, 5928432.765999998897314 ], [ 566908.992000000551343, 5928441.206000000238419 ], [ 566907.919999999925494, 5928429.429999999701977 ], [ 566907.712000001221895, 5928427.137000000104308 ], [ 566906.246999999508262, 5928411.052000004798174 ], [ 566901.484000000171363, 5928411.479000002145767 ], [ 566902.175999999977648, 5928418.697000000625849 ] ] ] } },
{ "type": "Feature", "properties": { "gebaeude_id": "DEHHALKAJ0000xPr", "dachneig": 7.551, "dachfl_2d": 25.913, "dachfl_3d": 26.062, "area_m2": 25.9 }, "geometry": { "type": "Polygon", "coordinates": [ [ [ 566901.91200000140816, 5928437.928000001236796 ], [ 566904.185999999754131, 5928438.981000002473593 ], [ 566904.123000000603497, 5928438.50900000333786 ], [ 566905.009999999776483, 5928438.390999998897314 ], [ 566905.127000001259148, 5928439.268000001087785 ], [ 566904.878000000491738, 5928439.300999999046326 ], [ 566908.992000000551343, 5928441.206000000238419 ], [ 566903.476000000722706, 5928432.765999998897314 ], [ 566901.23000000230968, 5928433.03999999910593 ], [ 566901.506000000052154, 5928436.026000002399087 ], [ 566901.70299999974668, 5928436.015000000596046 ], [ 566901.91200000140816, 5928437.928000001236796 ] ] ] } },
{ "type": "Feature", "properties": { "gebaeude_id": "DEHHALKAJ0000xPr", "dachneig": 11.969, "dachfl_2d": 82.955, "dachfl_3d": 84.809, "area_m2": 83.0 }, "geometry": { "type": "Polygon", "coordinates": [ [ [ 566895.371000000275671, 5928438.956000003963709 ], [ 566891.784000000916421, 5928439.52000000141561 ], [ 566890.671000000089407, 5928439.695000000298023 ], [ 566886.015999999828637, 5928440.5 ], [ 566886.66100000217557, 5928444.743999999016523 ], [ 566891.087000000290573, 5928444.042999999597669 ], [ 566891.662999999709427, 5928443.952000001445413 ], [ 566895.610999999567866, 5928443.326000003144145 ], [ 566896.048999999649823, 5928443.257000001147389 ], [ 566900.334000000730157, 5928442.578000001609325 ], [ 566908.992000000551343, 5928441.206000000238419 ], [ 566904.878000000491738, 5928439.300999999046326 ], [ 566904.240000000223517, 5928439.387000001966953 ], [ 566904.185999999754131, 5928438.981000002473593 ], [ 566901.91200000140816, 5928437.928000001236796 ], [ 566899.709999999962747, 5928438.274000002071261 ], [ 566895.371000000275671, 5928438.956000003963709 ] ], [ [ 566899.792000000365078, 5928438.793999999761581 ], [ 566900.063000001944602, 5928438.752000002190471 ], [ 566900.542000001296401, 5928441.964999997988343 ], [ 566900.586000001057982, 5928442.260000001639128 ], [ 566900.433000000193715, 5928442.287999998778105 ], [ 566900.292000001296401, 5928442.313000002875924 ], [ 566899.792000000365078, 5928438.793999999761581 ] ] ] } },
{ "type": "Feature", "properties": { "gebaeude_id": "DEHHALKAJ0000xUi", "dachneig": 4.107, "dachfl_2d": 244.395, "dachfl_3d": 244.74, "area_m2": 244.4 }, "geometry": { "type": "Polygon", "coordinates": [ [ [ 566917.826999999582767, 5928577.862999999895692 ], [ 566917.979000001214445, 5928577.829000001773238 ], [ 566922.150999999605119, 5928576.914000000804663 ], [ 566923.110000000335276, 5928575.780999999493361 ], [ 566922.629000000655651, 5928570.963999999687076 ], [ 566922.601999999955297, 5928570.690999999642372 ], [ 566921.091000000014901, 5928555.540000000968575 ], [ 566917.417000000365078, 5928555.84600000269711 ], [ 566917.481000000610948, 5928556.611000003293157 ], [ 566915.912000000476837, 5928556.742000000551343 ], [ 566915.848000000230968, 5928555.975999999791384 ], [ 566913.674000000581145, 5928556.156999999657273 ], [ 566913.690000001341105, 5928556.324000002816319 ], [ 566914.229000001214445, 5928562.020999999716878 ], [ 566910.899000000208616, 5928562.320000002160668 ], [ 566911.030999999493361, 5928564.164000004529953 ], [ 566914.428000001236796, 5928563.807 ], [ 566914.927000001072884, 5928568.834999999031425 ], [ 566913.476000001654029, 5928569.14500000141561 ], [ 566910.722000000067055, 5928569.734000001102686 ], [ 566911.109000000171363, 5928571.735000001266599 ], [ 566905.970999999903142, 5928572.802000002935529 ], [ 566906.361999999731779, 5928577.536000000312924 ], [ 566906.476000000722706, 5928578.463999999687076 ], [ 566906.479000001214445, 5928578.485999999567866 ], [ 566906.701999999582767, 5928580.304999997839332 ], [ 566917.826999999582767, 5928577.862999999895692 ] ], [ [ 566914.245000001043081, 5928573.491000002250075 ], [ 566914.468000001274049, 5928574.461000001057982 ], [ 566914.172000001184642, 5928574.529000002890825 ], [ 566913.728000001050532, 5928574.631999999284744 ], [ 566913.579000000841916, 5928573.987999999895692 ], [ 566913.504000000655651, 5928573.662000002339482 ], [ 566914.245000001043081, 5928573.491000002250075 ] ] ] } },
{ "type": "Feature", "properties": { "gebaeude_id": "DEHHALKAJ0000xUi", "dachneig": 2.596, "dachfl_2d": 205.376, "dachfl_3d": 205.638, "area_m2": 205.4 }, "geometry": { "type": "Polygon", "coordinates": [ [ [ 566913.779000001959503, 5928531.21200000308454 ], [ 566913.632000000216067, 5928531.228000001981854 ], [ 566913.612000000663102, 5928531.073000000789762 ], [ 566913.595000000670552, 5928530.936000000685453 ], [ 566913.44400000013411, 5928529.75899999961257 ], [ 566913.443000001832843, 5928529.752000002190471 ], [ 566910.217000001110137, 5928530.305000001564622 ], [ 566910.268000001087785, 5928530.620999999344349 ], [ 566910.576000000350177, 5928532.527000000700355 ], [ 566911.567999999970198, 5928532.357000004500151 ], [ 566911.925000001676381, 5928536.171 ], [ 566908.632000000216067, 5928536.592000000178814 ], [ 566908.845000001601875, 5928538.453000001609325 ], [ 566912.093000001274049, 5928538.096999999135733 ], [ 566913.003999999724329, 5928547.476000001654029 ], [ 566910.12400000076741, 5928547.755000002682209 ], [ 566910.363000001758337, 5928550.293999999761581 ], [ 566913.19300000090152, 5928550.004999998956919 ], [ 566913.648000000976026, 5928555.877999998629093 ], [ 566921.043000001460314, 5928555.292000001296401 ], [ 566920.580000000074506, 5928549.997000003233552 ], [ 566920.850000000558794, 5928549.969999998807907 ], [ 566920.427000001072884, 5928544.917000001296401 ], [ 566920.130000000819564, 5928544.958000002428889 ], [ 566918.661000001244247, 5928529.380000000819564 ], [ 566915.237999999895692, 5928529.47100000269711 ], [ 566915.371000000275671, 5928530.639000000432134 ], [ 566915.416000001132488, 5928531.02900000102818 ], [ 566914.951999999582767, 5928531.081000000238419 ], [ 566914.889000000432134, 5928531.087999997660518 ], [ 566913.779000001959503, 5928531.21200000308454 ] ], [ [ 566914.828999999910593, 5928540.473000003024936 ], [ 566914.901000001467764, 5928541.406999999657273 ], [ 566913.787999999709427, 5928541.493000000715256 ], [ 566913.716000000014901, 5928540.559000000357628 ], [ 566914.828999999910593, 5928540.473000003024936 ] ] ] } },
{ "type": "Feature", "properties": { "gebaeude_id": "DEHHALKAJ0000xUi", "dachneig": 3.087, "dachfl_2d": 96.369, "dachfl_3d": 96.444, "area_m2": 96.4 }, "geometry": { "type": "Polygon", "coordinates": [ [ [ 566918.382000000216067, 5928524.985999999567866 ], [ 566917.189999999478459, 5928524.066999999806285 ], [ 566912.937000001780689, 5928524.680000001564622 ], [ 566912.980000000447035, 5928524.953000001609325 ], [ 566901.748999999836087, 5928526.758000003173947 ], [ 566902.826999999582767, 5928533.640000000596046 ], [ 566910.192000000737607, 5928532.487000001594424 ], [ 566909.819000001065433, 5928530.021000001579523 ], [ 566913.716000000014901, 5928529.382000003010035 ], [ 566913.898000000976026, 5928530.89300000295043 ], [ 566915.088000000454485, 5928530.747000001370907 ], [ 566914.92200000025332, 5928529.149000000208616 ], [ 566918.632000000216067, 5928529.068000001832843 ], [ 566918.382000000216067, 5928524.985999999567866 ] ] ] } },
{ "type": "Feature", "properties": { "gebaeude_id": "DEHHALKAJ0000wzd", "dachneig": 0.0, "dachfl_2d": 89.101, "dachfl_3d": 89.101, "area_m2": 89.1 }, "geometry": { "type": "Polygon", "coordinates": [ [ [ 566857.498999999836087, 5928562.421000001952052 ], [ 566857.06900000013411, 5928560.346000004559755 ], [ 566857.067999999970198, 5928560.341000003740191 ], [ 566856.565000000409782, 5928557.914000002667308 ], [ 566856.564000001177192, 5928557.912000000476837 ], [ 566856.128999999724329, 5928555.815999999642372 ], [ 566856.126999999396503, 5928555.806000001728535 ], [ 566855.617000000551343, 5928553.344999996945262 ], [ 566855.218000001274049, 5928553.438000002875924 ], [ 566854.467000001110137, 5928549.812000000849366 ], [ 566855.045000000856817, 5928549.677999999374151 ], [ 566852.496000001206994, 5928537.50000000372529 ], [ 566850.271000000648201, 5928538.004000004380941 ], [ 566859.223000000230968, 5928580.256000002846122 ], [ 566860.712000000290573, 5928579.986999997869134 ], [ 566860.530000001192093, 5928579.093000002205372 ], [ 566861.135999999940395, 5928578.969000002369285 ], [ 566858.457000001333654, 5928565.972000000998378 ], [ 566858.455000001005828, 5928565.965000001713634 ], [ 566857.847000000998378, 5928566.098000003024936 ], [ 566857.845999999903142, 5928566.096000000834465 ], [ 566857.074000000953674, 5928562.497000003233552 ], [ 566857.498999999836087, 5928562.421000001952052 ] ] ] } },
{ "type": "Feature", "properties": { "gebaeude_id": "DEHHALKAJ0000wel", "dachneig": 0.0, "dachfl_2d": 86.532, "dachfl_3d": 86.532, "area_m2": 86.5 }, "geometry": { "type": "Polygon", "coordinates": [ [ [ 566867.927000002004206, 5928545.216 ], [ 566864.895000000484288, 5928543.79700000397861 ], [ 566867.363000000827014, 5928555.634000001475215 ], [ 566871.734000002034009, 5928576.799000000581145 ], [ 566874.305000000633299, 5928576.273000001907349 ], [ 566867.927000002004206, 5928545.216 ] ] ] } },
{ "type": "Feature", "properties": { "gebaeude_id": "DEHHALKAJ0000xQ1", "dachneig": 9.851, "dachfl_2d": 203.379, "dachfl_3d": 206.411, "area_m2": 203.4 }, "geometry": { "type": "Polygon", "coordinates": [ [ [ 566905.657999999821186, 5928572.704000001773238 ], [ 566905.493999999947846, 5928570.979000000283122 ], [ 566902.143000000156462, 5928571.606000000610948 ], [ 566902.128000000491738, 5928571.609000002965331 ], [ 566900.491000001318753, 5928571.91499999910593 ], [ 566894.600000000558794, 5928573.132000001147389 ], [ 566893.132000001147389, 5928573.436000000685453 ], [ 566893.128000002354383, 5928573.437000002712011 ], [ 566887.290000000968575, 5928574.647000001743436 ], [ 566887.287000000476837, 5928574.648000001907349 ], [ 566885.805000000633299, 5928574.955 ], [ 566879.917999999597669, 5928576.175000000745058 ], [ 566875.405999999493361, 5928577.115000003948808 ], [ 566875.454000000841916, 5928577.41499999910593 ], [ 566875.791000000201166, 5928577.364 ], [ 566876.413000001572073, 5928581.631999999284744 ], [ 566876.739000000059605, 5928583.87300000153482 ], [ 566906.118999999016523, 5928577.587999999523163 ], [ 566905.657999999821186, 5928572.704000001773238 ] ], [ [ 566900.763000001199543, 5928576.376000002026558 ], [ 566901.507000000216067, 5928576.208999998867512 ], [ 566901.74199999962002, 5928577.248999999836087 ], [ 566900.997999999672174, 5928577.416000004857779 ], [ 566900.763000001199543, 5928576.376000002026558 ] ], [ [ 566880.469000000506639, 5928581.45100000500679 ], [ 566880.330000001005828, 5928580.732999997213483 ], [ 566880.319000001065433, 5928580.673000000417233 ], [ 566880.419999999925494, 5928580.653999999165535 ], [ 566881.421000000089407, 5928580.460999999195337 ], [ 566881.571000000461936, 5928581.239 ], [ 566880.469000000506639, 5928581.45100000500679 ] ] ] } },
{ "type": "Feature", "properties": { "gebaeude_id": "DEHHALKAJ0000xQ1", "dachneig": 0.0, "dachfl_2d": 54.682, "dachfl_3d": 54.682, "area_m2": 54.7 }, "geometry": { "type": "Polygon", "coordinates": [ [ [ 566894.983000000938773, 5928566.829 ], [ 566896.060000002384186, 5928571.87300000153482 ], [ 566900.270999999716878, 5928570.891000000759959 ], [ 566900.356000000610948, 5928571.286999998614192 ], [ 566900.391000000759959, 5928571.281000003218651 ], [ 566902.019000000320375, 5928571.026000004261732 ], [ 566902.143000000156462, 5928571.606000000610948 ], [ 566905.493999999947846, 5928570.979000000283122 ], [ 566905.483, 5928570.854000000283122 ], [ 566905.720000000670552, 5928570.803000001236796 ], [ 566905.804000000469387, 5928570.78600000217557 ], [ 566905.915999999269843, 5928570.768000001087785 ], [ 566905.334999999962747, 5928565.103000001981854 ], [ 566905.175000000745058, 5928565.116999998688698 ], [ 566905.18400000128895, 5928565.177000001072884 ], [ 566894.983000000938773, 5928566.829 ] ] ] } },
{ "type": "Feature", "properties": { "gebaeude_id": "DEHHALKAJ0000xQ1", "dachneig": 2.913, "dachfl_2d": 16.236, "dachfl_3d": 16.257, "area_m2": 16.2 }, "geometry": { "type": "Polygon", "coordinates": [ [ [ 566892.047000001184642, 5928567.042000001296401 ], [ 566893.253000001423061, 5928572.761000001803041 ], [ 566894.44200000166893, 5928572.474999999627471 ], [ 566894.470000000670552, 5928572.468000000342727 ], [ 566894.426999999210238, 5928572.252999998629093 ], [ 566896.060000002384186, 5928571.87300000153482 ], [ 566894.983000000938773, 5928566.829 ], [ 566894.609000000171363, 5928566.713999999687076 ], [ 566894.574000000953674, 5928566.718000000342727 ], [ 566892.047000001184642, 5928567.042000001296401 ] ] ] } },
{ "type": "Feature", "properties": { "gebaeude_id": "DEHHALKAJ0000xQ1", "dachneig": 8.922, "dachfl_2d": 42.94, "dachfl_3d": 43.466, "area_m2": 42.9 }, "geometry": { "type": "Polygon", "coordinates": [ [ [ 566888.765000000596046, 5928566.784 ], [ 566885.378000000491738, 5928567.399000000208616 ], [ 566886.709999999962747, 5928574.036000000312924 ], [ 566887.146999999880791, 5928573.960999999195337 ], [ 566893.003000000491738, 5928572.81500000320375 ], [ 566891.791000002063811, 5928567.09600000269711 ], [ 566891.686000000685453, 5928566.603000000119209 ], [ 566891.638999999500811, 5928566.262000003829598 ], [ 566888.765000000596046, 5928566.784 ] ] ] } },
{ "type": "Feature", "properties": { "gebaeude_id": "DEHHALKAJ0000whs", "dachneig": 11.748, "dachfl_2d": 75.72, "dachfl_3d": 77.499, "area_m2": 75.7 }, "geometry": { "type": "Polygon", "coordinates": [ [ [ 566876.330000000074506, 5928466.414000002667308 ], [ 566877.020000000484288, 5928471.067000003531575 ], [ 566882.118999999947846, 5928470.25000000372529 ], [ 566882.628999999724329, 5928473.221000000834465 ], [ 566886.31900000013411, 5928472.60500000230968 ], [ 566886.145999999716878, 5928471.774000002071261 ], [ 566885.697999999858439, 5928469.630000002682209 ], [ 566891.076999998651445, 5928468.844000002369285 ], [ 566890.706000001169741, 5928466.45100000500679 ], [ 566890.692000000737607, 5928466.355000000447035 ], [ 566890.385000000707805, 5928464.371000001206994 ], [ 566876.330000000074506, 5928466.414000002667308 ] ], [ [ 566885.551000000908971, 5928467.64500000141561 ], [ 566886.441999999806285, 5928467.530000001192093 ], [ 566886.543999999761581, 5928468.313999997451901 ], [ 566885.65300000179559, 5928468.429999999701977 ], [ 566885.551000000908971, 5928467.64500000141561 ] ] ] } },
{ "type": "Feature", "properties": { "gebaeude_id": "DEHHALKAJ0000xLR", "dachneig": 0.0, "dachfl_2d": 14.99, "dachfl_3d": 14.99, "area_m2": 15.0 }, "geometry": { "type": "Polygon", "coordinates": [ [ [ 566854.775000000372529, 5928518.227 ], [ 566855.076999999582767, 5928518.092999998480082 ], [ 566854.303999999538064, 5928512.944000001996756 ], [ 566854.299999999813735, 5928512.921000001952052 ], [ 566853.65500000026077, 5928513.041999999433756 ], [ 566853.532999999821186, 5928512.264000002294779 ], [ 566852.942999999970198, 5928512.339000003412366 ], [ 566852.350000000558794, 5928512.41499999910593 ], [ 566852.105000001378357, 5928512.449999999254942 ], [ 566852.381999999284744, 5928514.349000003188848 ], [ 566851.917000001296401, 5928514.951000003144145 ], [ 566851.612000000663102, 5928515.876000000163913 ], [ 566851.736000001430511, 5928517.044000001624227 ], [ 566852.505000000819564, 5928517.936000000685453 ], [ 566853.682000000961125, 5928518.421 ], [ 566854.775000000372529, 5928518.227 ] ] ] } },
{ "type": "Feature", "properties": { "gebaeude_id": "DEHHALKAJ0000xLR", "dachneig": 20.365, "dachfl_2d": 17.635, "dachfl_3d": 18.894, "area_m2": 17.6 }, "geometry": { "type": "Polygon", "coordinates": [ [ [ 566850.054000000469387, 5928498.368000000715256 ], [ 566852.350000000558794, 5928512.41499999910593 ], [ 566852.942999999970198, 5928512.339000003412366 ], [ 566853.532999999821186, 5928512.264000002294779 ], [ 566851.313000000081956, 5928498.138000000268221 ], [ 566850.053000001236796, 5928498.360000001266599 ], [ 566850.054000000469387, 5928498.368000000715256 ] ] ] } },
{ "type": "Feature", "properties": { "gebaeude_id": "DEHHALKAJ0000xLR", "dachneig": 13.223, "dachfl_2d": 260.606, "dachfl_3d": 267.376, "area_m2": 260.6 }, "geometry": { "type": "Polygon", "coordinates": [ [ [ 566861.071999999694526, 5928510.150000002235174 ], [ 566860.293000001460314, 5928505.381000000983477 ], [ 566862.03700000140816, 5928505.091000001877546 ], [ 566859.28000000026077, 5928487.9780000038445 ], [ 566854.094000001437962, 5928488.769000003114343 ], [ 566853.631000000052154, 5928486.049000000581145 ], [ 566847.611000001430511, 5928487.041999999433756 ], [ 566849.484000000171363, 5928498.454000001773238 ], [ 566849.485000001266599, 5928498.460999999195337 ], [ 566850.053000001236796, 5928498.360000001266599 ], [ 566851.313000000081956, 5928498.138000000268221 ], [ 566853.532999999821186, 5928512.264000002294779 ], [ 566853.65500000026077, 5928513.041999999433756 ], [ 566854.299999999813735, 5928512.921000001952052 ], [ 566854.303999999538064, 5928512.944000001996756 ], [ 566855.076999999582767, 5928518.092999998480082 ], [ 566855.094000000506639, 5928518.205 ], [ 566861.071999999694526, 5928510.150000002235174 ] ], [ [ 566857.190000000409782, 5928511.758000001311302 ], [ 566857.332000000402331, 5928512.574000004678965 ], [ 566856.155000001192093, 5928512.780000003054738 ], [ 566856.057000000961125, 5928512.219999998807907 ], [ 566856.053999999538064, 5928512.20299999974668 ], [ 566856.012000000104308, 5928511.963000003248453 ], [ 566857.108, 5928511.772000001743436 ], [ 566861.071999999694526, 5928510.150000002235174 ], [ 566857.190000000409782, 5928511.758000001311302 ] ] ] } },
{ "type": "Feature", "properties": { "gebaeude_id": "DEHHALKAJ0000xLR", "dachneig": 14.629, "dachfl_2d": 25.171, "dachfl_3d": 26.015, "area_m2": 25.2 }, "geometry": { "type": "Polygon", "coordinates": [ [ [ 566855.094000000506639, 5928518.205 ], [ 566862.201000000350177, 5928517.050000004470348 ], [ 566861.071999999694526, 5928510.150000002235174 ], [ 566855.094000000506639, 5928518.205 ] ] ] } },
{ "type": "Feature", "properties": { "gebaeude_id": "DEHHALKAJ0000wYW", "dachneig": 2.361, "dachfl_2d": 209.304, "dachfl_3d": 209.497, "area_m2": 209.3 }, "geometry": { "type": "Polygon", "coordinates": [ [ [ 566861.821000000461936, 5928418.201000003144145 ], [ 566860.606000000610948, 5928412.881000004708767 ], [ 566860.596000001765788, 5928412.834000000730157 ], [ 566859.480000001378357, 5928407.949000002816319 ], [ 566858.571000000461936, 5928408.147000001743436 ], [ 566839.67200000025332, 5928412.268000001087785 ], [ 566840.728000000119209, 5928416.963999999687076 ], [ 566841.457999998703599, 5928416.804999999701977 ], [ 566841.533999999985099, 5928417.137000000104308 ], [ 566842.728000001050532, 5928422.389000002294779 ], [ 566861.821000000461936, 5928418.201000003144145 ] ] ] } },
{ "type": "Feature", "properties": { "gebaeude_id": "DEHHALKAJ0000xUM", "dachneig": 6.89, "dachfl_2d": 20.707, "dachfl_3d": 20.858, "area_m2": 20.7 }, "geometry": { "type": "Polygon", "coordinates": [ [ [ 566836.741000001318753, 5928421.862000001594424 ], [ 566841.457999998703599, 5928416.804999999701977 ], [ 566831.166000001132488, 5928419.059000000357628 ], [ 566836.741000001318753, 5928421.862000001594424 ] ] ] } },
{ "type": "Feature", "properties": { "gebaeude_id": "DEHHALKAJ0000xUM", "dachneig": 4.719, "dachfl_2d": 106.427, "dachfl_3d": 106.786, "area_m2": 106.4 }, "geometry": { "type": "Polygon", "coordinates": [ [ [ 566836.741000001318753, 5928421.862000001594424 ], [ 566840.269999999552965, 5928438.002000000327826 ], [ 566846.014000001363456, 5928436.83899999782443 ], [ 566841.457999998703599, 5928416.804999999701977 ], [ 566836.741000001318753, 5928421.862000001594424 ] ], [ [ 566840.048999999649823, 5928430.55800000205636 ], [ 566840.24900000076741, 5928431.467000000178814 ], [ 566839.462999999523163, 5928431.640000000596046 ], [ 566839.263000000268221, 5928430.731000002473593 ], [ 566840.048999999649823, 5928430.55800000205636 ] ] ] } },
{ "type": "Feature", "properties": { "gebaeude_id": "DEHHALKAJ0000xUM", "dachneig": 5.613, "dachfl_2d": 88.663, "dachfl_3d": 89.095, "area_m2": 88.7 }, "geometry": { "type": "Polygon", "coordinates": [ [ [ 566831.166000001132488, 5928419.059000000357628 ], [ 566835.592000001110137, 5928438.949000000953674 ], [ 566840.269999999552965, 5928438.002000000327826 ], [ 566836.741000001318753, 5928421.862000001594424 ], [ 566831.166000001132488, 5928419.059000000357628 ] ] ] } },
{ "type": "Feature", "properties": { "gebaeude_id": "DEHHALKAJ0000wZe", "dachneig": 0.0, "dachfl_2d": 238.906, "dachfl_3d": 238.906, "area_m2": 238.9 }, "geometry": { "type": "Polygon", "coordinates": [ [ [ 566894.402999999932945, 5928626.727 ], [ 566883.748000000603497, 5928627.905000003054738 ], [ 566886.682000000961125, 5928650.416000001132488 ], [ 566897.146999999880791, 5928649.143000001087785 ], [ 566894.402999999932945, 5928626.727 ] ], [ [ 566894.051000001840293, 5928643.300999999046326 ], [ 566894.106999999843538, 5928643.977 ], [ 566893.354000000283122, 5928644.040000000968575 ], [ 566893.297000001184642, 5928643.362999999895692 ], [ 566894.051000001840293, 5928643.300999999046326 ] ], [ [ 566892.329000000841916, 5928645.425000002607703 ], [ 566891.212000001221895, 5928645.559000000357628 ], [ 566891.07799999974668, 5928644.434000002220273 ], [ 566892.195000001229346, 5928644.300000000745058 ], [ 566892.329000000841916, 5928645.425000002607703 ] ] ] } },
{ "type": "Feature", "properties": { "gebaeude_id": "DEHHALKAeV0000Ny", "dachneig": 2.395, "dachfl_2d": 566.24, "dachfl_3d": 566.566, "area_m2": 566.2 }, "geometry": { "type": "Polygon", "coordinates": [ [ [ 566783.097000000067055, 5928147.41499999910593 ], [ 566783.862000000663102, 5928147.112000001594424 ], [ 566783.284000000916421, 5928131.618000004440546 ], [ 566783.24100000038743, 5928130.464999999850988 ], [ 566783.23100000154227, 5928130.196000000461936 ], [ 566783.230000000447035, 5928130.174000000581145 ], [ 566783.230000000447035, 5928130.17 ], [ 566783.20200000051409, 5928129.406000001356006 ], [ 566783.197000000625849, 5928129.280000003054738 ], [ 566784.263000001199543, 5928129.1030000038445 ], [ 566809.090000000782311, 5928124.978000000119209 ], [ 566810.150999999605119, 5928123.950000002980232 ], [ 566810.188000001013279, 5928123.91499999910593 ], [ 566810.230999999679625, 5928123.884999999776483 ], [ 566810.28000000026077, 5928123.860000001266599 ], [ 566810.332000001333654, 5928123.841 ], [ 566810.387000001035631, 5928123.831000002101064 ], [ 566810.442999999970198, 5928123.82799999974668 ], [ 566810.497999999672174, 5928123.833000000566244 ], [ 566810.550999999977648, 5928123.84599999897182 ], [ 566810.599999999627471, 5928123.865000002086163 ], [ 566810.645000000484288, 5928123.890000000596046 ], [ 566810.684000000357628, 5928123.918000001460314 ], [ 566810.718000001274049, 5928123.950000002980232 ], [ 566810.746000000275671, 5928123.982999999076128 ], [ 566810.769999999552965, 5928124.02000000141561 ], [ 566810.791000001132488, 5928124.061000002548099 ], [ 566810.807000001892447, 5928124.105999998748302 ], [ 566810.81900000013411, 5928124.156000001356006 ], [ 566810.824000000953674, 5928124.207999998703599 ], [ 566810.82500000204891, 5928124.609000002965331 ], [ 566811.43400000128895, 5928121.882000003010035 ], [ 566811.549000001512468, 5928121.369000002741814 ], [ 566789.417000000365078, 5928119.960000002756715 ], [ 566783.447999999858439, 5928119.580000001937151 ], [ 566783.381000000983477, 5928119.576000003144145 ], [ 566769.691000000573695, 5928120.247000001370907 ], [ 566769.364000000059605, 5928120.263000000268221 ], [ 566764.340000000782311, 5928120.509999999776483 ], [ 566768.156999999657273, 5928129.92400000244379 ], [ 566768.161000001244247, 5928129.934000004082918 ], [ 566768.30900000128895, 5928130.300000002607703 ], [ 566773.915000000037253, 5928144.118999999016523 ], [ 566774.468000000342727, 5928145.483000002801418 ], [ 566776.337000000290573, 5928150.091000001877546 ], [ 566783.097000000067055, 5928147.41499999910593 ] ], [ [ 566766.021000000648201, 5928122.34600000269711 ], [ 566765.770999999716878, 5928121.745000002905726 ], [ 566766.421000000089407, 5928121.475000001490116 ], [ 566766.67100000102073, 5928122.0760000012815 ], [ 566766.021000000648201, 5928122.34600000269711 ] ] ] } },
{ "type": "Feature", "properties": { "gebaeude_id": "20241016173201_2", "dachneig": 0.0, "dachfl_2d": 14.29, "dachfl_3d": 14.29, "area_m2": 14.3 }, "geometry": { "type": "Polygon", "coordinates": [ [ [ 566291.345000001601875, 5928362.842000000178814 ], [ 566287.219000000506639, 5928358.659000001847744 ], [ 566285.531000000424683, 5928360.323999999091029 ], [ 566289.763000001199543, 5928364.615000000223517 ], [ 566291.4510000012815, 5928362.949000000953674 ], [ 566291.345000001601875, 5928362.842000000178814 ] ] ] } },
{ "type": "Feature", "properties": { "gebaeude_id": "DEHHALKAJ0000xLb", "dachneig": 0.0, "dachfl_2d": 477.689, "dachfl_3d": 477.689, "area_m2": 224.4 }, "geometry": { "type": "Polygon", "coordinates": [ [ [ 566473.17100000102073, 5928993.42200000025332 ], [ 566473.242249258677475, 5928999.900000000372529 ], [ 566503.81941527640447, 5928999.900000000372529 ], [ 566503.658000000752509, 5928991.706000002101064 ], [ 566488.117999999783933, 5928992.012000000104308 ], [ 566488.139999999664724, 5928993.128000002354383 ], [ 566473.17100000102073, 5928993.42200000025332 ] ] ] } },
{ "type": "Feature", "properties": { "gebaeude_id": "DEHHALKAJ0000wYz", "dachneig": 0.0, "dachfl_2d": 135.499, "dachfl_3d": 135.499, "area_m2": 91.0 }, "geometry": { "type": "Polygon", "coordinates": [ [ [ 566444.764999999664724, 5928990.437000000849366 ], [ 566444.255121461115777, 5928999.900000000372529 ], [ 566454.150298385415226, 5928999.900000000372529 ], [ 566454.631000000052154, 5928990.968000002205372 ], [ 566444.764999999664724, 5928990.437000000849366 ] ] ] } },
{ "type": "Feature", "properties": { "gebaeude_id": "DEHHALKAJ00059Yy", "dachneig": 8.844, "dachfl_2d": 241.445, "dachfl_3d": 244.325, "area_m2": 166.9 }, "geometry": { "type": "Polygon", "coordinates": [ [ [ 566679.057000000961125, 5928958.436000002548099 ], [ 566675.127000001259148, 5928958.541000001132488 ], [ 566676.574184161843732, 5928999.900000000372529 ], [ 566680.702163767418824, 5928999.900000000372529 ], [ 566679.057000000961125, 5928958.436000002548099 ] ] ] } },
{ "type": "Feature", "properties": { "gebaeude_id": "DEHHALKAJ0000wrz", "dachneig": 9.077, "dachfl_2d": 457.182, "dachfl_3d": 462.977, "area_m2": 313.7 }, "geometry": { "type": "Polygon", "coordinates": [ [ [ 566660.358, 5928958.936999998986721 ], [ 566660.381000000983477, 5928959.594999998807907 ], [ 566660.381000000983477, 5928959.599000003188848 ], [ 566661.781010781764053, 5928999.900000000372529 ], [ 566669.533880977076478, 5928999.900000000372529 ], [ 566667.900000001303852, 5928959.377000002190471 ], [ 566667.873999999836087, 5928958.736000001430511 ], [ 566660.358, 5928958.936999998986721 ] ] ] } },
{ "type": "Feature", "properties": { "gebaeude_id": "DEHHALKAJ0000wrz", "dachneig": 8.761, "dachfl_2d": 420.759, "dachfl_3d": 425.729, "area_m2": 293.9 }, "geometry": { "type": "Polygon", "coordinates": [ [ [ 566675.106000000610948, 5928959.164000000804663 ], [ 566675.089000001549721, 5928958.542000001296401 ], [ 566667.873999999836087, 5928958.736000001430511 ], [ 566667.900000001303852, 5928959.377000002190471 ], [ 566669.533880977076478, 5928999.900000000372529 ], [ 566676.561717735021375, 5928999.900000000372529 ], [ 566675.106000000610948, 5928959.164000000804663 ] ] ] } },
{ "type": "Feature", "properties": { "gebaeude_id": "DEHHALKAJ0000xOP", "dachneig": 3.606, "dachfl_2d": 309.96, "dachfl_3d": 310.548, "area_m2": 61.5 }, "geometry": { "type": "Polygon", "coordinates": [ [ [ 566045.558000000193715, 5928993.302000002935529 ], [ 566029.524636819725856, 5928999.900000000372529 ], [ 566044.568816091050394, 5928999.900000000372529 ], [ 566044.304999999701977, 5928999.292000001296401 ], [ 566044.730999999679625, 5928999.107999999076128 ], [ 566045.033000000752509, 5928999.802999999374151 ], [ 566044.809637835947797, 5928999.900000000372529 ], [ 566048.273323023342527, 5928999.900000000372529 ], [ 566045.558000000193715, 5928993.302000002935529 ] ] ] } },
{ "type": "Feature", "properties": { "gebaeude_id": "DEHHALKAJ0000xKY", "dachneig": 0.0, "dachfl_2d": 67.927, "dachfl_3d": 67.927, "area_m2": 26.8 }, "geometry": { "type": "Polygon", "coordinates": [ [ [ 566998.777000001631677, 5928081.065000001341105 ], [ 566998.751000002026558, 5928080.468000002205372 ], [ 566993.311000001616776, 5928080.705 ], [ 566993.535000000149012, 5928084.877000000327826 ], [ 567000.099999999976717, 5928084.485553602688015 ], [ 567000.099999999976717, 5928081.006856630556285 ], [ 566998.777000001631677, 5928081.065000001341105 ] ] ] } },
{ "type": "Feature", "properties": { "gebaeude_id": "DEHHALKAJ0000xKY", "dachneig": 2.88, "dachfl_2d": 107.942, "dachfl_3d": 108.119, "area_m2": 107.1 }, "geometry": { "type": "Polygon", "coordinates": [ [ [ 566999.698000000789762, 5928063.259999999776483 ], [ 566998.341000000946224, 5928063.351000003516674 ], [ 566992.856999999843538, 5928063.723000003024936 ], [ 566993.609000001102686, 5928079.972000000998378 ], [ 566998.726000000722706, 5928079.802999999374151 ], [ 566998.735000001266599, 5928079.802999999374151 ], [ 567000.071000000461936, 5928079.758000003173947 ], [ 567000.099999999976717, 5928079.757325583137572 ], [ 567000.099999999976717, 5928073.183020932599902 ], [ 566999.698000000789762, 5928063.259999999776483 ] ], [ [ 566998.686000000685453, 5928070.509999999776483 ], [ 566998.685000002384186, 5928069.497999999672174 ], [ 566998.989000000990927, 5928069.497999999672174 ], [ 566999.150999999605119, 5928069.497999999672174 ], [ 566999.150999999605119, 5928070.509999999776483 ], [ 566999.095999999903142, 5928070.509999999776483 ], [ 566998.686000000685453, 5928070.509999999776483 ] ], [ [ 566999.433999999426305, 5928073.724000001326203 ], [ 566999.070000000298023, 5928073.736999999731779 ], [ 566999.037000000476837, 5928072.796 ], [ 566999.334999999962747, 5928072.785000002011657 ], [ 566999.54600000102073, 5928072.778000000864267 ], [ 566999.580000000074506, 5928073.719000000506639 ], [ 566999.433999999426305, 5928073.724000001326203 ] ], [ [ 566998.258000001311302, 5928068.695000000298023 ], [ 566998.209000000730157, 5928067.650000002235174 ], [ 566998.44400000013411, 5928067.639000000432134 ], [ 566998.791000000201166, 5928067.62300000153482 ], [ 566999.389000001363456, 5928067.595000000670552 ], [ 566999.438000001944602, 5928068.639000002294779 ], [ 566998.900999999605119, 5928068.664000000804663 ], [ 566998.469000000506639, 5928068.684999998658895 ], [ 566998.258000001311302, 5928068.695000000298023 ] ], [ [ 566999.567000000737607, 5928074.977000003680587 ], [ 566999.620000000111759, 5928074.975000001490116 ], [ 566999.638000000268221, 5928075.414000002667308 ], [ 566999.652999999932945, 5928075.796 ], [ 566999.652999999932945, 5928075.799999998882413 ], [ 566999.691000000573695, 5928076.761000001803041 ], [ 566998.90300000179559, 5928076.792000001296401 ], [ 566998.832000001333654, 5928075.006000000983477 ], [ 566999.567000000737607, 5928074.977000003680587 ] ] ] } },
{ "type": "Feature", "properties": { "gebaeude_id": "DEHHALKAJ0000weW", "dachneig": 4.366, "dachfl_2d": 461.168, "dachfl_3d": 462.314, "area_m2": 30.0 }, "geometry": { "type": "Polygon", "coordinates": [ [ [ 566998.412000000476837, 5928259.858000000938773 ], [ 567000.099999999976717, 5928295.280765612609684 ], [ 567000.099999999976717, 5928259.767915716394782 ], [ 566998.412000000476837, 5928259.858000000938773 ] ] ] } },
{ "type": "Feature", "properties": { "gebaeude_id": "DEHHALKAJ0000wbd", "dachneig": 0.0, "dachfl_2d": 84.898, "dachfl_3d": 84.898, "area_m2": 84.9 }, "geometry": { "type": "Polygon", "coordinates": [ [ [ 566991.898000000044703, 5928385.341000001877546 ], [ 566991.198000000789762, 5928380.773000003769994 ], [ 566989.56599999871105, 5928381.026000000536442 ], [ 566989.145000000484288, 5928378.061000000685453 ], [ 566989.104000001214445, 5928378.068000001832843 ], [ 566987.602000001817942, 5928378.295 ], [ 566987.100999999791384, 5928374.666999999433756 ], [ 566985.767, 5928374.877000002190471 ], [ 566985.906000000424683, 5928375.773 ], [ 566978.905000001192093, 5928376.790000000968575 ], [ 566979.956000000238419, 5928383.617000000551343 ], [ 566981.022000000812113, 5928383.436000000685453 ], [ 566981.114000000059605, 5928384.17400000244379 ], [ 566987.924000000581145, 5928383.172000002115965 ], [ 566988.253000000491738, 5928385.844000000506639 ], [ 566988.971000000834465, 5928386.743000002577901 ], [ 566991.525999999605119, 5928386.396000001579523 ], [ 566991.898000000044703, 5928385.341000001877546 ] ], [ [ 566987.458000001497567, 5928381.465000001713634 ], [ 566987.402000000700355, 5928380.979000002145767 ], [ 566987.855000000447035, 5928380.927000002935529 ], [ 566987.910000000149012, 5928381.414000002667308 ], [ 566987.458000001497567, 5928381.465000001713634 ] ], [ [ 566985.785000001080334, 5928380.521000003442168 ], [ 566985.673000001348555, 5928379.733000000938773 ], [ 566986.433000001125038, 5928379.625 ], [ 566986.545000000856817, 5928380.41300000064075 ], [ 566985.785000001080334, 5928380.521000003442168 ] ], [ [ 566990.597000000067055, 5928382.269000001251698 ], [ 566988.576999999582767, 5928382.561999998986721 ], [ 566988.430000000633299, 5928381.549000000581145 ], [ 566990.451000000350177, 5928381.255999999120831 ], [ 566990.597000000067055, 5928382.269000001251698 ] ] ] } },
{ "type": "Feature", "properties": { "gebaeude_id": "DEHHALKAJ0000wbd", "dachneig": 0.0, "dachfl_2d": 53.877, "dachfl_3d": 53.877, "area_m2": 53.9 }, "geometry": { "type": "Polygon", "coordinates": [ [ [ 566997.221000000834465, 5928374.983000000938773 ], [ 566988.989000000990927, 5928376.213999999687076 ], [ 566989.000000000931323, 5928376.287999998778105 ], [ 566988.832000000402331, 5928376.307 ], [ 566989.104000001214445, 5928378.068000001832843 ], [ 566989.145000000484288, 5928378.061000000685453 ], [ 566989.56599999871105, 5928381.026000000536442 ], [ 566991.198000000789762, 5928380.773000003769994 ], [ 566991.49900000076741, 5928382.735999999567866 ], [ 566997.150000000372529, 5928381.793000001460314 ], [ 566997.254999998956919, 5928382.650000002235174 ], [ 566998.262000001035631, 5928382.509999999776483 ], [ 566997.221000000834465, 5928374.983000000938773 ] ], [ [ 566995.699000000953674, 5928377.502000002190471 ], [ 566995.748999999836087, 5928378.012000000104308 ], [ 566995.244000000879169, 5928378.061000000685453 ], [ 566995.19400000013411, 5928377.550999997183681 ], [ 566995.699000000953674, 5928377.502000002190471 ] ], [ [ 566991.039000000804663, 5928379.473000003024936 ], [ 566991.797000001184642, 5928379.377000004053116 ], [ 566991.890999999828637, 5928380.11600000038743 ], [ 566991.133000002242625, 5928380.21200000308454 ], [ 566991.039000000804663, 5928379.473000003024936 ] ] ] } },
{ "type": "Feature", "properties": { "gebaeude_id": "DEHHALKAJ0000xVP", "dachneig": 1.077, "dachfl_2d": 473.614, "dachfl_3d": 473.673, "area_m2": 69.8 }, "geometry": { "type": "Polygon", "coordinates": [ [ [ 566993.806000001728535, 5928622.300999997183681 ], [ 566994.514000000432134, 5928628.589000003412366 ], [ 566995.190000000409782, 5928634.593000002205372 ], [ 567000.099999999976717, 5928634.034337666817009 ], [ 567000.099999999976717, 5928621.578849916346371 ], [ 566993.806000001728535, 5928622.300999997183681 ] ] ] } },
{ "type": "Feature", "properties": { "gebaeude_id": "DEHHALKAJ0000wqO", "dachneig": 1.727, "dachfl_2d": 418.408, "dachfl_3d": 418.552, "area_m2": 149.0 }, "geometry": { "type": "Polygon", "coordinates": [ [ [ 566986.861999999731779, 5928670.166000002995133 ], [ 567000.099999999976717, 5928668.614068841561675 ], [ 567000.099999999976717, 5928657.739932899363339 ], [ 566985.69400000013411, 5928659.41300000064075 ], [ 566986.861999999731779, 5928670.166000002995133 ] ], [ [ 566996.707000001333654, 5928664.467000000178814 ], [ 566996.744000000879169, 5928665.13399999961257 ], [ 566996.174999999813735, 5928665.166000001132488 ], [ 566996.139000001363456, 5928664.498999999836087 ], [ 566996.707000001333654, 5928664.467000000178814 ] ], [ [ 566995.273000000976026, 5928663.91499999910593 ], [ 566994.453999999910593, 5928663.97100000269711 ], [ 566994.439999999478459, 5928663.77000000141561 ], [ 566994.367999999783933, 5928662.699000002816319 ], [ 566995.187000001780689, 5928662.644000001251698 ], [ 566995.257000001147389, 5928663.678000001236796 ], [ 566995.273000000976026, 5928663.91499999910593 ] ] ] } },
{ "type": "Feature", "properties": { "gebaeude_id": "DEHHALKAJ0000weK", "dachneig": 2.423, "dachfl_2d": 436.728, "dachfl_3d": 437.125, "area_m2": 233.9 }, "geometry": { "type": "Polygon", "coordinates": [ [ [ 566979.808000000193715, 5928705.865000002086163 ], [ 567000.099999999976717, 5928703.529446111060679 ], [ 567000.099999999976717, 5928692.317834625020623 ], [ 566978.534000000916421, 5928694.787999998778105 ], [ 566979.175999999977648, 5928700.376000002026558 ], [ 566979.808000000193715, 5928705.865000002086163 ] ], [ [ 566987.325000001117587, 5928698.428000001236796 ], [ 566988.110000001266599, 5928698.307 ], [ 566988.25899999961257, 5928699.269999999552965 ], [ 566988.271000000648201, 5928699.349999999627471 ], [ 566987.486000000499189, 5928699.47100000269711 ], [ 566987.46999999973923, 5928699.367000000551343 ], [ 566987.325000001117587, 5928698.428000001236796 ] ] ] } },
{ "type": "Feature", "properties": { "gebaeude_id": "DEHHALKAJ0000xIr", "dachneig": 0.746, "dachfl_2d": 459.977, "dachfl_3d": 460.016, "area_m2": 199.3 }, "geometry": { "type": "Polygon", "coordinates": [ [ [ 566982.28899999987334, 5928728.930000001564622 ], [ 566982.935999999754131, 5928734.776000000536442 ], [ 566983.560999998822808, 5928740.415000000968575 ], [ 567000.099999999976717, 5928738.535880466923118 ], [ 567000.099999999976717, 5928726.880597442388535 ], [ 566982.28899999987334, 5928728.930000001564622 ] ], [ [ 566991.448000000789762, 5928732.754000002518296 ], [ 566992.144000001251698, 5928732.685000000521541 ], [ 566992.244000001810491, 5928733.701999999582767 ], [ 566991.549000000581145, 5928733.776000004261732 ], [ 566991.548000001348555, 5928733.77000000141561 ], [ 566991.448000000789762, 5928732.754000002518296 ] ] ] } },
{ "type": "Feature", "properties": { "gebaeude_id": "DEHHALKAJ0000x19", "dachneig": 0.0, "dachfl_2d": 310.047, "dachfl_3d": 310.047, "area_m2": 64.4 }, "geometry": { "type": "Polygon", "coordinates": [ [ [ 567000.099999999976717, 5928900.276611990295351 ], [ 567000.099999999976717, 5928895.752399209886789 ], [ 566992.002000000327826, 5928896.454000003635883 ], [ 566992.838000001385808, 5928906.256000004708767 ], [ 566994.957000001333654, 5928906.083999998867512 ], [ 566995.473000000230968, 5928906.043000003322959 ], [ 566995.520000000484288, 5928906.530000003054738 ], [ 566995.551000000908971, 5928906.844000000506639 ], [ 566998.123999999836087, 5928906.631000002846122 ], [ 566997.537999999709427, 5928900.506999999284744 ], [ 567000.099999999976717, 5928900.276611990295351 ] ], [ [ 566996.253999998793006, 5928903.228000001981854 ], [ 566994.830000000074506, 5928903.330000003799796 ], [ 566994.769000001251698, 5928902.473999999463558 ], [ 566996.192999999970198, 5928902.372000003233552 ], [ 566996.253999998793006, 5928903.228000001981854 ] ] ] } },
{ "type": "Feature", "properties": { "gebaeude_id": "DEHHALKAJ0000x19", "dachneig": 0.0, "dachfl_2d": 155.912, "dachfl_3d": 155.912, "area_m2": 155.9 }, "geometry": { "type": "Polygon", "coordinates": [ [ [ 566992.504000000655651, 5928906.282999999821186 ], [ 566991.719000000506639, 5928896.478000000119209 ], [ 566984.270999999716878, 5928897.124000001698732 ], [ 566984.168999999761581, 5928895.844000002369285 ], [ 566973.867000000551343, 5928896.745999999344349 ], [ 566974.754999999888241, 5928907.131000004708767 ], [ 566982.562000000849366, 5928906.484000001102686 ], [ 566982.566000000573695, 5928906.484000001102686 ], [ 566982.213999999687076, 5928901.812000000849366 ], [ 566987.051000000908971, 5928901.427000001072884 ], [ 566987.500000000931323, 5928907.464000001549721 ], [ 566990.021000001579523, 5928907.281999999657273 ], [ 566989.979999999515712, 5928906.488000001758337 ], [ 566992.504000000655651, 5928906.282999999821186 ] ], [ [ 566975.891000000759959, 5928899.561000002548099 ], [ 566975.925000001676381, 5928899.985999999567866 ], [ 566975.263000000268221, 5928900.039000004529953 ], [ 566975.229000001214445, 5928899.614000003784895 ], [ 566975.891000000759959, 5928899.561000002548099 ] ], [ [ 566979.80599999986589, 5928903.699000000953674 ], [ 566979.705000001005828, 5928902.250000001862645 ], [ 566980.643000000156462, 5928902.184000002220273 ], [ 566980.744000001810491, 5928903.634000001475215 ], [ 566979.80599999986589, 5928903.699000000953674 ] ], [ [ 566989.92100000102073, 5928902.857999999076128 ], [ 566989.992000000551343, 5928903.823000000789762 ], [ 566988.556000000797212, 5928903.927999999374151 ], [ 566988.485000000335276, 5928902.963000003248453 ], [ 566989.92100000102073, 5928902.857999999076128 ] ] ] } },
{ "type": "Feature", "properties": { "gebaeude_id": "DEHHALKAIi0000L0", "dachneig": 0.0, "dachfl_2d": 688.209, "dachfl_3d": 688.209, "area_m2": 316.4 }, "geometry": { "type": "Polygon", "coordinates": [ [ [ 566621.599999999627471, 5928002.53999999910593 ], [ 566627.918000001460314, 5928007.459000000730157 ], [ 566628.03000000026077, 5928007.528000002726912 ], [ 566628.086000001057982, 5928007.464000001549721 ], [ 566628.733000000938773, 5928006.727000001817942 ], [ 566628.84499999973923, 5928006.701000003144145 ], [ 566628.99000000115484, 5928006.710000002756715 ], [ 566629.20299999974668, 5928006.795 ], [ 566629.392000000923872, 5928006.870000002905726 ], [ 566629.396000000648201, 5928006.87300000153482 ], [ 566631.245000001043081, 5928008.34600000269711 ], [ 566631.264000002294779, 5928008.362000001594424 ], [ 566630.806000001728535, 5928008.897000001743436 ], [ 566629.639000001363456, 5928007.91100000217557 ], [ 566629.635000001639128, 5928007.916000002995133 ], [ 566629.573000000789762, 5928008.001000003889203 ], [ 566630.054000000469387, 5928008.373999999836087 ], [ 566630.04700000025332, 5928008.381999999284744 ], [ 566629.100999999791384, 5928009.559999998658895 ], [ 566637.115000000223517, 5928015.653999999165535 ], [ 566639.575000001117587, 5928020.093000000342727 ], [ 566651.764999999664724, 5928013.231000000610948 ], [ 566640.870061504538171, 5927999.900000000372529 ], [ 566640.602776926825754, 5927999.900000000372529 ], [ 566640.127000001259148, 5928000.289000002667308 ], [ 566639.624185698688962, 5927999.900000000372529 ], [ 566619.433294529211707, 5927999.900000000372529 ], [ 566621.599999999627471, 5928002.53999999910593 ] ], [ [ 566634.107000001706183, 5928004.315999999642372 ], [ 566634.761000001803041, 5928004.83 ], [ 566634.188000001013279, 5928005.559000000357628 ], [ 566633.534000000916421, 5928005.045 ], [ 566634.107000001706183, 5928004.315999999642372 ] ], [ [ 566634.230999999679625, 5928009.697000002488494 ], [ 566635.115000000223517, 5928010.375 ], [ 566634.447999999858439, 5928011.245000004768372 ], [ 566633.564000000245869, 5928010.56700000166893 ], [ 566634.230999999679625, 5928009.697000002488494 ] ] ] } },
{ "type": "Feature", "properties": { "gebaeude_id": "DEHHALKA10007mUC", "dachneig": 0.0, "dachfl_2d": 56.974, "dachfl_3d": 56.974, "area_m2": 34.1 }, "geometry": { "type": "Polygon", "coordinates": [ [ [ 566334.081000000238419, 5928012.379999998956919 ], [ 566328.904704360058531, 5927999.900000000372529 ], [ 566328.562059442978352, 5927999.900000000372529 ], [ 566329.388000000268221, 5928001.894999999552965 ], [ 566324.254000000655651, 5928004.026000000536442 ], [ 566326.149000000208616, 5928008.545 ], [ 566326.158000000752509, 5928008.566000003367662 ], [ 566331.227000000886619, 5928006.425000000745058 ], [ 566333.649000001139939, 5928012.18100000359118 ], [ 566322.780999999493361, 5928016.679000003263354 ], [ 566322.628000001423061, 5928016.31900000013411 ], [ 566322.54600000102073, 5928016.128000000491738 ], [ 566320.627000002190471, 5928011.617000000551343 ], [ 566316.062000001780689, 5928013.501000002026558 ], [ 566318.233000000938773, 5928018.650999998673797 ], [ 566313.050000000745058, 5928020.806000001728535 ], [ 566312.46999999973923, 5928021.048000002279878 ], [ 566305.739000000990927, 5928004.995999999344349 ], [ 566310.933000000193715, 5928002.813000002875924 ], [ 566310.916000001132488, 5928002.773000001907349 ], [ 566309.712783394381404, 5927999.900000000372529 ], [ 566309.320127241662703, 5927999.900000000372529 ], [ 566310.542999999597669, 5928002.732999997213483 ], [ 566305.878999999724329, 5928004.747000001370907 ], [ 566304.097000000067055, 5928000.620999997481704 ], [ 566305.767042204155587, 5927999.900000000372529 ], [ 566305.11871329927817, 5927999.900000000372529 ], [ 566303.852000000886619, 5928000.432 ], [ 566303.631496649002656, 5927999.900000000372529 ], [ 566303.282612022361718, 5927999.900000000372529 ], [ 566312.301000000908971, 5928021.441000001505017 ], [ 566334.081000000238419, 5928012.379999998956919 ] ], [ [ 566324.685999999754131, 5928004.247000001370907 ], [ 566329.334999999962747, 5928002.298000000417233 ], [ 566330.973999999463558, 5928006.207000004127622 ], [ 566326.32500000204891, 5928008.156999999657273 ], [ 566324.685999999754131, 5928004.247000001370907 ] ], [ [ 566318.474000000394881, 5928018.406000001356006 ], [ 566316.496999998576939, 5928013.709000002592802 ], [ 566320.461000001057982, 5928012.03999999910593 ], [ 566322.438000001013279, 5928016.737999999895692 ], [ 566318.474000000394881, 5928018.406000001356006 ] ] ] } },
{ "type": "Feature", "properties": { "gebaeude_id": "DEHHALKA10007mUC", "dachneig": 0.0, "dachfl_2d": 447.274, "dachfl_3d": 447.274, "area_m2": 274.7 }, "geometry": { "type": "Polygon", "coordinates": [ [ [ 566306.56800000090152, 5928005.285000000149012 ], [ 566312.800000000745058, 5928020.207000000402331 ], [ 566317.440999999642372, 5928018.356000000610948 ], [ 566315.296000000089407, 5928013.123999999836087 ], [ 566320.988000000827014, 5928010.771000003442168 ], [ 566323.083000000566244, 5928015.900000002235174 ], [ 566332.859000000171363, 5928011.856000000610948 ], [ 566330.926000000908971, 5928007.247000001370907 ], [ 566325.819000001996756, 5928009.376000000163913 ], [ 566325.797000002115965, 5928009.322999998927116 ], [ 566323.699000000953674, 5928004.256000000983477 ], [ 566323.649000001139939, 5928004.136 ], [ 566323.44300000090152, 5928003.637000000104308 ], [ 566328.618999999947846, 5928001.456000002101064 ], [ 566327.964242876507342, 5927999.900000000372529 ], [ 566310.387502367957495, 5927999.900000000372529 ], [ 566311.753999999724329, 5928003.157999997958541 ], [ 566311.227000000886619, 5928003.375 ], [ 566311.172000001184642, 5928003.396999999880791 ], [ 566306.56800000090152, 5928005.285000000149012 ] ], [ [ 566315.258000001311302, 5928005.168999999761581 ], [ 566314.321000001393259, 5928005.574999999254942 ], [ 566313.705000000074506, 5928004.15400000102818 ], [ 566314.641000000759959, 5928003.747000005096197 ], [ 566315.258000001311302, 5928005.168999999761581 ] ], [ [ 566319.826000000350177, 5928001.585000002756715 ], [ 566320.842000000178814, 5928001.185000000521541 ], [ 566321.408999999053776, 5928002.627000002190471 ], [ 566320.393000000156462, 5928003.026000004261732 ], [ 566319.826000000350177, 5928001.585000002756715 ] ], [ [ 566316.550000000745058, 5928005.061000002548099 ], [ 566315.813000000081956, 5928003.29700000025332 ], [ 566315.807000000961125, 5928003.282999999821186 ], [ 566315.681000000797212, 5928002.982000004500151 ], [ 566318.495000000111759, 5928001.697000000625849 ], [ 566319.247000000439584, 5928003.512000000104308 ], [ 566319.314000001177192, 5928003.67200000025332 ], [ 566319.396999999880791, 5928003.872000001370907 ], [ 566316.550000000745058, 5928005.061000002548099 ] ] ] } },
{ "type": "Feature", "properties": { "gebaeude_id": "DEHHALKAIi0000Ko", "dachneig": 0.0, "dachfl_2d": 21.061, "dachfl_3d": 21.061, "area_m2": 21.1 }, "geometry": { "type": "Polygon", "coordinates": [ [ [ 566605.66399999987334, 5928011.622000001370907 ], [ 566603.902999999932945, 5928013.045000001788139 ], [ 566609.831000000238419, 5928020.301000000908971 ], [ 566611.541000000201166, 5928018.844999998807907 ], [ 566605.66399999987334, 5928011.622000001370907 ] ] ] } },
{ "type": "Feature", "properties": { "gebaeude_id": "DEHHALKAIi0000Ko", "dachneig": 0.0, "dachfl_2d": 11.328, "dachfl_3d": 11.328, "area_m2": 11.3 }, "geometry": { "type": "Polygon", "coordinates": [ [ [ 566595.410000000149012, 5928020.03600000217557 ], [ 566592.101999999955297, 5928022.741999998688698 ], [ 566593.81900000013411, 5928024.777000000700355 ], [ 566597.099000001326203, 5928022.091000001877546 ], [ 566595.410000000149012, 5928020.03600000217557 ] ] ] } },
{ "type": "Feature", "properties": { "gebaeude_id": "DEHHALKAIi0000Ko", "dachneig": 0.0, "dachfl_2d": 13.723, "dachfl_3d": 13.723, "area_m2": 13.7 }, "geometry": { "type": "Polygon", "coordinates": [ [ [ 566591.801000000908971, 5928022.988000001758337 ], [ 566587.821000000461936, 5928026.245000001043081 ], [ 566589.480000000447035, 5928028.268000001087785 ], [ 566591.087999999523163, 5928027.013000000268221 ], [ 566593.533000000752509, 5928025.009999999776483 ], [ 566591.801000000908971, 5928022.988000001758337 ] ] ] } },
{ "type": "Feature", "properties": { "gebaeude_id": "DEHHALKAIi0000Ko", "dachneig": 0.0, "dachfl_2d": 11.222, "dachfl_3d": 11.222, "area_m2": 11.2 }, "geometry": { "type": "Polygon", "coordinates": [ [ [ 566598.546999999321997, 5928039.328000001609325 ], [ 566600.341000000014901, 5928038.312000000849366 ], [ 566596.714999998919666, 5928033.901000000536442 ], [ 566595.149000000208616, 5928035.183000000193715 ], [ 566598.546999999321997, 5928039.328000001609325 ] ] ] } },
{ "type": "Feature", "properties": { "gebaeude_id": "DEHHALKAIi0000Ko", "dachneig": 0.0, "dachfl_2d": 369.97, "dachfl_3d": 369.97, "area_m2": 370.0 }, "geometry": { "type": "Polygon", "coordinates": [ [ [ 566613.088000000454485, 5928019.430000001564622 ], [ 566615.553000000305474, 5928022.436999998986721 ], [ 566614.32700000051409, 5928025.762000000104308 ], [ 566611.601000000722706, 5928032.918999999761581 ], [ 566611.595999999903142, 5928032.954000003635883 ], [ 566609.428000001236796, 5928034.118000000715256 ], [ 566598.996000000275671, 5928040.023000001907349 ], [ 566600.860000001266599, 5928042.256000002846122 ], [ 566638.795000000856817, 5928020.56900000013411 ], [ 566636.410000000149012, 5928016.280000001192093 ], [ 566634.90400000102818, 5928015.115000002086163 ], [ 566634.55599999986589, 5928015.565000001341105 ], [ 566634.053999999538064, 5928015.177000002935529 ], [ 566634.402000000700355, 5928014.727 ], [ 566628.793000001460314, 5928010.389000000432134 ], [ 566628.676000000908971, 5928010.457000002264977 ], [ 566613.088000000454485, 5928019.430000001564622 ] ], [ [ 566615.485000000335276, 5928020.295 ], [ 566615.669000000692904, 5928020.514000002294779 ], [ 566615.050000000745058, 5928021.032999999821186 ], [ 566614.867000001482666, 5928020.813000001013279 ], [ 566615.485000000335276, 5928020.295 ] ], [ [ 566616.330000001005828, 5928019.635000001639128 ], [ 566616.515999999828637, 5928019.865000002086163 ], [ 566615.866000001318753, 5928020.390000002458692 ], [ 566615.68099999986589, 5928020.160000002011657 ], [ 566616.330000001005828, 5928019.635000001639128 ] ], [ [ 566632.988000000827014, 5928016.519000001251698 ], [ 566632.677000001072884, 5928016.699000000953674 ], [ 566632.230000000447035, 5928015.925000000745058 ], [ 566632.541000000201166, 5928015.745000001043081 ], [ 566632.988000000827014, 5928016.519000001251698 ] ] ] } },
{ "type": "Feature", "properties": { "gebaeude_id": "DEHHALKAIi0000Ko", "dachneig": 0.0, "dachfl_2d": 33.391, "dachfl_3d": 33.391, "area_m2": 33.4 }, "geometry": { "type": "Polygon", "coordinates": [ [ [ 566605.789000001735985, 5928010.393000001087785 ], [ 566612.158999999985099, 5928018.298000000417233 ], [ 566612.625000001862645, 5928018.866000002250075 ], [ 566612.729000002145767, 5928018.80599999986589 ], [ 566615.680000000633299, 5928017.111000001430511 ], [ 566603.791000001132488, 5928006.552999999374151 ], [ 566603.070000000298023, 5928007.178999999538064 ], [ 566603.060000001452863, 5928007.188000002875924 ], [ 566605.753000000491738, 5928010.424000000581145 ], [ 566605.789000001735985, 5928010.393000001087785 ] ] ] } },
{ "type": "Feature", "properties": { "gebaeude_id": "DEHHALKAIi0000Ko", "dachneig": 0.0, "dachfl_2d": 53.361, "dachfl_3d": 53.361, "area_m2": 53.4 }, "geometry": { "type": "Polygon", "coordinates": [ [ [ 566594.658999999985099, 5928034.585000002756715 ], [ 566596.837000000290573, 5928032.79700000025332 ], [ 566601.009000000543892, 5928037.934000002220273 ], [ 566609.02800000179559, 5928033.395999999716878 ], [ 566609.428000001236796, 5928034.118000000715256 ], [ 566611.595999999903142, 5928032.954000003635883 ], [ 566595.278000000864267, 5928032.284 ], [ 566591.562000000849366, 5928027.609000001102686 ], [ 566589.980999999679625, 5928028.879000002518296 ], [ 566594.658999999985099, 5928034.585000002756715 ] ] ] } },
{ "type": "Feature", "properties": { "gebaeude_id": "DEHHALKAIi0000Ko", "dachneig": 0.0, "dachfl_2d": 30.272, "dachfl_3d": 30.272, "area_m2": 30.3 }, "geometry": { "type": "Polygon", "coordinates": [ [ [ 566596.031000000424683, 5928019.528000000864267 ], [ 566597.711000001057982, 5928021.589999999850988 ], [ 566603.961000001057982, 5928016.471999999135733 ], [ 566608.916000000201166, 5928021.041999999433756 ], [ 566609.175000000745058, 5928020.831000000238419 ], [ 566603.275000002235174, 5928013.602000001817942 ], [ 566596.031000000424683, 5928019.528000000864267 ] ] ] } },
{ "type": "Feature", "properties": { "gebaeude_id": "DEHHALKAIi0000Ko", "dachneig": 0.0, "dachfl_2d": 151.47, "dachfl_3d": 151.47, "area_m2": 151.5 }, "geometry": { "type": "Polygon", "coordinates": [ [ [ 566603.360999999567866, 5928025.855000000447035 ], [ 566603.071999999694526, 5928025.516000002622604 ], [ 566604.508000002242625, 5928024.34600000269711 ], [ 566606.110000000335276, 5928023.441999999806285 ], [ 566605.629999998956919, 5928022.622000003233552 ], [ 566606.692000000737607, 5928022.059000000357628 ], [ 566607.147000000812113, 5928022.855999996885657 ], [ 566608.86699999962002, 5928021.884999999776483 ], [ 566604.43099999986589, 5928017.833000004291534 ], [ 566604.715000001713634, 5928017.486000001430511 ], [ 566604.668000000528991, 5928017.443000001832843 ], [ 566603.964999999850988, 5928016.792000001296401 ], [ 566591.387000000104308, 5928027.028000002726912 ], [ 566595.457000000402331, 5928032.039000002667308 ], [ 566610.828000000678003, 5928032.671000003814697 ], [ 566613.402999999932945, 5928025.9239999987185 ], [ 566611.560000001452863, 5928023.686000000685453 ], [ 566611.418999999761581, 5928023.83 ], [ 566604.759000001475215, 5928027.653000000864267 ], [ 566604.74800000153482, 5928027.659000001847744 ], [ 566604.575000000186265, 5928027.333000002428889 ], [ 566604.518000001087785, 5928027.225000001490116 ], [ 566604.144999999552965, 5928027.561000000685453 ], [ 566602.940999999642372, 5928026.236000001430511 ], [ 566602.938000001013279, 5928026.232999999076128 ], [ 566603.360999999567866, 5928025.855000000447035 ] ], [ [ 566595.022000000812113, 5928029.349999999627471 ], [ 566594.978000001050532, 5928029.389000000432134 ], [ 566594.931000000797212, 5928029.421 ], [ 566594.883000001311302, 5928029.445000002160668 ], [ 566594.83600000012666, 5928029.462999997660518 ], [ 566594.786000001244247, 5928029.476000003516674 ], [ 566594.733000001870096, 5928029.483000000938773 ], [ 566594.675999999977648, 5928029.483000000938773 ], [ 566594.618000001646578, 5928029.477 ], [ 566594.558000001125038, 5928029.461000001057982 ], [ 566594.498999999836087, 5928029.438000001013279 ], [ 566594.44300000090152, 5928029.405000003054738 ], [ 566594.392000000923872, 5928029.36400000192225 ], [ 566594.347000000067055, 5928029.317000003531575 ], [ 566594.310000000521541, 5928029.264000002294779 ], [ 566594.281000000424683, 5928029.207000004127622 ], [ 566594.260999999940395, 5928029.149000002071261 ], [ 566594.249000001698732, 5928029.091000001877546 ], [ 566594.245000001974404, 5928029.034000001847744 ], [ 566594.248000000603497, 5928028.980999998748302 ], [ 566594.256000001914799, 5928028.931000001728535 ], [ 566594.270000000484288, 5928028.882000001147389 ], [ 566594.290000000037253, 5928028.832000000402331 ], [ 566594.317999999970198, 5928028.782999999821186 ], [ 566594.353000001050532, 5928028.734999999403954 ], [ 566594.396000000648201, 5928028.690999999642372 ], [ 566594.446000001393259, 5928028.652000000700355 ], [ 566594.502000000327826, 5928028.620000004768372 ], [ 566594.563000001944602, 5928028.59600000269711 ], [ 566594.627000001259148, 5928028.581000000238419 ], [ 566594.691999999806285, 5928028.574999999254942 ], [ 566594.755000001750886, 5928028.578000001609325 ], [ 566594.814000000245869, 5928028.589999999850988 ], [ 566594.871999998576939, 5928028.609000001102686 ], [ 566594.923000001348555, 5928028.63399999961257 ], [ 566594.968000000342727, 5928028.662999998778105 ], [ 566595.007000001147389, 5928028.695000000298023 ], [ 566595.042000001296401, 5928028.731000000610948 ], [ 566595.075000001117587, 5928028.774000003933907 ], [ 566595.102000001817942, 5928028.818000003695488 ], [ 566595.312000001780689, 5928028.966 ], [ 566595.104000001214445, 5928028.822000002488494 ], [ 566595.128000000491738, 5928028.877000000327826 ], [ 566595.144000001251698, 5928028.936000002548099 ], [ 566595.152999999001622, 5928028.999000003561378 ], [ 566595.152999999001622, 5928029.064000001177192 ], [ 566595.143000000156462, 5928029.127999998629093 ], [ 566595.124000001698732, 5928029.190999999642372 ], [ 566595.097000000998378, 5928029.250000001862645 ], [ 566595.062000000849366, 5928029.303000001236796 ], [ 566595.022000000812113, 5928029.349999999627471 ] ], [ [ 566594.708000000566244, 5928028.246000001206994 ], [ 566594.998999999836087, 5928028.000999998301268 ], [ 566595.603000001050532, 5928028.72100000269711 ], [ 566595.312000001780689, 5928028.966 ], [ 566594.708000000566244, 5928028.246000001206994 ] ], [ [ 566592.644999999552965, 5928028.083999998867512 ], [ 566592.608, 5928028.015000000596046 ], [ 566592.57899999897927, 5928027.938000002875924 ], [ 566592.560000000521541, 5928027.85700000077486 ], [ 566592.553000000305474, 5928027.770999999716878 ], [ 566592.558000000193715, 5928027.685000000521541 ], [ 566592.575000000186265, 5928027.599999999627471 ], [ 566592.605000001378357, 5928027.519000003114343 ], [ 566592.644000000320375, 5928027.445000000298023 ], [ 566592.691999999806285, 5928027.379000000655651 ], [ 566592.746000000275671, 5928027.322000000625849 ], [ 566592.803999998606741, 5928027.274000002071261 ], [ 566592.86400000192225, 5928027.235999999567866 ], [ 566592.923999999649823, 5928027.207000000402331 ], [ 566592.987999999895692, 5928027.185000000521541 ], [ 566593.057000000029802, 5928027.169000001624227 ], [ 566593.132000000216067, 5928027.162000000476837 ], [ 566593.21000000089407, 5928027.164000002667308 ], [ 566593.291000000201166, 5928027.177000001072884 ], [ 566593.371000000275671, 5928027.201000003144145 ], [ 566593.449000000953674, 5928027.237999999895692 ], [ 566593.521000000648201, 5928027.286000000312924 ], [ 566593.586000001057982, 5928027.343000000342727 ], [ 566593.641000000759959, 5928027.409 ], [ 566593.685999999754131, 5928027.480000000447035 ], [ 566593.719000001437962, 5928027.553999997675419 ], [ 566593.742000000551343, 5928027.629999998956919 ], [ 566593.754000001586974, 5928027.704000003635883 ], [ 566593.757000000216067, 5928027.775000002235174 ], [ 566593.752000001259148, 5928027.842000000178814 ], [ 566593.73900000192225, 5928027.907999999821186 ], [ 566593.718000000342727, 5928027.976000001654029 ], [ 566593.687000000849366, 5928028.044000001624227 ], [ 566593.645999998785555, 5928028.110999999567866 ], [ 566593.595000001601875, 5928028.174000000581145 ], [ 566593.533000000752509, 5928028.230999998748302 ], [ 566593.462999999523163, 5928028.280000004917383 ], [ 566593.385000000707805, 5928028.318999998271465 ], [ 566593.303000001236796, 5928028.347000000998378 ], [ 566593.217999999411404, 5928028.362000001594424 ], [ 566593.13399999961257, 5928028.365000000223517 ], [ 566593.053000000305474, 5928028.356000000610948 ], [ 566592.976999999955297, 5928028.337999999523163 ], [ 566592.907000000588596, 5928028.312000000849366 ], [ 566592.844000001437962, 5928028.278999999165535 ], [ 566592.78800000064075, 5928028.24100000038743 ], [ 566592.737000000663102, 5928028.197000000625849 ], [ 566592.689000001177192, 5928028.14500000141561 ], [ 566592.644999999552965, 5928028.083999998867512 ] ], [ [ 566598.815999999642372, 5928022.436999998986721 ], [ 566599.592000000178814, 5928022.329000001773238 ], [ 566599.917000000365078, 5928022.088999999687076 ], [ 566599.987999999895692, 5928022.165000000968575 ], [ 566600.583999999798834, 5928022.800000004470348 ], [ 566600.636000000871718, 5928022.855999996885657 ], [ 566600.293000000528991, 5928023.265000000596046 ], [ 566599.476000000722706, 5928023.311000002548099 ], [ 566594.58600000012666, 5928027.368000002577901 ], [ 566593.873000000603497, 5928026.609000002965331 ], [ 566598.815999999642372, 5928022.436999998986721 ] ], [ [ 566595.324000000022352, 5928029.515999998897314 ], [ 566595.338000001385808, 5928029.258000001311302 ], [ 566595.424999999813735, 5928029.182 ], [ 566595.731000000610948, 5928028.912000000476837 ], [ 566600.252000001259148, 5928025.164000002667308 ], [ 566600.152999999932945, 5928025.03800000064075 ], [ 566600.507000000216067, 5928024.759000001475215 ], [ 566599.887000001035631, 5928023.973000001162291 ], [ 566600.68099999986589, 5928023.346999999135733 ], [ 566602.040000000037253, 5928025.072000000625849 ], [ 566600.944000001996756, 5928025.936000002548099 ], [ 566596.392000000923872, 5928029.709000000730157 ], [ 566596.321999999694526, 5928029.625000001862645 ], [ 566596.166000000201166, 5928029.767000002786517 ], [ 566596.740000000223517, 5928030.457000002264977 ], [ 566596.121000002138317, 5928030.934000002220273 ], [ 566595.29700000025332, 5928029.987000001594424 ], [ 566595.324000000022352, 5928029.515999998897314 ] ], [ [ 566599.668000000528991, 5928021.615000002086163 ], [ 566600.698000000789762, 5928020.711000001057982 ], [ 566604.312000000849366, 5928017.827000001445413 ], [ 566605.740999999456108, 5928019.622999999672174 ], [ 566605.206000002101064, 5928020.048000000417233 ], [ 566605.998999999836087, 5928021.045000003650784 ], [ 566605.535000002011657, 5928021.414000000804663 ], [ 566604.74199999962002, 5928020.417000003159046 ], [ 566603.93099999986589, 5928021.062000002712011 ], [ 566604.725000000558794, 5928022.061000002548099 ], [ 566604.264000001363456, 5928022.427999997511506 ], [ 566603.46999999973923, 5928021.429000003263354 ], [ 566602.550999999977648, 5928022.160000000149012 ], [ 566603.698000000789762, 5928023.588000001385808 ], [ 566602.182000000029802, 5928024.740000000223517 ], [ 566600.719000002369285, 5928022.922000002115965 ], [ 566600.65500000026077, 5928022.841 ], [ 566600.626000000163913, 5928022.80599999986589 ], [ 566599.668000000528991, 5928021.615000002086163 ] ] ] } },
{ "type": "Feature", "properties": { "gebaeude_id": "20210923162921_17", "dachneig": 0.0, "dachfl_2d": 23.537, "dachfl_3d": 23.537, "area_m2": 23.5 }, "geometry": { "type": "Polygon", "coordinates": [ [ [ 566577.195000002160668, 5928004.881000002846122 ], [ 566575.018999999389052, 5928002.243999999016523 ], [ 566569.730000000447035, 5928006.511000001803041 ], [ 566571.905000001192093, 5928009.22999999858439 ], [ 566577.195000002160668, 5928004.881000002846122 ] ] ] } },
{ "type": "Feature", "properties": { "gebaeude_id": "DEHHALKAIi0000Kf", "dachneig": 0.0, "dachfl_2d": 79.688, "dachfl_3d": 79.688, "area_m2": 79.7 }, "geometry": { "type": "Polygon", "coordinates": [ [ [ 566596.343000000342727, 5928011.815999999642372 ], [ 566583.56800000090152, 5928022.272000001743436 ], [ 566585.59499999973923, 5928024.72100000269711 ], [ 566586.24000000115484, 5928024.185000000521541 ], [ 566587.260999999009073, 5928025.571000000461936 ], [ 566599.469000000506639, 5928015.636999998241663 ], [ 566596.343000000342727, 5928011.815999999642372 ] ] ] } },
{ "type": "Feature", "properties": { "gebaeude_id": "DEHHALKAIi0000Kf", "dachneig": 0.0, "dachfl_2d": 44.963, "dachfl_3d": 44.963, "area_m2": 44.1 }, "geometry": { "type": "Polygon", "coordinates": [ [ [ 566583.005000000819564, 5928021.67 ], [ 566601.524000001139939, 5928006.519000001251698 ], [ 566596.09759678656701, 5927999.900000000372529 ], [ 566594.22424669819884, 5927999.900000000372529 ], [ 566576.866000002250075, 5928014.118000000715256 ], [ 566583.005000000819564, 5928021.67 ] ], [ [ 566595.292000001296401, 5927999.958999998867512 ], [ 566600.541000001132488, 5928006.401999998837709 ], [ 566583.014999999664724, 5928020.679999999701977 ], [ 566577.766000000759959, 5928014.235999999567866 ], [ 566595.292000001296401, 5927999.958999998867512 ] ] ] } },
{ "type": "Feature", "properties": { "gebaeude_id": "DEHHALKAIi0000Kf", "dachneig": 0.0, "dachfl_2d": 32.919, "dachfl_3d": 32.919, "area_m2": 32.9 }, "geometry": { "type": "Polygon", "coordinates": [ [ [ 566596.899000000208616, 5928011.363999998196959 ], [ 566600.011000000871718, 5928015.196000000461936 ], [ 566603.404000000096858, 5928012.435000000521541 ], [ 566605.148000000976026, 5928010.940999999642372 ], [ 566602.050999999977648, 5928007.14300000295043 ], [ 566596.896999999880791, 5928011.362000001594424 ], [ 566596.899000000208616, 5928011.363999998196959 ] ] ] } },
{ "type": "Feature", "properties": { "gebaeude_id": "DEHHALKA10007QVf", "dachneig": 0.0, "dachfl_2d": 205.112, "dachfl_3d": 205.112, "area_m2": 205.1 }, "geometry": { "type": "Polygon", "coordinates": [ [ [ 566422.703999999910593, 5928016.430000001564622 ], [ 566423.165000000968575, 5928016.467999998480082 ], [ 566423.816000000573695, 5928015.947000000625849 ], [ 566424.87300000153482, 5928017.276999998837709 ], [ 566425.114000000990927, 5928017.088000001385808 ], [ 566425.582999999634922, 5928017.686000002548099 ], [ 566425.346000000834465, 5928017.872000003233552 ], [ 566425.724000001326203, 5928018.348000001162291 ], [ 566434.928000001236796, 5928011.044000001624227 ], [ 566427.334999999962747, 5928001.591 ], [ 566411.605999999679625, 5928014.019000003114343 ], [ 566417.328999999910593, 5928021.138000003993511 ], [ 566420.589000001549721, 5928018.52900000102818 ], [ 566420.429000000469387, 5928018.318000001832843 ], [ 566421.673000000417233, 5928017.353000000119209 ], [ 566422.703999999910593, 5928016.430000001564622 ] ], [ [ 566420.856000000610948, 5928015.83699999935925 ], [ 566420.456000000238419, 5928016.140999998897314 ], [ 566419.991000002250075, 5928015.530000003054738 ], [ 566420.390999999828637, 5928015.225999999791384 ], [ 566420.856000000610948, 5928015.83699999935925 ] ], [ [ 566426.338999999687076, 5928010.455 ], [ 566426.93099999986589, 5928009.980999998748302 ], [ 566427.630000000819564, 5928010.85500000230968 ], [ 566427.03800000064075, 5928011.329 ], [ 566426.338999999687076, 5928010.455 ] ], [ [ 566425.427000000141561, 5928013.956000002101064 ], [ 566423.971000000834465, 5928015.110000003129244 ], [ 566422.82799999974668, 5928013.668000001460314 ], [ 566424.283999999985099, 5928012.514000000432134 ], [ 566425.427000000141561, 5928013.956000002101064 ] ], [ [ 566422.464000000618398, 5928013.254000002518296 ], [ 566421.886000000871718, 5928013.727000001817942 ], [ 566421.146000001579523, 5928012.824000000953674 ], [ 566421.724000000394881, 5928012.350999999791384 ], [ 566420.823000000789762, 5928011.25 ], [ 566422.790000001899898, 5928009.684999998658895 ], [ 566424.044999998994172, 5928011.314000003039837 ], [ 566424.378000001423061, 5928011.747999997809529 ], [ 566423.951000000350177, 5928012.083000002428889 ], [ 566422.464000000618398, 5928013.254000002518296 ] ] ] } },
{ "type": "Feature", "properties": { "gebaeude_id": "DEHHALKA10007QVf", "dachneig": 0.0, "dachfl_2d": 26.456, "dachfl_3d": 26.456, "area_m2": 26.5 }, "geometry": { "type": "Polygon", "coordinates": [ [ [ 566437.013000000268221, 5928013.399000002071261 ], [ 566435.535000000149012, 5928011.485000001266599 ], [ 566426.178999999538064, 5928018.92200000025332 ], [ 566426.974999999627471, 5928019.923000004142523 ], [ 566428.718000001274049, 5928018.539000002667308 ], [ 566429.445000002160668, 5928019.449999999254942 ], [ 566437.013000000268221, 5928013.399000002071261 ] ] ] } },
{ "type": "Feature", "properties": { "gebaeude_id": "DEHHALKA10007QVf", "dachneig": 0.0, "dachfl_2d": 42.363, "dachfl_3d": 42.363, "area_m2": 41.9 }, "geometry": { "type": "Polygon", "coordinates": [ [ [ 566426.200398022425361, 5927999.900000000372529 ], [ 566424.853943716967478, 5927999.900000000372529 ], [ 566409.746000002138317, 5928011.993000000715256 ], [ 566411.03000000026077, 5928013.579 ], [ 566411.033000000752509, 5928013.583000000566244 ], [ 566427.012000001035631, 5928000.872000001370907 ], [ 566426.200398022425361, 5927999.900000000372529 ] ] ] } },
{ "type": "Feature", "properties": { "gebaeude_id": "DEHHALKA10007QVY", "dachneig": 0.0, "dachfl_2d": 19.655, "dachfl_3d": 19.655, "area_m2": 19.7 }, "geometry": { "type": "Polygon", "coordinates": [ [ [ 566421.011000000871718, 5928019.090000001713634 ], [ 566420.849000000394881, 5928019.195000000298023 ], [ 566420.825000001117587, 5928019.243000004440546 ], [ 566420.756000000052154, 5928019.383000003173947 ], [ 566419.79700000025332, 5928020.134000001475215 ], [ 566419.909000001847744, 5928020.328000001609325 ], [ 566419.382000000216067, 5928020.657999999821186 ], [ 566419.103000000119209, 5928019.843000002205372 ], [ 566419.371999999508262, 5928019.621000001206994 ], [ 566420.627000001259148, 5928018.58 ], [ 566420.589000001549721, 5928018.52900000102818 ], [ 566417.328999999910593, 5928021.138000003993511 ], [ 566419.230000001378357, 5928023.503000000491738 ], [ 566425.724000001326203, 5928018.348000001162291 ], [ 566425.346000000834465, 5928017.872000003233552 ], [ 566425.189000001177192, 5928017.995000001043081 ], [ 566424.720000000670552, 5928017.396999999880791 ], [ 566424.87300000153482, 5928017.276999998837709 ], [ 566423.816000000573695, 5928015.947000000625849 ], [ 566423.165000000968575, 5928016.467999998480082 ], [ 566423.280000001192093, 5928016.477 ], [ 566423.94400000013411, 5928017.328000001609325 ], [ 566422.953000000678003, 5928018.063999999314547 ], [ 566422.957000000402331, 5928018.290000000968575 ], [ 566422.635000001639128, 5928018.512000001966953 ], [ 566422.582000001333654, 5928018.447999998927116 ], [ 566421.305000001564622, 5928019.48000000230968 ], [ 566421.011000000871718, 5928019.090000001713634 ] ] ] } },
{ "type": "Feature", "properties": { "gebaeude_id": "DEHHALKA10007uUc", "dachneig": 0.0, "dachfl_2d": 32.187, "dachfl_3d": 32.187, "area_m2": 32.2 }, "geometry": { "type": "Polygon", "coordinates": [ [ [ 566402.904000000096858, 5928038.080000003799796 ], [ 566405.372000000439584, 5928043.821000000461936 ], [ 566410.079000001773238, 5928041.760000001639128 ], [ 566407.626000001095235, 5928036.005000000819564 ], [ 566402.904000000096858, 5928038.080000003799796 ] ] ] } },
{ "type": "Feature", "properties": { "gebaeude_id": "DEHHALKA10007uUX", "dachneig": 0.0, "dachfl_2d": 33.189, "dachfl_3d": 33.189, "area_m2": 33.2 }, "geometry": { "type": "Polygon", "coordinates": [ [ [ 566397.51900000218302, 5928040.150000000372529 ], [ 566400.081000001169741, 5928046.185000000521541 ], [ 566404.757000002078712, 5928044.093000002205372 ], [ 566402.087000001221895, 5928038.107000004500151 ], [ 566397.51900000218302, 5928040.150000000372529 ] ] ] } },
{ "type": "Feature", "properties": { "gebaeude_id": "DEHHALKA10007uUQ", "dachneig": 0.0, "dachfl_2d": 33.348, "dachfl_3d": 33.348, "area_m2": 33.3 }, "geometry": { "type": "Polygon", "coordinates": [ [ [ 566399.455000000074506, 5928046.46200000308454 ], [ 566396.733, 5928040.423000000417233 ], [ 566392.172000001184642, 5928042.447000000625849 ], [ 566394.776000000536442, 5928048.502000002190471 ], [ 566399.455000000074506, 5928046.46200000308454 ] ] ] } },
{ "type": "Feature", "properties": { "gebaeude_id": "DEHHALKA10007uUK", "dachneig": 0.0, "dachfl_2d": 33.533, "dachfl_3d": 33.533, "area_m2": 33.5 }, "geometry": { "type": "Polygon", "coordinates": [ [ [ 566391.531999999657273, 5928042.855999998748302 ], [ 566386.754000000655651, 5928044.910000002011657 ], [ 566389.390999999828637, 5928050.832000002264977 ], [ 566394.122000000439584, 5928048.78600000217557 ], [ 566391.531999999657273, 5928042.855999998748302 ] ] ] } },
{ "type": "Feature", "properties": { "gebaeude_id": "20210923162921_7", "dachneig": 0.0, "dachfl_2d": 31.288, "dachfl_3d": 31.288, "area_m2": 31.3 }, "geometry": { "type": "Polygon", "coordinates": [ [ [ 566479.480000000447035, 5928021.796999998390675 ], [ 566475.315000000409782, 5928024.776000000536442 ], [ 566478.838999999687076, 5928029.708000000566244 ], [ 566483.066000000573695, 5928026.737999999895692 ], [ 566479.480000000447035, 5928021.796999998390675 ] ] ] } },
{ "type": "Feature", "properties": { "gebaeude_id": "DEHHALKAJ0000vaA", "dachneig": 15.785, "dachfl_2d": 26.111, "dachfl_3d": 27.126, "area_m2": 26.1 }, "geometry": { "type": "Polygon", "coordinates": [ [ [ 566498.087000002153218, 5928064.816000001505017 ], [ 566500.616000001318753, 5928058.504000004380941 ], [ 566498.128999999724329, 5928054.746000001206994 ], [ 566495.420000001788139, 5928060.937000000849366 ], [ 566498.087000002153218, 5928064.816000001505017 ] ] ] } },
{ "type": "Feature", "properties": { "gebaeude_id": "DEHHALKAJ0000vaA", "dachneig": 22.942, "dachfl_2d": 21.404, "dachfl_3d": 23.242, "area_m2": 21.4 }, "geometry": { "type": "Polygon", "coordinates": [ [ [ 566507.432000000961125, 5928058.419000001624227 ], [ 566500.616000001318753, 5928058.504000004380941 ], [ 566498.087000002153218, 5928064.816000001505017 ], [ 566507.432000000961125, 5928058.419000001624227 ] ] ] } },
{ "type": "Feature", "properties": { "gebaeude_id": "DEHHALKAJ0000vaA", "dachneig": 15.316, "dachfl_2d": 26.492, "dachfl_3d": 27.464, "area_m2": 26.5 }, "geometry": { "type": "Polygon", "coordinates": [ [ [ 566494.517, 5928061.552000002935529 ], [ 566497.503000001423061, 5928054.753000000491738 ], [ 566497.310000000521541, 5928054.516000000759959 ], [ 566489.953000000678003, 5928054.801999999210238 ], [ 566494.517, 5928061.552000002935529 ] ] ] } },
{ "type": "Feature", "properties": { "gebaeude_id": "DEHHALKAJ0000vaA", "dachneig": 23.948, "dachfl_2d": 23.849, "dachfl_3d": 26.125, "area_m2": 23.8 }, "geometry": { "type": "Polygon", "coordinates": [ [ [ 566489.953000000678003, 5928054.801999999210238 ], [ 566497.310000000521541, 5928054.516000000759959 ], [ 566500.227999999187887, 5928047.919000001624227 ], [ 566497.465000000782311, 5928049.77000000141561 ], [ 566489.953000000678003, 5928054.801999999210238 ] ] ] } },
{ "type": "Feature", "properties": { "gebaeude_id": "DEHHALKAJ0000vaA", "dachneig": 15.858, "dachfl_2d": 51.637, "dachfl_3d": 53.635, "area_m2": 51.6 }, "geometry": { "type": "Polygon", "coordinates": [ [ [ 566501.632000000216067, 5928049.965000001713634 ], [ 566500.227999999187887, 5928047.919000001624227 ], [ 566497.310000000521541, 5928054.516000000759959 ], [ 566497.503000001423061, 5928054.753000000491738 ], [ 566498.128999999724329, 5928054.746000001206994 ], [ 566500.616000001318753, 5928058.504000004380941 ], [ 566507.432000000961125, 5928058.419000001624227 ], [ 566501.632000000216067, 5928049.965000001713634 ] ] ] } },
{ "type": "Feature", "properties": { "gebaeude_id": "DEHHALKAJ0000vaA", "dachneig": 0.0, "dachfl_2d": 14.92, "dachfl_3d": 14.92, "area_m2": 14.9 }, "geometry": { "type": "Polygon", "coordinates": [ [ [ 566496.316999998874962, 5928048.453000001609325 ], [ 566497.465000000782311, 5928049.77000000141561 ], [ 566500.227999999187887, 5928047.919000001624227 ], [ 566501.632000000216067, 5928049.965000001713634 ], [ 566503.234000001102686, 5928048.693000001832843 ], [ 566500.222000000067055, 5928045.170000001788139 ], [ 566496.316999998874962, 5928048.453000001609325 ] ] ] } },
{ "type": "Feature", "properties": { "gebaeude_id": "DEHHALKAJ0000qID", "dachneig": 3.477, "dachfl_2d": 52.799, "dachfl_3d": 52.879, "area_m2": 52.8 }, "geometry": { "type": "Polygon", "coordinates": [ [ [ 566492.519000001251698, 5928050.798000000417233 ], [ 566500.521000000648201, 5928044.43300000205636 ], [ 566496.964000001549721, 5928039.943000001832843 ], [ 566494.263000000268221, 5928041.933000003919005 ], [ 566494.953999999910593, 5928042.829000001773238 ], [ 566489.399000001139939, 5928046.946000000461936 ], [ 566492.519000001251698, 5928050.798000000417233 ] ] ] } },
{ "type": "Feature", "properties": { "gebaeude_id": "DEHHALKA7O00009Q", "dachneig": 0.0, "dachfl_2d": 38.337, "dachfl_3d": 38.337, "area_m2": 38.3 }, "geometry": { "type": "Polygon", "coordinates": [ [ [ 566482.36600000038743, 5928068.877999996766448 ], [ 566465.488000000827014, 5928082.269000004976988 ], [ 566474.854000000283122, 5928093.94200000166893 ], [ 566475.197999999858439, 5928094.372000003233552 ], [ 566492.001000000163913, 5928081.026999998837709 ], [ 566482.36600000038743, 5928068.877999996766448 ] ], [ [ 566466.13300000037998, 5928082.324999997392297 ], [ 566481.928000000305474, 5928069.9510000012815 ], [ 566482.264000000432134, 5928069.686999997124076 ], [ 566491.215000000782311, 5928080.945000002160668 ], [ 566475.592000001110137, 5928093.353000001981854 ], [ 566475.269999999552965, 5928093.607999999076128 ], [ 566466.13300000037998, 5928082.324999997392297 ] ] ] } },
{ "type": "Feature", "properties": { "gebaeude_id": "DEHHALKA80000XPo", "dachneig": 0.0, "dachfl_2d": 235.37, "dachfl_3d": 235.37, "area_m2": 235.4 }, "geometry": { "type": "Polygon", "coordinates": [ [ [ 566464.770999999716878, 5928054.954000001773238 ], [ 566466.821000001393259, 5928053.36600000038743 ], [ 566462.351000000722706, 5928047.835999997332692 ], [ 566453.433000000193715, 5928054.901999998837709 ], [ 566455.160000001080334, 5928057.000000001862645 ], [ 566452.009999999776483, 5928059.493999999016523 ], [ 566450.309000000357628, 5928057.405000001192093 ], [ 566447.962000002153218, 5928059.314000001177192 ], [ 566452.268000002019107, 5928064.852000001817942 ], [ 566454.472000000998378, 5928063.184000000357628 ], [ 566456.882000000216067, 5928066.210999999195337 ], [ 566454.802000001072884, 5928067.868000004440546 ], [ 566457.000000000931323, 5928070.663000002503395 ], [ 566471.398000000044703, 5928059.190000005066395 ], [ 566469.222000000998378, 5928056.417000001296401 ], [ 566467.256000000983477, 5928057.945000002160668 ], [ 566464.770999999716878, 5928054.954000001773238 ] ], [ [ 566460.974000000394881, 5928060.541999999433756 ], [ 566460.173000001348555, 5928061.219000000506639 ], [ 566459.189999999478459, 5928060.042999999597669 ], [ 566460.024000000208616, 5928059.377000002190471 ], [ 566460.974000000394881, 5928060.541999999433756 ] ] ] } },
{ "type": "Feature", "properties": { "gebaeude_id": "DEHHALKA10007n6o", "dachneig": 0.0, "dachfl_2d": 43.8, "dachfl_3d": 43.8, "area_m2": 43.8 }, "geometry": { "type": "Polygon", "coordinates": [ [ [ 566452.689999999478459, 5928032.463000003248453 ], [ 566448.429000000469387, 5928027.184000000357628 ], [ 566443.404000001959503, 5928031.20100000500679 ], [ 566447.631000000052154, 5928036.509000001475215 ], [ 566452.689999999478459, 5928032.463000003248453 ] ] ] } },
{ "type": "Feature", "properties": { "gebaeude_id": "DEHHALKA10007n6o", "dachneig": 0.0, "dachfl_2d": 31.207, "dachfl_3d": 31.207, "area_m2": 31.2 }, "geometry": { "type": "Polygon", "coordinates": [ [ [ 566437.655000001192093, 5928035.879000002518296 ], [ 566438.68400000128895, 5928037.183000003919005 ], [ 566442.276000000536442, 5928034.316999999806285 ], [ 566444.387000001966953, 5928036.933000000193715 ], [ 566440.763000001199543, 5928039.816999999806285 ], [ 566441.791000002063811, 5928041.120999999344349 ], [ 566441.898000000044703, 5928041.037000000476837 ], [ 566447.294999999925494, 5928036.783000001683831 ], [ 566443.083000001497567, 5928031.552999999374151 ], [ 566437.655000001192093, 5928035.879000002518296 ] ] ] } },
{ "type": "Feature", "properties": { "gebaeude_id": "DEHHALKA10007n6o", "dachneig": 0.0, "dachfl_2d": 28.922, "dachfl_3d": 28.922, "area_m2": 28.9 }, "geometry": { "type": "Polygon", "coordinates": [ [ [ 566429.116000002250075, 5928035.870000002905726 ], [ 566433.138000000268221, 5928040.88599999807775 ], [ 566437.993999999947846, 5928037.060000000521541 ], [ 566437.287000000476837, 5928036.171000003814697 ], [ 566437.004000000655651, 5928035.816000001505017 ], [ 566437.411000000312924, 5928035.490999998524785 ], [ 566434.375, 5928031.694000001996756 ], [ 566433.059999999590218, 5928032.737999999895692 ], [ 566435.893000000156462, 5928036.28800000064075 ], [ 566433.594000001437962, 5928038.144000001251698 ], [ 566430.737999999895692, 5928034.582000000402331 ], [ 566429.116000002250075, 5928035.870000002905726 ] ] ] } },
{ "type": "Feature", "properties": { "gebaeude_id": "DEHHALKA10007n6o", "dachneig": 0.0, "dachfl_2d": 28.737, "dachfl_3d": 28.737, "area_m2": 28.7 }, "geometry": { "type": "Polygon", "coordinates": [ [ [ 566443.860999999567866, 5928046.245000002905726 ], [ 566445.166000000201166, 5928045.208000004291534 ], [ 566442.197999999858439, 5928041.419000001624227 ], [ 566442.196000000461936, 5928041.416000002995133 ], [ 566441.742000001482666, 5928041.775000000372529 ], [ 566440.73200000077486, 5928040.504000000655651 ], [ 566435.929000001400709, 5928044.36600000038743 ], [ 566439.935000001452863, 5928049.362999999895692 ], [ 566441.53700000140816, 5928048.091000001877546 ], [ 566438.748999999836087, 5928044.564000001177192 ], [ 566441.128000001423061, 5928042.688000002875924 ], [ 566443.860999999567866, 5928046.245000002905726 ] ] ] } },
{ "type": "Feature", "properties": { "gebaeude_id": "DEHHALKA10007qpm", "dachneig": 0.0, "dachfl_2d": 174.913, "dachfl_3d": 174.913, "area_m2": 174.9 }, "geometry": { "type": "Polygon", "coordinates": [ [ [ 566404.703000000678003, 5928080.497000003233552 ], [ 566417.819000001996756, 5928074.765999998897314 ], [ 566412.083999999798834, 5928061.605999998748302 ], [ 566398.968000001274049, 5928067.320000000298023 ], [ 566404.703000000678003, 5928080.497000003233552 ] ], [ [ 566404.911000001244247, 5928069.660000002011657 ], [ 566409.734000001102686, 5928067.535000002011657 ], [ 566412.087999999523163, 5928072.845000000670552 ], [ 566407.233000000938773, 5928074.958999998867512 ], [ 566404.911000001244247, 5928069.660000002011657 ] ] ] } },
{ "type": "Feature", "properties": { "gebaeude_id": "DEHHALKA7i000054", "dachneig": 0.0, "dachfl_2d": 434.253, "dachfl_3d": 434.253, "area_m2": 434.3 }, "geometry": { "type": "Polygon", "coordinates": [ [ [ 566411.004999998956919, 5928104.536000000312924 ], [ 566412.104000000283122, 5928106.897000001743436 ], [ 566412.696000000461936, 5928106.62300000153482 ], [ 566412.701000000350177, 5928106.636000001803041 ], [ 566419.118999999947846, 5928121.311000000685453 ], [ 566441.25899999961257, 5928111.679999999701977 ], [ 566435.730999999679625, 5928098.94000000320375 ], [ 566435.729000000283122, 5928098.934000000357628 ], [ 566436.25899999961257, 5928098.710999999195337 ], [ 566436.253999998793006, 5928098.697999998927116 ], [ 566435.121000002138317, 5928096.178999999538064 ], [ 566417.518000001087785, 5928101.752000000327826 ], [ 566411.004999998956919, 5928104.536000000312924 ] ], [ [ 566427.729000000283122, 5928113.705 ], [ 566428.644000000320375, 5928113.299000000581145 ], [ 566429.302000000141561, 5928114.781000003218651 ], [ 566428.387000000104308, 5928115.187000002712011 ], [ 566427.729000000283122, 5928113.705 ] ] ] } },
{ "type": "Feature", "properties": { "gebaeude_id": "20210923162921_6", "dachneig": 0.0, "dachfl_2d": 18.331, "dachfl_3d": 18.331, "area_m2": 18.3 }, "geometry": { "type": "Polygon", "coordinates": [ [ [ 566357.033000000752509, 5928052.506999999284744 ], [ 566358.509999999776483, 5928056.054000001400709 ], [ 566362.897000001743436, 5928054.195000002160668 ], [ 566361.435000002384186, 5928050.643999999389052 ], [ 566357.033000000752509, 5928052.506999999284744 ] ] ] } },
{ "type": "Feature", "properties": { "gebaeude_id": "DEHHALKA10005hqW", "dachneig": 0.0, "dachfl_2d": 21.111, "dachfl_3d": 21.111, "area_m2": 21.1 }, "geometry": { "type": "Polygon", "coordinates": [ [ [ 566362.565000000409782, 5928112.69400000013411 ], [ 566370.444999999366701, 5928109.405000004917383 ], [ 566369.933000000193715, 5928108.19200000166893 ], [ 566354.993000000715256, 5928114.441000003367662 ], [ 566355.0760000012815, 5928114.623999999836087 ], [ 566355.519000000320375, 5928115.590000003576279 ], [ 566355.526999999769032, 5928115.607000002637506 ], [ 566362.565000000409782, 5928112.69400000013411 ] ] ] } },
{ "type": "Feature", "properties": { "gebaeude_id": "DEHHALKA10005hqW", "dachneig": 0.0, "dachfl_2d": 175.075, "dachfl_3d": 175.075, "area_m2": 175.1 }, "geometry": { "type": "Polygon", "coordinates": [ [ [ 566365.358000000938773, 5928112.648 ], [ 566365.320000000298023, 5928112.554000003263354 ], [ 566365.307000000961125, 5928112.518000001087785 ], [ 566363.520999999716878, 5928113.31500000320375 ], [ 566365.525000000372529, 5928118.123999999836087 ], [ 566366.206000000238419, 5928117.839999999850988 ], [ 566366.641000000759959, 5928118.885000001639128 ], [ 566365.961000001057982, 5928119.169000001624227 ], [ 566366.642000000923872, 5928120.804999999701977 ], [ 566366.648000000976026, 5928120.81700000166893 ], [ 566367.269999999552965, 5928120.543000001460314 ], [ 566367.45299999974668, 5928120.907999999821186 ], [ 566368.431000000797212, 5928120.539000002667308 ], [ 566368.677000001072884, 5928121.098000001162291 ], [ 566368.825000001117587, 5928121.041000001132488 ], [ 566368.582000001333654, 5928120.45299999974668 ], [ 566368.594000000506639, 5928120.449000000953674 ], [ 566369.390999999828637, 5928120.139000000432134 ], [ 566369.744000001810491, 5928120.995000002905726 ], [ 566369.521999999880791, 5928121.525000004097819 ], [ 566370.316000001505017, 5928121.197999998927116 ], [ 566372.134999999776483, 5928125.634999999776483 ], [ 566372.355000000447035, 5928126.169000003486872 ], [ 566371.816000000573695, 5928126.390000002458692 ], [ 566371.60500000230968, 5928126.475999999791384 ], [ 566371.968000000342727, 5928126.566000001505017 ], [ 566371.997000000439584, 5928126.591 ], [ 566372.291000001132488, 5928126.839000001549721 ], [ 566372.898000000044703, 5928128.261 ], [ 566373.219000000506639, 5928129.044000001624227 ], [ 566373.824000000953674, 5928130.455000001937151 ], [ 566373.742000000551343, 5928131.311000000685453 ], [ 566374.792000001296401, 5928133.831999998539686 ], [ 566376.797000002115965, 5928133.02900000102818 ], [ 566376.440000000409782, 5928132.195000002160668 ], [ 566377.625000000931323, 5928131.668000001460314 ], [ 566377.987000000663102, 5928132.541000002995133 ], [ 566379.342000002041459, 5928131.957000002264977 ], [ 566379.838000000454485, 5928133.115000002086163 ], [ 566378.566000001505017, 5928133.606999998912215 ], [ 566377.691000001505017, 5928133.707000002264977 ], [ 566376.779000001959503, 5928133.99100000411272 ], [ 566374.626000000163913, 5928134.914000002667308 ], [ 566374.535000000149012, 5928134.938000001013279 ], [ 566374.33600000012666, 5928134.925000000745058 ], [ 566373.968000001274049, 5928134.747000003233552 ], [ 566373.735000000335276, 5928134.28800000064075 ], [ 566372.545000000856817, 5928131.80799999833107 ], [ 566372.667000001296401, 5928131.766000000759959 ], [ 566371.949000000953674, 5928131.258000001311302 ], [ 566371.986999999731779, 5928131.241000002250075 ], [ 566371.366000001318753, 5928129.848000001162291 ], [ 566370.785000002011657, 5928128.474000001326203 ], [ 566370.582000002264977, 5928128.55599999986589 ], [ 566369.98200000077486, 5928128.800000000745058 ], [ 566372.54700000025332, 5928134.898 ], [ 566369.595000000670552, 5928136.099999999627471 ], [ 566370.257000002078712, 5928137.702000003308058 ], [ 566382.838000000454485, 5928132.499000001698732 ], [ 566381.53600000217557, 5928129.283000001683831 ], [ 566378.24800000153482, 5928130.650000004097819 ], [ 566376.240000002086163, 5928125.783000001683831 ], [ 566379.463000001385808, 5928124.443 ], [ 566376.610000000335276, 5928117.379999998956919 ], [ 566373.303999999538064, 5928118.766000000759959 ], [ 566371.280000002123415, 5928113.940000001341105 ], [ 566374.549000000581145, 5928112.56900000013411 ], [ 566373.196000000461936, 5928109.289000002667308 ], [ 566368.696999999694526, 5928111.135000001639128 ], [ 566368.725000000558794, 5928111.21200000308454 ], [ 566369.115000000223517, 5928112.201999999582767 ], [ 566367.885000000707805, 5928112.688000004738569 ], [ 566368.109000001102686, 5928113.258000003173947 ], [ 566367.104000001214445, 5928113.654000002890825 ], [ 566366.878999999724329, 5928113.084000002592802 ], [ 566365.71100000012666, 5928113.545 ], [ 566365.628000001423061, 5928113.580000003799796 ], [ 566366.052000001072884, 5928114.515999998897314 ], [ 566366.28899999987334, 5928115.254000002518296 ], [ 566367.150000001303852, 5928117.546000001952052 ], [ 566367.183000001125038, 5928117.609000002965331 ], [ 566367.598000000230968, 5928117.406000003218651 ], [ 566367.753999999724329, 5928117.348999999463558 ], [ 566367.870000001043081, 5928117.331000002101064 ], [ 566367.983000000938773, 5928117.343000002205372 ], [ 566368.089000001549721, 5928117.392000000923872 ], [ 566368.27000000141561, 5928117.566999999806285 ], [ 566368.394000001251698, 5928117.878000002354383 ], [ 566368.359000002034009, 5928117.89299999922514 ], [ 566368.593000001274049, 5928118.47100000269711 ], [ 566368.78700000140816, 5928118.962999999523163 ], [ 566368.044000000692904, 5928119.242000000551343 ], [ 566367.848000001162291, 5928118.727000001817942 ], [ 566367.644999998621643, 5928118.190000005066395 ], [ 566367.189000000245869, 5928118.380000000819564 ], [ 566367.065000000409782, 5928118.396999999880791 ], [ 566366.962000001221895, 5928118.388000003993511 ], [ 566366.898000000976026, 5928118.357000002637506 ], [ 566366.581000000238419, 5928118.201999999582767 ], [ 566366.393000000156462, 5928117.865000002086163 ], [ 566366.363000000827014, 5928117.877000000327826 ], [ 566365.421000000089407, 5928115.609000004827976 ], [ 566365.192999999970198, 5928114.843000002205372 ], [ 566364.622999999672174, 5928113.460000002756715 ], [ 566364.602000000886619, 5928113.35700000077486 ], [ 566364.625000001862645, 5928113.146999998018146 ], [ 566364.790000000968575, 5928112.890000002458692 ], [ 566365.358000000938773, 5928112.648 ] ], [ [ 566371.522999999113381, 5928119.802999999374151 ], [ 566371.848000000230968, 5928119.665999999269843 ], [ 566372.169000000692904, 5928120.427000001072884 ], [ 566371.844000000506639, 5928120.565000001341105 ], [ 566371.522999999113381, 5928119.802999999374151 ] ], [ [ 566372.222000000067055, 5928120.490000002086163 ], [ 566372.549000000581145, 5928121.264000002294779 ], [ 566372.213000000454485, 5928121.405999999493361 ], [ 566371.885999999940395, 5928120.631999999284744 ], [ 566372.222000000067055, 5928120.490000002086163 ] ] ] } },
{ "type": "Feature", "properties": { "gebaeude_id": "DEHHALKA10005hqW", "dachneig": 0.0, "dachfl_2d": 206.729, "dachfl_3d": 206.729, "area_m2": 206.7 }, "geometry": { "type": "Polygon", "coordinates": [ [ [ 566369.81700000166893, 5928138.241999998688698 ], [ 566369.010000000707805, 5928136.349999997764826 ], [ 566368.776999999769032, 5928135.802000002935529 ], [ 566371.74199999962002, 5928134.584000000730157 ], [ 566368.859000000171363, 5928127.599000001326203 ], [ 566365.875000000931323, 5928128.819000001996756 ], [ 566363.814000001177192, 5928123.879000002518296 ], [ 566366.761000000871718, 5928122.66300000064075 ], [ 566362.814000000245869, 5928113.290000000968575 ], [ 566362.80900000128895, 5928113.292000003159046 ], [ 566353.003999999724329, 5928117.324000000953674 ], [ 566354.506000001914799, 5928120.90400000102818 ], [ 566358.089000000618398, 5928119.447000002488494 ], [ 566360.071000001393259, 5928124.330000001937151 ], [ 566356.792999999597669, 5928125.66300000064075 ], [ 566359.651000000536442, 5928132.651000002399087 ], [ 566363.040000000968575, 5928131.275000000372529 ], [ 566364.984000000171363, 5928136.060000000521541 ], [ 566361.348999999463558, 5928137.536000000312924 ], [ 566361.166000000201166, 5928137.174000000581145 ], [ 566362.872999999672174, 5928141.171000003814697 ], [ 566369.81700000166893, 5928138.241999998688698 ] ] ] } },
{ "type": "Feature", "properties": { "gebaeude_id": "DEHHALKA10005hqW", "dachneig": 0.0, "dachfl_2d": 21.779, "dachfl_3d": 21.779, "area_m2": 21.8 }, "geometry": { "type": "Polygon", "coordinates": [ [ [ 566366.213999999687076, 5928128.015000002458692 ], [ 566371.598000002093613, 5928125.85500000230968 ], [ 566371.186999998986721, 5928124.86400000192225 ], [ 566370.130000000819564, 5928125.301000000908971 ], [ 566369.341000000014901, 5928123.392000000923872 ], [ 566370.398000000976026, 5928122.954 ], [ 566369.980999999679625, 5928121.948000002652407 ], [ 566369.744000001810491, 5928122.049000000581145 ], [ 566364.665000000037253, 5928124.202000003308058 ], [ 566366.213999999687076, 5928128.015000002458692 ] ] ] } },
{ "type": "Feature", "properties": { "gebaeude_id": "DEHHALKA7m0000Kl", "dachneig": 0.0, "dachfl_2d": 16.501, "dachfl_3d": 16.501, "area_m2": 16.5 }, "geometry": { "type": "Polygon", "coordinates": [ [ [ 566333.18300000205636, 5928067.118000000715256 ], [ 566333.627000001259148, 5928068.202999997884035 ], [ 566337.50800000037998, 5928066.568000003695488 ], [ 566337.626000002026558, 5928066.836000001057982 ], [ 566337.433000001125038, 5928066.916000001132488 ], [ 566337.916000000201166, 5928068.120000004768372 ], [ 566338.139000002294779, 5928068.024000000208616 ], [ 566338.527000000700355, 5928068.993999999016523 ], [ 566341.349000001326203, 5928067.822999998927116 ], [ 566339.949000000022352, 5928064.392000000923872 ], [ 566333.18300000205636, 5928067.118000000715256 ] ] ] } },
{ "type": "Feature", "properties": { "gebaeude_id": "DEHHALKA7m0000Kl", "dachneig": 0.0, "dachfl_2d": 16.092, "dachfl_3d": 16.092, "area_m2": 16.1 }, "geometry": { "type": "Polygon", "coordinates": [ [ [ 566349.229000001214445, 5928073.898000001907349 ], [ 566347.791000001132488, 5928070.428000001236796 ], [ 566345.066000000573695, 5928071.555000001564622 ], [ 566345.436000001616776, 5928072.445000004023314 ], [ 566346.043999999761581, 5928073.941000001505017 ], [ 566345.995000001043081, 5928073.964000001549721 ], [ 566342.114000000059605, 5928075.563000001013279 ], [ 566342.56900000013411, 5928076.650000002235174 ], [ 566349.229000001214445, 5928073.898000001907349 ] ] ] } },
{ "type": "Feature", "properties": { "gebaeude_id": "DEHHALKA7m0000Kl", "dachneig": 0.0, "dachfl_2d": 16.729, "dachfl_3d": 16.729, "area_m2": 16.7 }, "geometry": { "type": "Polygon", "coordinates": [ [ [ 566347.652000001631677, 5928065.00899999961257 ], [ 566348.161000000312924, 5928066.156999997794628 ], [ 566348.688000001013279, 5928067.415000000968575 ], [ 566350.048000000417233, 5928066.85700000077486 ], [ 566347.612999999895692, 5928061.043000001460314 ], [ 566344.399000000208616, 5928062.367000000551343 ], [ 566345.810000002384186, 5928065.792000001296401 ], [ 566347.652000001631677, 5928065.00899999961257 ] ] ] } },
{ "type": "Feature", "properties": { "gebaeude_id": "DEHHALKA7m0000Kl", "dachneig": 0.0, "dachfl_2d": 183.998, "dachfl_3d": 183.998, "area_m2": 184.0 }, "geometry": { "type": "Polygon", "coordinates": [ [ [ 566350.132000000216067, 5928058.986999999731779 ], [ 566331.775999999605119, 5928066.651000002399087 ], [ 566337.258999998681247, 5928079.905000004917383 ], [ 566355.699000001884997, 5928072.223999999463558 ], [ 566350.132000000216067, 5928058.986999999731779 ] ], [ [ 566349.247000001370907, 5928069.75 ], [ 566349.070000001229346, 5928069.318 ], [ 566350.159000000916421, 5928068.870000002905726 ], [ 566350.336000001057982, 5928069.302999999374151 ], [ 566349.247000001370907, 5928069.75 ] ], [ [ 566338.469000000506639, 5928074.211000001057982 ], [ 566338.277000000700355, 5928073.748000003397465 ], [ 566339.742999999783933, 5928073.142000002786517 ], [ 566339.934000000357628, 5928073.605000000447035 ], [ 566338.469000000506639, 5928074.211000001057982 ] ], [ [ 566341.530000001192093, 5928064.058000003919005 ], [ 566341.958000000566244, 5928063.872999999672174 ], [ 566342.618000000715256, 5928065.488000001758337 ], [ 566342.196000000461936, 5928065.669000001624227 ], [ 566341.530000001192093, 5928064.058000003919005 ] ], [ [ 566349.571000000461936, 5928074.075000002980232 ], [ 566342.405000001192093, 5928076.991999998688698 ], [ 566340.80599999986589, 5928073.020999999716878 ], [ 566347.974000000394881, 5928070.074000000953674 ], [ 566349.571000000461936, 5928074.075000002980232 ] ], [ [ 566341.70299999974668, 5928067.948000000789762 ], [ 566334.510000000707805, 5928070.937000002712011 ], [ 566332.860000001266599, 5928067.046 ], [ 566340.071000000461936, 5928063.973999999463558 ], [ 566341.70299999974668, 5928067.948000000789762 ] ], [ [ 566350.356999999843538, 5928066.968000000342727 ], [ 566344.667999999597669, 5928069.355999998748302 ], [ 566343.537000000476837, 5928066.759999999776483 ], [ 566345.548000000417233, 5928065.90400000102818 ], [ 566344.083999998867512, 5928062.225999999791384 ], [ 566347.767000000923872, 5928060.720000000670552 ], [ 566350.356999999843538, 5928066.968000000342727 ] ] ] } },
{ "type": "Feature", "properties": { "gebaeude_id": "DEHHALKA7m0000Kl", "dachneig": 0.0, "dachfl_2d": 11.694, "dachfl_3d": 11.694, "area_m2": 11.7 }, "geometry": { "type": "Polygon", "coordinates": [ [ [ 566357.298000001348555, 5928074.509999999776483 ], [ 566354.814000000245869, 5928075.565999999642372 ], [ 566356.487000000663102, 5928079.657999999821186 ], [ 566358.996000000275671, 5928078.593000000342727 ], [ 566357.298000001348555, 5928074.509999999776483 ] ], [ [ 566356.677000001072884, 5928076.405000003054738 ], [ 566356.895000000484288, 5928076.929000001400709 ], [ 566356.410000001080334, 5928077.131000000983477 ], [ 566356.191999999806285, 5928076.607999999076128 ], [ 566356.677000001072884, 5928076.405000003054738 ] ] ] } },
{ "type": "Feature", "properties": { "gebaeude_id": "DEHHALKA7m0000Kl", "dachneig": 0.0, "dachfl_2d": 10.758, "dachfl_3d": 10.758, "area_m2": 10.8 }, "geometry": { "type": "Polygon", "coordinates": [ [ [ 566346.313000001013279, 5928102.797000002115965 ], [ 566346.514000001363456, 5928103.280000003054738 ], [ 566365.771000000648201, 5928095.25900000333786 ], [ 566365.575000001117587, 5928094.790000002831221 ], [ 566346.313000001013279, 5928102.797000002115965 ] ] ] } },
{ "type": "Feature", "properties": { "gebaeude_id": "DEHHALKA7m0000Kl", "dachneig": 0.0, "dachfl_2d": 16.71, "dachfl_3d": 16.71, "area_m2": 16.7 }, "geometry": { "type": "Polygon", "coordinates": [ [ [ 566346.765000000596046, 5928088.931999998167157 ], [ 566346.81700000166893, 5928089.071000000461936 ], [ 566346.894999999552965, 5928089.041999999433756 ], [ 566347.446000000461936, 5928090.403999999165535 ], [ 566347.813999999314547, 5928091.321000002324581 ], [ 566350.787999999709427, 5928090.092000002041459 ], [ 566349.275000000372529, 5928086.641000000759959 ], [ 566342.453000000678003, 5928089.520999999716878 ], [ 566342.887000000104308, 5928090.548000002279878 ], [ 566346.765000000596046, 5928088.931999998167157 ] ] ] } },
{ "type": "Feature", "properties": { "gebaeude_id": "DEHHALKA7m0000Kl", "dachneig": 0.0, "dachfl_2d": 16.63, "dachfl_3d": 16.63, "area_m2": 16.6 }, "geometry": { "type": "Polygon", "coordinates": [ [ [ 566357.093000001274049, 5928092.737999999895692 ], [ 566354.289000000804663, 5928093.91100000217557 ], [ 566354.688000000081956, 5928094.813000002875924 ], [ 566354.549999998882413, 5928094.872000005096197 ], [ 566355.046000000089407, 5928096.125999998301268 ], [ 566355.091000000946224, 5928096.106000000610948 ], [ 566355.218000000342727, 5928096.371000001206994 ], [ 566351.386000001803041, 5928097.954000001773238 ], [ 566351.8260000012815, 5928099.009000001475215 ], [ 566358.548999999649823, 5928096.269000001251698 ], [ 566357.093000001274049, 5928092.737999999895692 ] ] ] } },
{ "type": "Feature", "properties": { "gebaeude_id": "DEHHALKA7m0000Kl", "dachneig": 0.0, "dachfl_2d": 16.381, "dachfl_3d": 16.381, "area_m2": 16.4 }, "geometry": { "type": "Polygon", "coordinates": [ [ [ 566357.951000000350177, 5928089.721000000834465 ], [ 566359.364000000990927, 5928089.146000001579523 ], [ 566356.933000000193715, 5928083.468000000342727 ], [ 566353.69400000013411, 5928084.824000000953674 ], [ 566355.089999999850988, 5928088.081000000238419 ], [ 566356.951999999582767, 5928087.29700000397861 ], [ 566357.444000001065433, 5928088.466000001877546 ], [ 566357.951000000350177, 5928089.721000000834465 ] ] ] } },
{ "type": "Feature", "properties": { "gebaeude_id": "DEHHALKA7m0000Kl", "dachneig": 0.0, "dachfl_2d": 184.149, "dachfl_3d": 184.149, "area_m2": 184.1 }, "geometry": { "type": "Polygon", "coordinates": [ [ [ 566341.067000000737607, 5928089.023000001907349 ], [ 566346.535000000149012, 5928102.258000003173947 ], [ 566365.001000000163913, 5928094.643000001087785 ], [ 566359.474999999627471, 5928081.349999999627471 ], [ 566341.067000000737607, 5928089.023000001907349 ] ], [ [ 566348.984000001102686, 5928095.537999998778105 ], [ 566349.173000000417233, 5928095.983000002801418 ], [ 566347.804999999701977, 5928096.563000002875924 ], [ 566347.61600000038743, 5928096.119000000879169 ], [ 566348.984000001102686, 5928095.537999998778105 ] ], [ [ 566350.826999999582767, 5928086.523000001907349 ], [ 566351.293999999761581, 5928086.324000002816319 ], [ 566351.958000001497567, 5928087.889000004157424 ], [ 566351.49100000038743, 5928088.08700000308454 ], [ 566350.826999999582767, 5928086.523000001907349 ] ], [ [ 566354.839000000618398, 5928088.187000000849366 ], [ 566353.344000001437962, 5928084.680000001564622 ], [ 566357.112999998964369, 5928083.128000000491738 ], [ 566359.67100000102073, 5928089.322000000625849 ], [ 566353.889999999664724, 5928091.666999999433756 ], [ 566352.789000001735985, 5928089.050000002607703 ], [ 566354.839000000618398, 5928088.187000000849366 ] ], [ [ 566351.101000001654029, 5928090.191999999806285 ], [ 566343.739000000990927, 5928093.273 ], [ 566342.106999999843538, 5928089.388000000268221 ], [ 566349.428999999538064, 5928086.289000002667308 ], [ 566351.101000001654029, 5928090.191999999806285 ] ], [ [ 566357.187000000849366, 5928092.388000000268221 ], [ 566358.895999999716878, 5928096.381000002846122 ], [ 566351.69300000090152, 5928099.383000003173947 ], [ 566350.002000000327826, 5928095.416000001132488 ], [ 566357.187000000849366, 5928092.388000000268221 ] ] ] } }
]
}
